layer,model_name,fit_stage,fold_id,status,error_message,fit_rows,predict_rows,feature_count,model_parallel_jobs,effective_model_parallel_jobs,model_inner_max_threads,scheduler_mode,model_position,model_count,worker_pid,started_at,elapsed_seconds,finished_at,window_id,iteration
layer_1,LDA,oof,0.0,success,,20462,9007,143,6,6,1,parallel_loky,1,17,85548,2026-07-28 17:39:57+0800,0.4242781999999998,2026-07-28 17:39:58+0800,1,1
layer_1,QDA,oof,0.0,success,,20462,9007,143,6,6,1,parallel_loky,2,17,85548,2026-07-28 17:39:58+0800,0.30206340000000154,2026-07-28 17:39:58+0800,1,1
layer_1,Logit,oof,0.0,success,,20462,9007,143,6,6,1,parallel_loky,3,17,106084,2026-07-28 17:39:54+0800,15.793191400000001,2026-07-28 17:40:10+0800,1,1
layer_1,Probit,oof,0.0,success,,20462,9007,143,6,6,1,parallel_loky,4,17,106084,2026-07-28 17:39:52+0800,1.898603200000001,2026-07-28 17:39:54+0800,1,1
layer_1,NaiveBayes,oof,0.0,success,,20462,9007,143,6,6,1,parallel_loky,5,17,85548,2026-07-28 17:39:58+0800,0.08214579999999927,2026-07-28 17:39:58+0800,1,1
layer_1,Tree-ID3,oof,0.0,success,,20462,9007,143,6,6,1,parallel_loky,6,17,85548,2026-07-28 17:39:58+0800,3.359808299999999,2026-07-28 17:40:01+0800,1,1
layer_1,Tree-C4.5,oof,0.0,success,,20462,9007,143,6,6,1,parallel_loky,7,17,87260,2026-07-28 17:39:59+0800,3.4290237999999995,2026-07-28 17:40:03+0800,1,1
layer_1,Tree-CART,oof,0.0,success,,20462,9007,143,6,6,1,parallel_loky,8,17,85548,2026-07-28 17:40:01+0800,3.398507200000001,2026-07-28 17:40:05+0800,1,1
layer_1,FNN1,oof,0.0,success,,20462,9007,143,6,6,1,parallel_loky,9,17,106084,2026-07-28 17:39:45+0800,6.5558116,2026-07-28 17:39:52+0800,1,1
layer_1,FNN2,oof,0.0,success,,20462,9007,143,6,6,1,parallel_loky,10,17,85548,2026-07-28 17:39:45+0800,9.3889531,2026-07-28 17:39:55+0800,1,1
layer_1,FNN3,oof,0.0,success,,20462,9007,143,6,6,1,parallel_loky,11,17,87260,2026-07-28 17:39:45+0800,11.6805886,2026-07-28 17:39:57+0800,1,1
layer_1,SVM-Lin,oof,0.0,success,,20462,9007,143,6,6,1,parallel_loky,12,17,94596,2026-07-28 17:39:45+0800,233.35668629999998,2026-07-28 17:43:39+0800,1,1
layer_1,SVM-Poly,oof,0.0,success,,20462,9007,143,6,6,1,parallel_loky,13,17,106596,2026-07-28 17:39:45+0800,50.9020824,2026-07-28 17:40:36+0800,1,1
layer_1,SVM-RBF,oof,0.0,success,,20462,9007,143,6,6,1,parallel_loky,14,17,107984,2026-07-28 17:39:45+0800,62.210812,2026-07-28 17:40:48+0800,1,1
layer_1,KNN,oof,0.0,success,,20462,9007,143,6,6,1,parallel_loky,15,17,87260,2026-07-28 17:39:57+0800,2.1369299,2026-07-28 17:39:59+0800,1,1
layer_1,NCA,oof,0.0,success,,20462,9007,143,6,1,1,exclusive_spawn,16,17,88520,2026-07-28 17:27:42+0800,722.4277336,2026-07-28 17:39:44+0800,1,1
layer_1,ITML,oof,0.0,success,,20462,9007,143,6,6,1,parallel_loky,17,17,85548,2026-07-28 17:39:55+0800,2.3846314999999993,2026-07-28 17:39:57+0800,1,1
layer_1,LDA,oof,1.0,success,,19597,9872,143,6,6,1,parallel_loky,1,17,87296,2026-07-28 18:24:40+0800,0.40214060000000096,2026-07-28 18:24:40+0800,1,1
layer_1,QDA,oof,1.0,success,,19597,9872,143,6,6,1,parallel_loky,2,17,87296,2026-07-28 18:24:40+0800,0.29865090000000016,2026-07-28 18:24:41+0800,1,1
layer_1,Logit,oof,1.0,success,,19597,9872,143,6,6,1,parallel_loky,3,17,94856,2026-07-28 18:24:37+0800,18.3284076,2026-07-28 18:24:55+0800,1,1
layer_1,Probit,oof,1.0,success,,19597,9872,143,6,6,1,parallel_loky,4,17,94856,2026-07-28 18:24:35+0800,1.7014687999999998,2026-07-28 18:24:37+0800,1,1
layer_1,NaiveBayes,oof,1.0,success,,19597,9872,143,6,6,1,parallel_loky,5,17,87296,2026-07-28 18:24:41+0800,0.07878069999999937,2026-07-28 18:24:41+0800,1,1
layer_1,Tree-ID3,oof,1.0,success,,19597,9872,143,6,6,1,parallel_loky,6,17,87296,2026-07-28 18:24:41+0800,3.710027499999999,2026-07-28 18:24:45+0800,1,1
layer_1,Tree-C4.5,oof,1.0,success,,19597,9872,143,6,6,1,parallel_loky,7,17,92460,2026-07-28 18:24:42+0800,3.6289091000000013,2026-07-28 18:24:45+0800,1,1
layer_1,Tree-CART,oof,1.0,success,,19597,9872,143,6,6,1,parallel_loky,8,17,87296,2026-07-28 18:24:45+0800,3.448369500000002,2026-07-28 18:24:48+0800,1,1
layer_1,FNN1,oof,1.0,success,,19597,9872,143,6,6,1,parallel_loky,9,17,94856,2026-07-28 18:24:29+0800,5.994283,2026-07-28 18:24:35+0800,1,1
layer_1,FNN2,oof,1.0,success,,19597,9872,143,6,6,1,parallel_loky,10,17,87296,2026-07-28 18:24:29+0800,8.407766899999999,2026-07-28 18:24:38+0800,1,1
layer_1,FNN3,oof,1.0,success,,19597,9872,143,6,6,1,parallel_loky,11,17,92460,2026-07-28 18:24:29+0800,10.4580372,2026-07-28 18:24:40+0800,1,1
layer_1,SVM-Lin,oof,1.0,success,,19597,9872,143,6,6,1,parallel_loky,12,17,99600,2026-07-28 18:24:29+0800,112.3176124,2026-07-28 18:26:21+0800,1,1
layer_1,SVM-Poly,oof,1.0,success,,19597,9872,143,6,6,1,parallel_loky,13,17,82920,2026-07-28 18:24:29+0800,44.8616592,2026-07-28 18:25:14+0800,1,1
layer_1,SVM-RBF,oof,1.0,success,,19597,9872,143,6,6,1,parallel_loky,14,17,105200,2026-07-28 18:24:29+0800,57.4943229,2026-07-28 18:25:27+0800,1,1
layer_1,KNN,oof,1.0,success,,19597,9872,143,6,6,1,parallel_loky,15,17,92460,2026-07-28 18:24:40+0800,2.0816836,2026-07-28 18:24:42+0800,1,1
layer_1,NCA,oof,1.0,success,,19597,9872,143,6,1,1,exclusive_spawn,16,17,105656,2026-07-28 17:43:41+0800,2447.4456263,2026-07-28 18:24:28+0800,1,1
layer_1,ITML,oof,1.0,success,,19597,9872,143,6,6,1,parallel_loky,17,17,87296,2026-07-28 18:24:38+0800,2.3817562,2026-07-28 18:24:40+0800,1,1
layer_1,LDA,oof,2.0,success,,18879,10590,143,6,6,1,parallel_loky,1,17,86788,2026-07-28 19:03:06+0800,0.38600800000000035,2026-07-28 19:03:06+0800,1,1
layer_1,QDA,oof,2.0,success,,18879,10590,143,6,6,1,parallel_loky,2,17,86788,2026-07-28 19:03:06+0800,0.29820589999999925,2026-07-28 19:03:07+0800,1,1
layer_1,Logit,oof,2.0,success,,18879,10590,143,6,6,1,parallel_loky,3,17,88532,2026-07-28 19:03:03+0800,13.172237099999998,2026-07-28 19:03:16+0800,1,1
layer_1,Probit,oof,2.0,success,,18879,10590,143,6,6,1,parallel_loky,4,17,88532,2026-07-28 19:03:01+0800,1.6242166000000005,2026-07-28 19:03:03+0800,1,1
layer_1,NaiveBayes,oof,2.0,success,,18879,10590,143,6,6,1,parallel_loky,5,17,86788,2026-07-28 19:03:07+0800,0.08379970000000014,2026-07-28 19:03:07+0800,1,1
layer_1,Tree-ID3,oof,2.0,success,,18879,10590,143,6,6,1,parallel_loky,6,17,86788,2026-07-28 19:03:07+0800,3.792739900000001,2026-07-28 19:03:10+0800,1,1
layer_1,Tree-C4.5,oof,2.0,success,,18879,10590,143,6,6,1,parallel_loky,7,17,80492,2026-07-28 19:03:08+0800,3.8257537,2026-07-28 19:03:11+0800,1,1
layer_1,Tree-CART,oof,2.0,success,,18879,10590,143,6,6,1,parallel_loky,8,17,86788,2026-07-28 19:03:10+0800,3.597633799999997,2026-07-28 19:03:14+0800,1,1
layer_1,FNN1,oof,2.0,success,,18879,10590,143,6,6,1,parallel_loky,9,17,88532,2026-07-28 19:02:55+0800,5.7655352,2026-07-28 19:03:01+0800,1,1
layer_1,FNN2,oof,2.0,success,,18879,10590,143,6,6,1,parallel_loky,10,17,86788,2026-07-28 19:02:55+0800,8.0825284,2026-07-28 19:03:03+0800,1,1
layer_1,FNN3,oof,2.0,success,,18879,10590,143,6,6,1,parallel_loky,11,17,80492,2026-07-28 19:02:55+0800,10.0420261,2026-07-28 19:03:05+0800,1,1
layer_1,SVM-Lin,oof,2.0,success,,18879,10590,143,6,6,1,parallel_loky,12,17,99820,2026-07-28 19:02:55+0800,110.4216646,2026-07-28 19:04:46+0800,1,1
layer_1,SVM-Poly,oof,2.0,success,,18879,10590,143,6,6,1,parallel_loky,13,17,105760,2026-07-28 19:02:55+0800,41.6444708,2026-07-28 19:03:37+0800,1,1
layer_1,SVM-RBF,oof,2.0,success,,18879,10590,143,6,6,1,parallel_loky,14,17,95368,2026-07-28 19:02:55+0800,53.926631900000004,2026-07-28 19:03:49+0800,1,1
layer_1,KNN,oof,2.0,success,,18879,10590,143,6,6,1,parallel_loky,15,17,80492,2026-07-28 19:03:05+0800,2.148351700000001,2026-07-28 19:03:07+0800,1,1
layer_1,NCA,oof,2.0,success,,18879,10590,143,6,1,1,exclusive_spawn,16,17,84952,2026-07-28 18:26:23+0800,2190.8747829,2026-07-28 19:02:54+0800,1,1
layer_1,ITML,oof,2.0,success,,18879,10590,143,6,6,1,parallel_loky,17,17,86788,2026-07-28 19:03:03+0800,2.4706756,2026-07-28 19:03:06+0800,1,1
layer_1,LDA,full_train,,success,,29469,2892,143,6,6,1,parallel_loky,1,17,79800,2026-07-28 21:06:41+0800,0.8029139000000001,2026-07-28 21:06:42+0800,1,1
layer_1,QDA,full_train,,success,,29469,2892,143,6,6,1,parallel_loky,2,17,79800,2026-07-28 21:06:42+0800,0.5232817000000018,2026-07-28 21:06:42+0800,1,1
layer_1,Logit,full_train,,success,,29469,2892,143,6,6,1,parallel_loky,3,17,99168,2026-07-28 21:06:36+0800,26.9050254,2026-07-28 21:07:03+0800,1,1
layer_1,Probit,full_train,,success,,29469,2892,143,6,6,1,parallel_loky,4,17,99168,2026-07-28 21:06:32+0800,3.761149399999999,2026-07-28 21:06:36+0800,1,1
layer_1,NaiveBayes,full_train,,success,,29469,2892,143,6,6,1,parallel_loky,5,17,79800,2026-07-28 21:06:42+0800,0.07903149999999926,2026-07-28 21:06:42+0800,1,1
layer_1,Tree-ID3,full_train,,success,,29469,2892,143,6,6,1,parallel_loky,6,17,79800,2026-07-28 21:06:42+0800,5.9514985,2026-07-28 21:06:48+0800,1,1
layer_1,Tree-C4.5,full_train,,success,,29469,2892,143,6,6,1,parallel_loky,7,17,107336,2026-07-28 21:06:42+0800,6.120799299999998,2026-07-28 21:06:49+0800,1,1
layer_1,Tree-CART,full_train,,success,,29469,2892,143,6,6,1,parallel_loky,8,17,79800,2026-07-28 21:06:48+0800,5.8370158,2026-07-28 21:06:54+0800,1,1
layer_1,FNN1,full_train,,success,,29469,2892,143,6,6,1,parallel_loky,9,17,99168,2026-07-28 21:06:19+0800,12.648748300000001,2026-07-28 21:06:32+0800,1,1
layer_1,FNN2,full_train,,success,,29469,2892,143,6,6,1,parallel_loky,10,17,79800,2026-07-28 21:06:19+0800,17.7167957,2026-07-28 21:06:37+0800,1,1
layer_1,FNN3,full_train,,success,,29469,2892,143,6,6,1,parallel_loky,11,17,107336,2026-07-28 21:06:19+0800,23.1134546,2026-07-28 21:06:42+0800,1,1
layer_1,SVM-Lin,full_train,,success,,29469,2892,143,6,6,1,parallel_loky,12,17,96352,2026-07-28 21:06:19+0800,589.6800797999999,2026-07-28 21:16:09+0800,1,1
layer_1,SVM-Poly,full_train,,success,,29469,2892,143,6,6,1,parallel_loky,13,17,107268,2026-07-28 21:06:19+0800,123.3332645,2026-07-28 21:08:23+0800,1,1
layer_1,SVM-RBF,full_train,,success,,29469,2892,143,6,6,1,parallel_loky,14,17,98856,2026-07-28 21:06:19+0800,115.98162690000001,2026-07-28 21:08:15+0800,1,1
layer_1,KNN,full_train,,success,,29469,2892,143,6,6,1,parallel_loky,15,17,79800,2026-07-28 21:06:39+0800,1.628081599999998,2026-07-28 21:06:41+0800,1,1
layer_1,NCA,full_train,,success,,29469,2892,143,6,1,1,exclusive_spawn,16,17,96172,2026-07-28 19:04:48+0800,7288.9657065,2026-07-28 21:06:17+0800,1,1
layer_1,ITML,full_train,,success,,29469,2892,143,6,6,1,parallel_loky,17,17,79800,2026-07-28 21:06:37+0800,2.2342395999999987,2026-07-28 21:06:39+0800,1,1
layer_2,LDA,full_train,,success,,29469,2892,17,6,6,1,parallel_loky,1,17,101716,2026-07-28 21:53:30+0800,0.04328049999999983,2026-07-28 21:53:30+0800,1,1
layer_2,QDA,full_train,,success,,29469,2892,17,6,6,1,parallel_loky,2,17,101716,2026-07-28 21:53:30+0800,0.022448600000000596,2026-07-28 21:53:30+0800,1,1
layer_2,Logit,full_train,,success,,29469,2892,17,6,6,1,parallel_loky,3,17,101716,2026-07-28 21:53:29+0800,0.09729870000000052,2026-07-28 21:53:29+0800,1,1
layer_2,Probit,full_train,,success,,29469,2892,17,6,6,1,parallel_loky,4,17,101716,2026-07-28 21:53:29+0800,0.23664990000000063,2026-07-28 21:53:29+0800,1,1
layer_2,NaiveBayes,full_train,,success,,29469,2892,17,6,6,1,parallel_loky,5,17,101716,2026-07-28 21:53:30+0800,0.00937629999999956,2026-07-28 21:53:30+0800,1,1
layer_2,Tree-ID3,full_train,,success,,29469,2892,17,6,6,1,parallel_loky,6,17,101716,2026-07-28 21:53:30+0800,0.0790254000000008,2026-07-28 21:53:31+0800,1,1
layer_2,Tree-C4.5,full_train,,success,,29469,2892,17,6,6,1,parallel_loky,7,17,101716,2026-07-28 21:53:31+0800,0.06970019999999977,2026-07-28 21:53:31+0800,1,1
layer_2,Tree-CART,full_train,,success,,29469,2892,17,6,6,1,parallel_loky,8,17,101716,2026-07-28 21:53:31+0800,0.07049010000000067,2026-07-28 21:53:31+0800,1,1
layer_2,FNN1,full_train,,success,,29469,2892,17,6,6,1,parallel_loky,9,17,101716,2026-07-28 21:53:23+0800,5.690775,2026-07-28 21:53:29+0800,1,1
layer_2,FNN2,full_train,,success,,29469,2892,17,6,6,1,parallel_loky,10,17,105556,2026-07-28 21:53:23+0800,9.2843743,2026-07-28 21:53:32+0800,1,1
layer_2,FNN3,full_train,,success,,29469,2892,17,6,6,1,parallel_loky,11,17,101228,2026-07-28 21:53:23+0800,12.878028800000001,2026-07-28 21:53:36+0800,1,1
layer_2,SVM-Lin,full_train,,success,,29469,2892,17,6,6,1,parallel_loky,12,17,104368,2026-07-28 21:53:23+0800,17.0453665,2026-07-28 21:53:40+0800,1,1
layer_2,SVM-Poly,full_train,,success,,29469,2892,17,6,6,1,parallel_loky,13,17,87256,2026-07-28 21:53:23+0800,15.4453097,2026-07-28 21:53:39+0800,1,1
layer_2,SVM-RBF,full_train,,success,,29469,2892,17,6,6,1,parallel_loky,14,17,95576,2026-07-28 21:53:23+0800,14.0223196,2026-07-28 21:53:37+0800,1,1
layer_2,KNN,full_train,,success,,29469,2892,17,6,6,1,parallel_loky,15,17,101716,2026-07-28 21:53:30+0800,0.2581281999999998,2026-07-28 21:53:30+0800,1,1
layer_2,NCA,full_train,,success,,29469,2892,17,6,1,1,exclusive_spawn,16,17,85028,2026-07-28 21:16:10+0800,2230.2874851,2026-07-28 21:53:20+0800,1,1
layer_2,ITML,full_train,,success,,29469,2892,17,6,6,1,parallel_loky,17,17,101716,2026-07-28 21:53:29+0800,0.8970780000000005,2026-07-28 21:53:30+0800,1,1
layer_1,LDA,oof,0.0,success,,20752,9007,143,6,6,1,parallel_loky,1,17,102760,2026-07-28 22:41:57+0800,0.486685099999999,2026-07-28 22:41:57+0800,1,2
layer_1,QDA,oof,0.0,success,,20752,9007,143,6,6,1,parallel_loky,2,17,102760,2026-07-28 22:41:57+0800,0.35992650000000026,2026-07-28 22:41:57+0800,1,2
layer_1,Logit,oof,0.0,success,,20752,9007,143,6,6,1,parallel_loky,3,17,92588,2026-07-28 22:41:52+0800,14.329084400000001,2026-07-28 22:42:06+0800,1,2
layer_1,Probit,oof,0.0,success,,20752,9007,143,6,6,1,parallel_loky,4,17,92588,2026-07-28 22:41:50+0800,2.3422638000000013,2026-07-28 22:41:52+0800,1,2
layer_1,NaiveBayes,oof,0.0,success,,20752,9007,143,6,6,1,parallel_loky,5,17,102760,2026-07-28 22:41:57+0800,0.07830530000000024,2026-07-28 22:41:57+0800,1,2
layer_1,Tree-ID3,oof,0.0,success,,20752,9007,143,6,6,1,parallel_loky,6,17,102760,2026-07-28 22:41:57+0800,3.687576400000001,2026-07-28 22:42:01+0800,1,2
layer_1,Tree-C4.5,oof,0.0,success,,20752,9007,143,6,6,1,parallel_loky,7,17,83336,2026-07-28 22:41:59+0800,3.6605670000000003,2026-07-28 22:42:03+0800,1,2
layer_1,Tree-CART,oof,0.0,success,,20752,9007,143,6,6,1,parallel_loky,8,17,102760,2026-07-28 22:42:01+0800,3.7289567000000012,2026-07-28 22:42:05+0800,1,2
layer_1,FNN1,oof,0.0,success,,20752,9007,143,6,6,1,parallel_loky,9,17,92588,2026-07-28 22:41:41+0800,8.296740999999999,2026-07-28 22:41:50+0800,1,2
layer_1,FNN2,oof,0.0,success,,20752,9007,143,6,6,1,parallel_loky,10,17,102760,2026-07-28 22:41:41+0800,11.719450199999999,2026-07-28 22:41:53+0800,1,2
layer_1,FNN3,oof,0.0,success,,20752,9007,143,6,6,1,parallel_loky,11,17,83336,2026-07-28 22:41:41+0800,14.5553701,2026-07-28 22:41:56+0800,1,2
layer_1,SVM-Lin,oof,0.0,success,,20752,9007,143,6,6,1,parallel_loky,12,17,105344,2026-07-28 22:41:41+0800,287.2360761,2026-07-28 22:46:29+0800,1,2
layer_1,SVM-Poly,oof,0.0,success,,20752,9007,143,6,6,1,parallel_loky,13,17,85108,2026-07-28 22:41:41+0800,62.806714400000004,2026-07-28 22:42:44+0800,1,2
layer_1,SVM-RBF,oof,0.0,success,,20752,9007,143,6,6,1,parallel_loky,14,17,83928,2026-07-28 22:41:41+0800,57.2980338,2026-07-28 22:42:39+0800,1,2
layer_1,KNN,oof,0.0,success,,20752,9007,143,6,6,1,parallel_loky,15,17,83336,2026-07-28 22:41:56+0800,2.8777931999999993,2026-07-28 22:41:59+0800,1,2
layer_1,NCA,oof,0.0,success,,20752,9007,143,6,1,1,exclusive_spawn,16,17,104460,2026-07-28 21:53:43+0800,2877.6970687999997,2026-07-28 22:41:40+0800,1,2
layer_1,ITML,oof,0.0,success,,20752,9007,143,6,6,1,parallel_loky,17,17,102760,2026-07-28 22:41:53+0800,3.3004257,2026-07-28 22:41:57+0800,1,2
layer_1,LDA,oof,1.0,success,,19887,9872,143,6,6,1,parallel_loky,1,17,94040,2026-07-28 23:28:57+0800,0.44798469999999924,2026-07-28 23:28:58+0800,1,2
layer_1,QDA,oof,1.0,success,,19887,9872,143,6,6,1,parallel_loky,2,17,94040,2026-07-28 23:28:58+0800,0.3449869000000003,2026-07-28 23:28:58+0800,1,2
layer_1,Logit,oof,1.0,success,,19887,9872,143,6,6,1,parallel_loky,3,17,98512,2026-07-28 23:28:53+0800,15.5582789,2026-07-28 23:29:08+0800,1,2
layer_1,Probit,oof,1.0,success,,19887,9872,143,6,6,1,parallel_loky,4,17,98512,2026-07-28 23:28:50+0800,2.2296791999999996,2026-07-28 23:28:53+0800,1,2
layer_1,NaiveBayes,oof,1.0,success,,19887,9872,143,6,6,1,parallel_loky,5,17,94040,2026-07-28 23:28:58+0800,0.07625600000000077,2026-07-28 23:28:58+0800,1,2
layer_1,Tree-ID3,oof,1.0,success,,19887,9872,143,6,6,1,parallel_loky,6,17,94040,2026-07-28 23:28:58+0800,4.0693473000000004,2026-07-28 23:29:02+0800,1,2
layer_1,Tree-C4.5,oof,1.0,success,,19887,9872,143,6,6,1,parallel_loky,7,17,93124,2026-07-28 23:28:59+0800,4.105423999999999,2026-07-28 23:29:04+0800,1,2
layer_1,Tree-CART,oof,1.0,success,,19887,9872,143,6,6,1,parallel_loky,8,17,94040,2026-07-28 23:29:02+0800,3.731535400000002,2026-07-28 23:29:06+0800,1,2
layer_1,FNN1,oof,1.0,success,,19887,9872,143,6,6,1,parallel_loky,9,17,98512,2026-07-28 23:28:43+0800,7.7029004,2026-07-28 23:28:50+0800,1,2
layer_1,FNN2,oof,1.0,success,,19887,9872,143,6,6,1,parallel_loky,10,17,94040,2026-07-28 23:28:43+0800,10.996220099999999,2026-07-28 23:28:54+0800,1,2
layer_1,FNN3,oof,1.0,success,,19887,9872,143,6,6,1,parallel_loky,11,17,93124,2026-07-28 23:28:43+0800,13.872369899999999,2026-07-28 23:28:56+0800,1,2
layer_1,SVM-Lin,oof,1.0,success,,19887,9872,143,6,6,1,parallel_loky,12,17,104356,2026-07-28 23:28:43+0800,144.9075818,2026-07-28 23:31:07+0800,1,2
layer_1,SVM-Poly,oof,1.0,success,,19887,9872,143,6,6,1,parallel_loky,13,17,98252,2026-07-28 23:28:43+0800,56.972974,2026-07-28 23:29:40+0800,1,2
layer_1,SVM-RBF,oof,1.0,success,,19887,9872,143,6,6,1,parallel_loky,14,17,108460,2026-07-28 23:28:43+0800,54.594837999999996,2026-07-28 23:29:37+0800,1,2
layer_1,KNN,oof,1.0,success,,19887,9872,143,6,6,1,parallel_loky,15,17,93124,2026-07-28 23:28:56+0800,2.915365699999999,2026-07-28 23:28:59+0800,1,2
layer_1,NCA,oof,1.0,success,,19887,9872,143,6,1,1,exclusive_spawn,16,17,101356,2026-07-28 22:46:31+0800,2530.7189748,2026-07-28 23:28:42+0800,1,2
layer_1,ITML,oof,1.0,success,,19887,9872,143,6,6,1,parallel_loky,17,17,94040,2026-07-28 23:28:54+0800,3.4922088000000002,2026-07-28 23:28:57+0800,1,2
layer_1,LDA,oof,2.0,success,,18879,10880,143,6,6,1,parallel_loky,1,17,85180,2026-07-29 00:05:03+0800,0.44493699999999947,2026-07-29 00:05:03+0800,1,2
layer_1,QDA,oof,2.0,success,,18879,10880,143,6,6,1,parallel_loky,2,17,85180,2026-07-29 00:05:03+0800,0.3397503000000004,2026-07-29 00:05:04+0800,1,2
layer_1,Logit,oof,2.0,success,,18879,10880,143,6,6,1,parallel_loky,3,17,91200,2026-07-29 00:04:58+0800,12.165349899999999,2026-07-29 00:05:11+0800,1,2
layer_1,Probit,oof,2.0,success,,18879,10880,143,6,6,1,parallel_loky,4,17,91200,2026-07-29 00:04:56+0800,2.1160645000000002,2026-07-29 00:04:58+0800,1,2
layer_1,NaiveBayes,oof,2.0,success,,18879,10880,143,6,6,1,parallel_loky,5,17,85180,2026-07-29 00:05:04+0800,0.06790690000000055,2026-07-29 00:05:04+0800,1,2
layer_1,Tree-ID3,oof,2.0,success,,18879,10880,143,6,6,1,parallel_loky,6,17,85180,2026-07-29 00:05:04+0800,4.1707097000000015,2026-07-29 00:05:08+0800,1,2
layer_1,Tree-C4.5,oof,2.0,success,,18879,10880,143,6,6,1,parallel_loky,7,17,105144,2026-07-29 00:05:05+0800,4.166936400000001,2026-07-29 00:05:09+0800,1,2
layer_1,Tree-CART,oof,2.0,success,,18879,10880,143,6,6,1,parallel_loky,8,17,85180,2026-07-29 00:05:08+0800,3.694814700000002,2026-07-29 00:05:12+0800,1,2
layer_1,FNN1,oof,2.0,success,,18879,10880,143,6,6,1,parallel_loky,9,17,91200,2026-07-29 00:04:49+0800,7.3732335,2026-07-29 00:04:56+0800,1,2
layer_1,FNN2,oof,2.0,success,,18879,10880,143,6,6,1,parallel_loky,10,17,85180,2026-07-29 00:04:49+0800,10.4582576,2026-07-29 00:04:59+0800,1,2
layer_1,FNN3,oof,2.0,success,,18879,10880,143,6,6,1,parallel_loky,11,17,105144,2026-07-29 00:04:49+0800,13.3188003,2026-07-29 00:05:02+0800,1,2
layer_1,SVM-Lin,oof,2.0,success,,18879,10880,143,6,6,1,parallel_loky,12,17,100712,2026-07-29 00:04:49+0800,133.5322992,2026-07-29 00:07:02+0800,1,2
layer_1,SVM-Poly,oof,2.0,success,,18879,10880,143,6,6,1,parallel_loky,13,17,89840,2026-07-29 00:04:49+0800,52.5235579,2026-07-29 00:05:41+0800,1,2
layer_1,SVM-RBF,oof,2.0,success,,18879,10880,143,6,6,1,parallel_loky,14,17,90916,2026-07-29 00:04:49+0800,49.552384,2026-07-29 00:05:38+0800,1,2
layer_1,KNN,oof,2.0,success,,18879,10880,143,6,6,1,parallel_loky,15,17,105144,2026-07-29 00:05:02+0800,3.0026267000000004,2026-07-29 00:05:05+0800,1,2
layer_1,NCA,oof,2.0,success,,18879,10880,143,6,1,1,exclusive_spawn,16,17,100200,2026-07-28 23:31:10+0800,2018.325759,2026-07-29 00:04:48+0800,1,2
layer_1,ITML,oof,2.0,success,,18879,10880,143,6,6,1,parallel_loky,17,17,85180,2026-07-29 00:04:59+0800,3.4781035000000013,2026-07-29 00:05:03+0800,1,2
layer_1,LDA,full_train,,success,,29759,2602,143,6,6,1,parallel_loky,1,17,52276,2026-07-29 02:14:33+0800,0.689918699999998,2026-07-29 02:14:34+0800,1,2
layer_1,QDA,full_train,,success,,29759,2602,143,6,6,1,parallel_loky,2,17,52276,2026-07-29 02:14:34+0800,0.42861549999999937,2026-07-29 02:14:34+0800,1,2
layer_1,Logit,full_train,,success,,29759,2602,143,6,6,1,parallel_loky,3,17,86496,2026-07-29 02:14:31+0800,24.517813599999997,2026-07-29 02:14:55+0800,1,2
layer_1,Probit,full_train,,success,,29759,2602,143,6,6,1,parallel_loky,4,17,86496,2026-07-29 02:14:27+0800,3.3168185,2026-07-29 02:14:31+0800,1,2
layer_1,NaiveBayes,full_train,,success,,29759,2602,143,6,6,1,parallel_loky,5,17,95288,2026-07-29 02:14:34+0800,0.07307189999999864,2026-07-29 02:14:34+0800,1,2
layer_1,Tree-ID3,full_train,,success,,29759,2602,143,6,6,1,parallel_loky,6,17,95288,2026-07-29 02:14:34+0800,5.722353399999999,2026-07-29 02:14:40+0800,1,2
layer_1,Tree-C4.5,full_train,,success,,29759,2602,143,6,6,1,parallel_loky,7,17,52276,2026-07-29 02:14:34+0800,5.636864300000003,2026-07-29 02:14:40+0800,1,2
layer_1,Tree-CART,full_train,,success,,29759,2602,143,6,6,1,parallel_loky,8,17,95288,2026-07-29 02:14:40+0800,5.103545099999998,2026-07-29 02:14:45+0800,1,2
layer_1,FNN1,full_train,,success,,29759,2602,143,6,6,1,parallel_loky,9,17,86496,2026-07-29 02:14:19+0800,8.686857100000001,2026-07-29 02:14:27+0800,1,2
layer_1,FNN2,full_train,,success,,29759,2602,143,6,6,1,parallel_loky,10,17,52276,2026-07-29 02:14:19+0800,12.2499976,2026-07-29 02:14:31+0800,1,2
layer_1,FNN3,full_train,,success,,29759,2602,143,6,6,1,parallel_loky,11,17,95288,2026-07-29 02:14:19+0800,15.428484100000002,2026-07-29 02:14:34+0800,1,2
layer_1,SVM-Lin,full_train,,success,,29759,2602,143,6,6,1,parallel_loky,12,17,102212,2026-07-29 02:14:19+0800,530.3281304999999,2026-07-29 02:23:09+0800,1,2
layer_1,SVM-Poly,full_train,,success,,29759,2602,143,6,6,1,parallel_loky,13,17,95016,2026-07-29 02:14:19+0800,132.1024246,2026-07-29 02:16:31+0800,1,2
layer_1,SVM-RBF,full_train,,success,,29759,2602,143,6,6,1,parallel_loky,14,17,101624,2026-07-29 02:14:19+0800,121.0292037,2026-07-29 02:16:20+0800,1,2
layer_1,KNN,full_train,,success,,29759,2602,143,6,6,1,parallel_loky,15,17,52276,2026-07-29 02:14:32+0800,0.8744186000000003,2026-07-29 02:14:33+0800,1,2
layer_1,NCA,full_train,,success,,29759,2602,143,6,1,1,exclusive_spawn,16,17,83176,2026-07-29 00:07:05+0800,7630.536662,2026-07-29 02:14:17+0800,1,2
layer_1,ITML,full_train,,success,,29759,2602,143,6,6,1,parallel_loky,17,17,52276,2026-07-29 02:14:31+0800,1.279739600000001,2026-07-29 02:14:32+0800,1,2
layer_2,LDA,full_train,,success,,29759,2602,17,6,6,1,parallel_loky,1,17,91900,2026-07-29 02:57:56+0800,0.0396415999999995,2026-07-29 02:57:56+0800,1,2
layer_2,QDA,full_train,,success,,29759,2602,17,6,6,1,parallel_loky,2,17,91900,2026-07-29 02:57:56+0800,0.018976600000000232,2026-07-29 02:57:56+0800,1,2
layer_2,Logit,full_train,,success,,29759,2602,17,6,6,1,parallel_loky,3,17,91900,2026-07-29 02:57:55+0800,0.08478600000000025,2026-07-29 02:57:55+0800,1,2
layer_2,Probit,full_train,,success,,29759,2602,17,6,6,1,parallel_loky,4,17,91900,2026-07-29 02:57:55+0800,0.19295910000000038,2026-07-29 02:57:55+0800,1,2
layer_2,NaiveBayes,full_train,,success,,29759,2602,17,6,6,1,parallel_loky,5,17,91900,2026-07-29 02:57:56+0800,0.00871870000000019,2026-07-29 02:57:56+0800,1,2
layer_2,Tree-ID3,full_train,,success,,29759,2602,17,6,6,1,parallel_loky,6,17,91900,2026-07-29 02:57:56+0800,0.06905099999999997,2026-07-29 02:57:56+0800,1,2
layer_2,Tree-C4.5,full_train,,success,,29759,2602,17,6,6,1,parallel_loky,7,17,91900,2026-07-29 02:57:56+0800,0.06415249999999961,2026-07-29 02:57:56+0800,1,2
layer_2,Tree-CART,full_train,,success,,29759,2602,17,6,6,1,parallel_loky,8,17,91900,2026-07-29 02:57:56+0800,0.06117069999999991,2026-07-29 02:57:56+0800,1,2
layer_2,FNN1,full_train,,success,,29759,2602,17,6,6,1,parallel_loky,9,17,91900,2026-07-29 02:57:50+0800,4.1590442,2026-07-29 02:57:55+0800,1,2
layer_2,FNN2,full_train,,success,,29759,2602,17,6,6,1,parallel_loky,10,17,99020,2026-07-29 02:57:50+0800,7.839987499999999,2026-07-29 02:57:58+0800,1,2
layer_2,FNN3,full_train,,success,,29759,2602,17,6,6,1,parallel_loky,11,17,100288,2026-07-29 02:57:50+0800,10.5567721,2026-07-29 02:58:01+0800,1,2
layer_2,SVM-Lin,full_train,,success,,29759,2602,17,6,6,1,parallel_loky,12,17,107964,2026-07-29 02:57:50+0800,13.7264796,2026-07-29 02:58:04+0800,1,2
layer_2,SVM-Poly,full_train,,success,,29759,2602,17,6,6,1,parallel_loky,13,17,106172,2026-07-29 02:57:50+0800,13.0791592,2026-07-29 02:58:03+0800,1,2
layer_2,SVM-RBF,full_train,,success,,29759,2602,17,6,6,1,parallel_loky,14,17,94952,2026-07-29 02:57:50+0800,11.365427,2026-07-29 02:58:02+0800,1,2
layer_2,KNN,full_train,,success,,29759,2602,17,6,6,1,parallel_loky,15,17,91900,2026-07-29 02:57:56+0800,0.2339058000000005,2026-07-29 02:57:56+0800,1,2
layer_2,NCA,full_train,,success,,29759,2602,17,6,1,1,exclusive_spawn,16,17,98964,2026-07-29 02:23:10+0800,2078.4679647,2026-07-29 02:57:48+0800,1,2
layer_2,ITML,full_train,,success,,29759,2602,17,6,6,1,parallel_loky,17,17,91900,2026-07-29 02:57:55+0800,0.7170590000000008,2026-07-29 02:57:56+0800,1,2
layer_1,LDA,oof,0.0,success,,21042,9007,143,6,6,1,parallel_loky,1,17,91716,2026-07-29 03:48:02+0800,0.45448430000000073,2026-07-29 03:48:02+0800,1,3
layer_1,QDA,oof,0.0,success,,21042,9007,143,6,6,1,parallel_loky,2,17,91716,2026-07-29 03:48:02+0800,0.32156500000000143,2026-07-29 03:48:03+0800,1,3
layer_1,Logit,oof,0.0,success,,21042,9007,143,6,6,1,parallel_loky,3,17,89968,2026-07-29 03:47:58+0800,13.647021599999999,2026-07-29 03:48:12+0800,1,3
layer_1,Probit,oof,0.0,success,,21042,9007,143,6,6,1,parallel_loky,4,17,89968,2026-07-29 03:47:56+0800,2.0389051,2026-07-29 03:47:58+0800,1,3
layer_1,NaiveBayes,oof,0.0,success,,21042,9007,143,6,6,1,parallel_loky,5,17,91716,2026-07-29 03:48:03+0800,0.0689314999999997,2026-07-29 03:48:03+0800,1,3
layer_1,Tree-ID3,oof,0.0,success,,21042,9007,143,6,6,1,parallel_loky,6,17,91716,2026-07-29 03:48:03+0800,3.438132799999998,2026-07-29 03:48:06+0800,1,3
layer_1,Tree-C4.5,oof,0.0,success,,21042,9007,143,6,6,1,parallel_loky,7,17,103496,2026-07-29 03:48:04+0800,3.4520192000000005,2026-07-29 03:48:07+0800,1,3
layer_1,Tree-CART,oof,0.0,success,,21042,9007,143,6,6,1,parallel_loky,8,17,91716,2026-07-29 03:48:06+0800,3.316035199999998,2026-07-29 03:48:09+0800,1,3
layer_1,FNN1,oof,0.0,success,,21042,9007,143,6,6,1,parallel_loky,9,17,89968,2026-07-29 03:47:50+0800,5.927973300000001,2026-07-29 03:47:56+0800,1,3
layer_1,FNN2,oof,0.0,success,,21042,9007,143,6,6,1,parallel_loky,10,17,91716,2026-07-29 03:47:50+0800,8.526227899999999,2026-07-29 03:47:59+0800,1,3
layer_1,FNN3,oof,0.0,success,,21042,9007,143,6,6,1,parallel_loky,11,17,103496,2026-07-29 03:47:50+0800,10.8153594,2026-07-29 03:48:01+0800,1,3
layer_1,SVM-Lin,oof,0.0,success,,21042,9007,143,6,6,1,parallel_loky,12,17,94836,2026-07-29 03:47:50+0800,236.27823180000001,2026-07-29 03:51:47+0800,1,3
layer_1,SVM-Poly,oof,0.0,success,,21042,9007,143,6,6,1,parallel_loky,13,17,105416,2026-07-29 03:47:50+0800,51.6776896,2026-07-29 03:48:42+0800,1,3
layer_1,SVM-RBF,oof,0.0,success,,21042,9007,143,6,6,1,parallel_loky,14,17,94480,2026-07-29 03:47:50+0800,62.1664638,2026-07-29 03:48:53+0800,1,3
layer_1,KNN,oof,0.0,success,,21042,9007,143,6,6,1,parallel_loky,15,17,103496,2026-07-29 03:48:01+0800,2.222665599999999,2026-07-29 03:48:03+0800,1,3
layer_1,NCA,oof,0.0,success,,21042,9007,143,6,1,1,exclusive_spawn,16,17,108464,2026-07-29 02:58:06+0800,2983.1698139,2026-07-29 03:47:49+0800,1,3
layer_1,ITML,oof,0.0,success,,21042,9007,143,6,6,1,parallel_loky,17,17,91716,2026-07-29 03:47:59+0800,2.732675499999999,2026-07-29 03:48:02+0800,1,3
layer_1,LDA,oof,1.0,success,,20177,9872,143,6,6,1,parallel_loky,1,17,100076,2026-07-29 04:37:32+0800,0.4301672000000014,2026-07-29 04:37:32+0800,1,3
layer_1,QDA,oof,1.0,success,,20177,9872,143,6,6,1,parallel_loky,2,17,100076,2026-07-29 04:37:33+0800,0.32007029999999936,2026-07-29 04:37:33+0800,1,3
layer_1,Logit,oof,1.0,success,,20177,9872,143,6,6,1,parallel_loky,3,17,85556,2026-07-29 04:37:29+0800,14.919616699999999,2026-07-29 04:37:44+0800,1,3
layer_1,Probit,oof,1.0,success,,20177,9872,143,6,6,1,parallel_loky,4,17,85556,2026-07-29 04:37:27+0800,1.9008601,2026-07-29 04:37:29+0800,1,3
layer_1,NaiveBayes,oof,1.0,success,,20177,9872,143,6,6,1,parallel_loky,5,17,100076,2026-07-29 04:37:33+0800,0.06847180000000108,2026-07-29 04:37:33+0800,1,3
layer_1,Tree-ID3,oof,1.0,success,,20177,9872,143,6,6,1,parallel_loky,6,17,100076,2026-07-29 04:37:33+0800,3.8582464000000005,2026-07-29 04:37:37+0800,1,3
layer_1,Tree-C4.5,oof,1.0,success,,20177,9872,143,6,6,1,parallel_loky,7,17,106580,2026-07-29 04:37:34+0800,3.869194799999999,2026-07-29 04:37:38+0800,1,3
layer_1,Tree-CART,oof,1.0,success,,20177,9872,143,6,6,1,parallel_loky,8,17,100076,2026-07-29 04:37:37+0800,3.6185523999999987,2026-07-29 04:37:40+0800,1,3
layer_1,FNN1,oof,1.0,success,,20177,9872,143,6,6,1,parallel_loky,9,17,85556,2026-07-29 04:37:21+0800,5.6960753,2026-07-29 04:37:27+0800,1,3
layer_1,FNN2,oof,1.0,success,,20177,9872,143,6,6,1,parallel_loky,10,17,100076,2026-07-29 04:37:21+0800,8.3162592,2026-07-29 04:37:30+0800,1,3
layer_1,FNN3,oof,1.0,success,,20177,9872,143,6,6,1,parallel_loky,11,17,106580,2026-07-29 04:37:21+0800,10.5679161,2026-07-29 04:37:32+0800,1,3
layer_1,SVM-Lin,oof,1.0,success,,20177,9872,143,6,6,1,parallel_loky,12,17,90188,2026-07-29 04:37:21+0800,122.5110586,2026-07-29 04:39:24+0800,1,3
layer_1,SVM-Poly,oof,1.0,success,,20177,9872,143,6,6,1,parallel_loky,13,17,97140,2026-07-29 04:37:21+0800,47.6707568,2026-07-29 04:38:09+0800,1,3
layer_1,SVM-RBF,oof,1.0,success,,20177,9872,143,6,6,1,parallel_loky,14,17,99220,2026-07-29 04:37:21+0800,60.3916249,2026-07-29 04:38:22+0800,1,3
layer_1,KNN,oof,1.0,success,,20177,9872,143,6,6,1,parallel_loky,15,17,106580,2026-07-29 04:37:32+0800,2.459025500000001,2026-07-29 04:37:34+0800,1,3
layer_1,NCA,oof,1.0,success,,20177,9872,143,6,1,1,exclusive_spawn,16,17,106596,2026-07-29 03:51:49+0800,2731.8064886,2026-07-29 04:37:20+0800,1,3
layer_1,ITML,oof,1.0,success,,20177,9872,143,6,6,1,parallel_loky,17,17,100076,2026-07-29 04:37:30+0800,2.4141619,2026-07-29 04:37:32+0800,1,3
layer_1,LDA,oof,2.0,success,,18879,11170,143,6,6,1,parallel_loky,1,17,94156,2026-07-29 05:14:05+0800,0.39243899999999954,2026-07-29 05:14:05+0800,1,3
layer_1,QDA,oof,2.0,success,,18879,11170,143,6,6,1,parallel_loky,2,17,94156,2026-07-29 05:14:05+0800,0.2794319000000005,2026-07-29 05:14:05+0800,1,3
layer_1,Logit,oof,2.0,success,,18879,11170,143,6,6,1,parallel_loky,3,17,99496,2026-07-29 05:14:02+0800,12.462309000000001,2026-07-29 05:14:14+0800,1,3
layer_1,Probit,oof,2.0,success,,18879,11170,143,6,6,1,parallel_loky,4,17,99496,2026-07-29 05:14:00+0800,1.7315823000000004,2026-07-29 05:14:02+0800,1,3
layer_1,NaiveBayes,oof,2.0,success,,18879,11170,143,6,6,1,parallel_loky,5,17,94156,2026-07-29 05:14:05+0800,0.07809899999999992,2026-07-29 05:14:06+0800,1,3
layer_1,Tree-ID3,oof,2.0,success,,18879,11170,143,6,6,1,parallel_loky,6,17,94156,2026-07-29 05:14:06+0800,3.6320686999999996,2026-07-29 05:14:09+0800,1,3
layer_1,Tree-C4.5,oof,2.0,success,,18879,11170,143,6,6,1,parallel_loky,7,17,99604,2026-07-29 05:14:07+0800,3.7351339999999986,2026-07-29 05:14:10+0800,1,3
layer_1,Tree-CART,oof,2.0,success,,18879,11170,143,6,6,1,parallel_loky,8,17,94156,2026-07-29 05:14:09+0800,3.4700258999999978,2026-07-29 05:14:13+0800,1,3
layer_1,FNN1,oof,2.0,success,,18879,11170,143,6,6,1,parallel_loky,9,17,99496,2026-07-29 05:13:55+0800,5.3792245,2026-07-29 05:14:00+0800,1,3
layer_1,FNN2,oof,2.0,success,,18879,11170,143,6,6,1,parallel_loky,10,17,94156,2026-07-29 05:13:55+0800,7.657185,2026-07-29 05:14:02+0800,1,3
layer_1,FNN3,oof,2.0,success,,18879,11170,143,6,6,1,parallel_loky,11,17,99604,2026-07-29 05:13:55+0800,9.5611896,2026-07-29 05:14:04+0800,1,3
layer_1,SVM-Lin,oof,2.0,success,,18879,11170,143,6,6,1,parallel_loky,12,17,99412,2026-07-29 05:13:55+0800,106.3902825,2026-07-29 05:15:41+0800,1,3
layer_1,SVM-Poly,oof,2.0,success,,18879,11170,143,6,6,1,parallel_loky,13,17,91320,2026-07-29 05:13:55+0800,41.2948285,2026-07-29 05:14:36+0800,1,3
layer_1,SVM-RBF,oof,2.0,success,,18879,11170,143,6,6,1,parallel_loky,14,17,107396,2026-07-29 05:13:55+0800,54.0547179,2026-07-29 05:14:49+0800,1,3
layer_1,KNN,oof,2.0,success,,18879,11170,143,6,6,1,parallel_loky,15,17,99604,2026-07-29 05:14:04+0800,2.393664300000001,2026-07-29 05:14:07+0800,1,3
layer_1,NCA,oof,2.0,success,,18879,11170,143,6,1,1,exclusive_spawn,16,17,99584,2026-07-29 04:39:26+0800,2068.0111386,2026-07-29 05:13:54+0800,1,3
layer_1,ITML,oof,2.0,success,,18879,11170,143,6,6,1,parallel_loky,17,17,94156,2026-07-29 05:14:02+0800,2.4475739,2026-07-29 05:14:05+0800,1,3
layer_1,LDA,full_train,,success,,30049,2312,143,6,6,1,parallel_loky,1,17,61208,2026-07-29 07:29:15+0800,0.7273803000000001,2026-07-29 07:29:16+0800,1,3
layer_1,QDA,full_train,,success,,30049,2312,143,6,6,1,parallel_loky,2,17,61208,2026-07-29 07:29:16+0800,0.4348047000000008,2026-07-29 07:29:16+0800,1,3
layer_1,Logit,full_train,,success,,30049,2312,143,6,6,1,parallel_loky,3,17,108296,2026-07-29 07:29:13+0800,29.181313800000005,2026-07-29 07:29:42+0800,1,3
layer_1,Probit,full_train,,success,,30049,2312,143,6,6,1,parallel_loky,4,17,108296,2026-07-29 07:29:09+0800,3.2249003999999992,2026-07-29 07:29:13+0800,1,3
layer_1,NaiveBayes,full_train,,success,,30049,2312,143,6,6,1,parallel_loky,5,17,61208,2026-07-29 07:29:16+0800,0.06839609999999752,2026-07-29 07:29:17+0800,1,3
layer_1,Tree-ID3,full_train,,success,,30049,2312,143,6,6,1,parallel_loky,6,17,61208,2026-07-29 07:29:17+0800,5.4439160000000015,2026-07-29 07:29:22+0800,1,3
layer_1,Tree-C4.5,full_train,,success,,30049,2312,143,6,6,1,parallel_loky,7,17,88732,2026-07-29 07:29:17+0800,5.477215699999999,2026-07-29 07:29:22+0800,1,3
layer_1,Tree-CART,full_train,,success,,30049,2312,143,6,6,1,parallel_loky,8,17,61208,2026-07-29 07:29:22+0800,5.2699915,2026-07-29 07:29:27+0800,1,3
layer_1,FNN1,full_train,,success,,30049,2312,143,6,6,1,parallel_loky,9,17,108296,2026-07-29 07:29:01+0800,8.8710091,2026-07-29 07:29:09+0800,1,3
layer_1,FNN2,full_train,,success,,30049,2312,143,6,6,1,parallel_loky,10,17,61208,2026-07-29 07:29:01+0800,12.458934900000001,2026-07-29 07:29:13+0800,1,3
layer_1,FNN3,full_train,,success,,30049,2312,143,6,6,1,parallel_loky,11,17,88732,2026-07-29 07:29:01+0800,16.068123,2026-07-29 07:29:17+0800,1,3
layer_1,SVM-Lin,full_train,,success,,30049,2312,143,6,6,1,parallel_loky,12,17,96260,2026-07-29 07:29:01+0800,564.2922662999999,2026-07-29 07:38:25+0800,1,3
layer_1,SVM-Poly,full_train,,success,,30049,2312,143,6,6,1,parallel_loky,13,17,100420,2026-07-29 07:29:01+0800,131.95926219999998,2026-07-29 07:31:13+0800,1,3
layer_1,SVM-RBF,full_train,,success,,30049,2312,143,6,6,1,parallel_loky,14,17,86996,2026-07-29 07:29:01+0800,120.6654048,2026-07-29 07:31:01+0800,1,3
layer_1,KNN,full_train,,success,,30049,2312,143,6,6,1,parallel_loky,15,17,61208,2026-07-29 07:29:14+0800,0.7823527000000006,2026-07-29 07:29:15+0800,1,3
layer_1,NCA,full_train,,success,,30049,2312,143,6,1,1,exclusive_spawn,16,17,104364,2026-07-29 05:15:43+0800,7995.8683309,2026-07-29 07:28:59+0800,1,3
layer_1,ITML,full_train,,success,,30049,2312,143,6,6,1,parallel_loky,17,17,61208,2026-07-29 07:29:13+0800,1.4016386,2026-07-29 07:29:14+0800,1,3
layer_2,LDA,full_train,,success,,30049,2312,17,6,6,1,parallel_loky,1,17,108024,2026-07-29 08:16:49+0800,0.03828359999999975,2026-07-29 08:16:49+0800,1,3
layer_2,QDA,full_train,,success,,30049,2312,17,6,6,1,parallel_loky,2,17,108024,2026-07-29 08:16:49+0800,0.018074399999999713,2026-07-29 08:16:49+0800,1,3
layer_2,Logit,full_train,,success,,30049,2312,17,6,6,1,parallel_loky,3,17,108024,2026-07-29 08:16:48+0800,0.09307109999999952,2026-07-29 08:16:48+0800,1,3
layer_2,Probit,full_train,,success,,30049,2312,17,6,6,1,parallel_loky,4,17,108024,2026-07-29 08:16:48+0800,0.21484919999999974,2026-07-29 08:16:48+0800,1,3
layer_2,NaiveBayes,full_train,,success,,30049,2312,17,6,6,1,parallel_loky,5,17,108024,2026-07-29 08:16:49+0800,0.008812299999999773,2026-07-29 08:16:49+0800,1,3
layer_2,Tree-ID3,full_train,,success,,30049,2312,17,6,6,1,parallel_loky,6,17,108024,2026-07-29 08:16:49+0800,0.06384770000000017,2026-07-29 08:16:49+0800,1,3
layer_2,Tree-C4.5,full_train,,success,,30049,2312,17,6,6,1,parallel_loky,7,17,108024,2026-07-29 08:16:49+0800,0.06272449999999985,2026-07-29 08:16:49+0800,1,3
layer_2,Tree-CART,full_train,,success,,30049,2312,17,6,6,1,parallel_loky,8,17,108024,2026-07-29 08:16:49+0800,0.06483300000000014,2026-07-29 08:16:49+0800,1,3
layer_2,FNN1,full_train,,success,,30049,2312,17,6,6,1,parallel_loky,9,17,108024,2026-07-29 08:16:44+0800,4.1864875,2026-07-29 08:16:48+0800,1,3
layer_2,FNN2,full_train,,success,,30049,2312,17,6,6,1,parallel_loky,10,17,88816,2026-07-29 08:16:44+0800,7.1149013,2026-07-29 08:16:51+0800,1,3
layer_2,FNN3,full_train,,success,,30049,2312,17,6,6,1,parallel_loky,11,17,106940,2026-07-29 08:16:44+0800,9.8798218,2026-07-29 08:16:54+0800,1,3
layer_2,SVM-Lin,full_train,,success,,30049,2312,17,6,6,1,parallel_loky,12,17,100228,2026-07-29 08:16:44+0800,14.376315900000002,2026-07-29 08:16:58+0800,1,3
layer_2,SVM-Poly,full_train,,success,,30049,2312,17,6,6,1,parallel_loky,13,17,91936,2026-07-29 08:16:44+0800,14.4055707,2026-07-29 08:16:58+0800,1,3
layer_2,SVM-RBF,full_train,,success,,30049,2312,17,6,6,1,parallel_loky,14,17,89128,2026-07-29 08:16:44+0800,11.1581744,2026-07-29 08:16:55+0800,1,3
layer_2,KNN,full_train,,success,,30049,2312,17,6,6,1,parallel_loky,15,17,108024,2026-07-29 08:16:49+0800,0.17946050000000024,2026-07-29 08:16:49+0800,1,3
layer_2,NCA,full_train,,success,,30049,2312,17,6,1,1,exclusive_spawn,16,17,80676,2026-07-29 07:38:26+0800,2296.1076519999997,2026-07-29 08:16:42+0800,1,3
layer_2,ITML,full_train,,success,,30049,2312,17,6,6,1,parallel_loky,17,17,108024,2026-07-29 08:16:48+0800,0.6085231999999996,2026-07-29 08:16:49+0800,1,3
layer_1,LDA,oof,0.0,success,,21332,9007,143,6,6,1,parallel_loky,1,17,92752,2026-07-29 08:58:43+0800,0.4503845000000002,2026-07-29 08:58:44+0800,1,4
layer_1,QDA,oof,0.0,success,,21332,9007,143,6,6,1,parallel_loky,2,17,92752,2026-07-29 08:58:44+0800,0.3478752000000007,2026-07-29 08:58:44+0800,1,4
layer_1,Logit,oof,0.0,success,,21332,9007,143,6,6,1,parallel_loky,3,17,84888,2026-07-29 08:58:40+0800,14.318701599999999,2026-07-29 08:58:55+0800,1,4
layer_1,Probit,oof,0.0,success,,21332,9007,143,6,6,1,parallel_loky,4,17,84888,2026-07-29 08:58:38+0800,2.0211924000000003,2026-07-29 08:58:40+0800,1,4
layer_1,NaiveBayes,oof,0.0,success,,21332,9007,143,6,6,1,parallel_loky,5,17,92752,2026-07-29 08:58:44+0800,0.07349959999999989,2026-07-29 08:58:44+0800,1,4
layer_1,Tree-ID3,oof,0.0,success,,21332,9007,143,6,6,1,parallel_loky,6,17,92752,2026-07-29 08:58:44+0800,3.5098283000000006,2026-07-29 08:58:48+0800,1,4
layer_1,Tree-C4.5,oof,0.0,success,,21332,9007,143,6,6,1,parallel_loky,7,17,101728,2026-07-29 08:58:45+0800,3.5722898999999995,2026-07-29 08:58:49+0800,1,4
layer_1,Tree-CART,oof,0.0,success,,21332,9007,143,6,6,1,parallel_loky,8,17,92752,2026-07-29 08:58:48+0800,3.5747158,2026-07-29 08:58:51+0800,1,4
layer_1,FNN1,oof,0.0,success,,21332,9007,143,6,6,1,parallel_loky,9,17,84888,2026-07-29 08:58:32+0800,6.1005288,2026-07-29 08:58:38+0800,1,4
layer_1,FNN2,oof,0.0,success,,21332,9007,143,6,6,1,parallel_loky,10,17,92752,2026-07-29 08:58:32+0800,8.6817308,2026-07-29 08:58:41+0800,1,4
layer_1,FNN3,oof,0.0,success,,21332,9007,143,6,6,1,parallel_loky,11,17,101728,2026-07-29 08:58:32+0800,11.0139964,2026-07-29 08:58:43+0800,1,4
layer_1,SVM-Lin,oof,0.0,success,,21332,9007,143,6,6,1,parallel_loky,12,17,85464,2026-07-29 08:58:32+0800,241.8388873,2026-07-29 09:02:34+0800,1,4
layer_1,SVM-Poly,oof,0.0,success,,21332,9007,143,6,6,1,parallel_loky,13,17,95128,2026-07-29 08:58:32+0800,52.8931631,2026-07-29 08:59:25+0800,1,4
layer_1,SVM-RBF,oof,0.0,success,,21332,9007,143,6,6,1,parallel_loky,14,17,95380,2026-07-29 08:58:32+0800,63.6102749,2026-07-29 08:59:36+0800,1,4
layer_1,KNN,oof,0.0,success,,21332,9007,143,6,6,1,parallel_loky,15,17,101728,2026-07-29 08:58:43+0800,2.2324333999999997,2026-07-29 08:58:45+0800,1,4
layer_1,NCA,oof,0.0,success,,21332,9007,143,6,1,1,exclusive_spawn,16,17,99888,2026-07-29 08:17:00+0800,2490.7435775000004,2026-07-29 08:58:31+0800,1,4
layer_1,ITML,oof,0.0,success,,21332,9007,143,6,6,1,parallel_loky,17,17,92752,2026-07-29 08:58:41+0800,2.6871516999999994,2026-07-29 08:58:43+0800,1,4
layer_1,LDA,oof,1.0,success,,20467,9872,143,6,6,1,parallel_loky,1,17,76776,2026-07-29 09:51:19+0800,0.4111848999999985,2026-07-29 09:51:20+0800,1,4
layer_1,QDA,oof,1.0,success,,20467,9872,143,6,6,1,parallel_loky,2,17,76776,2026-07-29 09:51:20+0800,0.3002818000000005,2026-07-29 09:51:20+0800,1,4
layer_1,Logit,oof,1.0,success,,20467,9872,143,6,6,1,parallel_loky,3,17,91448,2026-07-29 09:51:16+0800,14.9927637,2026-07-29 09:51:31+0800,1,4
layer_1,Probit,oof,1.0,success,,20467,9872,143,6,6,1,parallel_loky,4,17,91448,2026-07-29 09:51:14+0800,1.8724865999999993,2026-07-29 09:51:16+0800,1,4
layer_1,NaiveBayes,oof,1.0,success,,20467,9872,143,6,6,1,parallel_loky,5,17,76776,2026-07-29 09:51:20+0800,0.08495070000000027,2026-07-29 09:51:20+0800,1,4
layer_1,Tree-ID3,oof,1.0,success,,20467,9872,143,6,6,1,parallel_loky,6,17,76776,2026-07-29 09:51:20+0800,3.814555500000001,2026-07-29 09:51:24+0800,1,4
layer_1,Tree-C4.5,oof,1.0,success,,20467,9872,143,6,6,1,parallel_loky,7,17,92752,2026-07-29 09:51:21+0800,3.6953396000000005,2026-07-29 09:51:25+0800,1,4
layer_1,Tree-CART,oof,1.0,success,,20467,9872,143,6,6,1,parallel_loky,8,17,76776,2026-07-29 09:51:24+0800,3.5067975999999987,2026-07-29 09:51:27+0800,1,4
layer_1,FNN1,oof,1.0,success,,20467,9872,143,6,6,1,parallel_loky,9,17,91448,2026-07-29 09:51:09+0800,5.7539558,2026-07-29 09:51:14+0800,1,4
layer_1,FNN2,oof,1.0,success,,20467,9872,143,6,6,1,parallel_loky,10,17,76776,2026-07-29 09:51:09+0800,7.960394599999999,2026-07-29 09:51:17+0800,1,4
layer_1,FNN3,oof,1.0,success,,20467,9872,143,6,6,1,parallel_loky,11,17,92752,2026-07-29 09:51:09+0800,10.1530214,2026-07-29 09:51:19+0800,1,4
layer_1,SVM-Lin,oof,1.0,success,,20467,9872,143,6,6,1,parallel_loky,12,17,97108,2026-07-29 09:51:09+0800,125.3189693,2026-07-29 09:53:14+0800,1,4
layer_1,SVM-Poly,oof,1.0,success,,20467,9872,143,6,6,1,parallel_loky,13,17,90364,2026-07-29 09:51:09+0800,48.4604044,2026-07-29 09:51:57+0800,1,4
layer_1,SVM-RBF,oof,1.0,success,,20467,9872,143,6,6,1,parallel_loky,14,17,101852,2026-07-29 09:51:09+0800,60.879589800000005,2026-07-29 09:52:10+0800,1,4
layer_1,KNN,oof,1.0,success,,20467,9872,143,6,6,1,parallel_loky,15,17,92752,2026-07-29 09:51:19+0800,2.2102179,2026-07-29 09:51:21+0800,1,4
layer_1,NCA,oof,1.0,success,,20467,9872,143,6,1,1,exclusive_spawn,16,17,108260,2026-07-29 09:02:36+0800,2911.9472073999996,2026-07-29 09:51:08+0800,1,4
layer_1,ITML,oof,1.0,success,,20467,9872,143,6,6,1,parallel_loky,17,17,76776,2026-07-29 09:51:17+0800,2.4478256,2026-07-29 09:51:19+0800,1,4
layer_1,LDA,oof,2.0,success,,18879,11460,143,6,6,1,parallel_loky,1,17,99468,2026-07-29 10:27:55+0800,0.4325219000000011,2026-07-29 10:27:56+0800,1,4
layer_1,QDA,oof,2.0,success,,18879,11460,143,6,6,1,parallel_loky,2,17,99468,2026-07-29 10:27:56+0800,0.33491369999999954,2026-07-29 10:27:56+0800,1,4
layer_1,Logit,oof,2.0,success,,18879,11460,143,6,6,1,parallel_loky,3,17,74776,2026-07-29 10:27:51+0800,11.965716,2026-07-29 10:28:03+0800,1,4
layer_1,Probit,oof,2.0,success,,18879,11460,143,6,6,1,parallel_loky,4,17,74776,2026-07-29 10:27:50+0800,1.5693728,2026-07-29 10:27:51+0800,1,4
layer_1,NaiveBayes,oof,2.0,success,,18879,11460,143,6,6,1,parallel_loky,5,17,99468,2026-07-29 10:27:56+0800,0.08061539999999923,2026-07-29 10:27:56+0800,1,4
layer_1,Tree-ID3,oof,2.0,success,,18879,11460,143,6,6,1,parallel_loky,6,17,99468,2026-07-29 10:27:56+0800,3.8859457000000006,2026-07-29 10:28:00+0800,1,4
layer_1,Tree-C4.5,oof,2.0,success,,18879,11460,143,6,6,1,parallel_loky,7,17,92772,2026-07-29 10:27:58+0800,3.7882105,2026-07-29 10:28:01+0800,1,4
layer_1,Tree-CART,oof,2.0,success,,18879,11460,143,6,6,1,parallel_loky,8,17,99468,2026-07-29 10:28:00+0800,3.5877399000000025,2026-07-29 10:28:04+0800,1,4
layer_1,FNN1,oof,2.0,success,,18879,11460,143,6,6,1,parallel_loky,9,17,74776,2026-07-29 10:27:44+0800,5.3288743,2026-07-29 10:27:50+0800,1,4
layer_1,FNN2,oof,2.0,success,,18879,11460,143,6,6,1,parallel_loky,10,17,99468,2026-07-29 10:27:44+0800,7.3618415,2026-07-29 10:27:52+0800,1,4
layer_1,FNN3,oof,2.0,success,,18879,11460,143,6,6,1,parallel_loky,11,17,92772,2026-07-29 10:27:44+0800,9.973556700000001,2026-07-29 10:27:54+0800,1,4
layer_1,SVM-Lin,oof,2.0,success,,18879,11460,143,6,6,1,parallel_loky,12,17,96032,2026-07-29 10:27:44+0800,108.1114288,2026-07-29 10:29:33+0800,1,4
layer_1,SVM-Poly,oof,2.0,success,,18879,11460,143,6,6,1,parallel_loky,13,17,103484,2026-07-29 10:27:44+0800,42.837277300000004,2026-07-29 10:28:27+0800,1,4
layer_1,SVM-RBF,oof,2.0,success,,18879,11460,143,6,6,1,parallel_loky,14,17,104324,2026-07-29 10:27:44+0800,55.759904600000006,2026-07-29 10:28:40+0800,1,4
layer_1,KNN,oof,2.0,success,,18879,11460,143,6,6,1,parallel_loky,15,17,92772,2026-07-29 10:27:54+0800,3.207334099999999,2026-07-29 10:27:58+0800,1,4
layer_1,NCA,oof,2.0,success,,18879,11460,143,6,1,1,exclusive_spawn,16,17,96808,2026-07-29 09:53:16+0800,2067.7004976000003,2026-07-29 10:27:44+0800,1,4
layer_1,ITML,oof,2.0,success,,18879,11460,143,6,6,1,parallel_loky,17,17,99468,2026-07-29 10:27:52+0800,3.3362116000000004,2026-07-29 10:27:55+0800,1,4
layer_1,LDA,full_train,,success,,30339,2022,143,6,6,1,parallel_loky,1,17,90552,2026-07-29 12:40:27+0800,0.6616229000000011,2026-07-29 12:40:28+0800,1,4
layer_1,QDA,full_train,,success,,30339,2022,143,6,6,1,parallel_loky,2,17,90552,2026-07-29 12:40:28+0800,0.3877513999999991,2026-07-29 12:40:29+0800,1,4
layer_1,Logit,full_train,,success,,30339,2022,143,6,6,1,parallel_loky,3,17,86096,2026-07-29 12:40:25+0800,26.0411573,2026-07-29 12:40:51+0800,1,4
layer_1,Probit,full_train,,success,,30339,2022,143,6,6,1,parallel_loky,4,17,86096,2026-07-29 12:40:22+0800,2.7310926,2026-07-29 12:40:25+0800,1,4
layer_1,NaiveBayes,full_train,,success,,30339,2022,143,6,6,1,parallel_loky,5,17,90552,2026-07-29 12:40:29+0800,0.06791220000000209,2026-07-29 12:40:29+0800,1,4
layer_1,Tree-ID3,full_train,,success,,30339,2022,143,6,6,1,parallel_loky,6,17,90552,2026-07-29 12:40:29+0800,5.257090399999999,2026-07-29 12:40:34+0800,1,4
layer_1,Tree-C4.5,full_train,,success,,30339,2022,143,6,6,1,parallel_loky,7,17,87288,2026-07-29 12:40:29+0800,5.2991642999999975,2026-07-29 12:40:34+0800,1,4
layer_1,Tree-CART,full_train,,success,,30339,2022,143,6,6,1,parallel_loky,8,17,90552,2026-07-29 12:40:34+0800,5.268680100000001,2026-07-29 12:40:39+0800,1,4
layer_1,FNN1,full_train,,success,,30339,2022,143,6,6,1,parallel_loky,9,17,86096,2026-07-29 12:40:14+0800,8.701155400000001,2026-07-29 12:40:22+0800,1,4
layer_1,FNN2,full_train,,success,,30339,2022,143,6,6,1,parallel_loky,10,17,90552,2026-07-29 12:40:14+0800,12.0950934,2026-07-29 12:40:26+0800,1,4
layer_1,FNN3,full_train,,success,,30339,2022,143,6,6,1,parallel_loky,11,17,87288,2026-07-29 12:40:14+0800,15.151330100000001,2026-07-29 12:40:29+0800,1,4
layer_1,SVM-Lin,full_train,,success,,30339,2022,143,6,6,1,parallel_loky,12,17,86196,2026-07-29 12:40:14+0800,481.89761039999996,2026-07-29 12:48:16+0800,1,4
layer_1,SVM-Poly,full_train,,success,,30339,2022,143,6,6,1,parallel_loky,13,17,72020,2026-07-29 12:40:14+0800,109.31936759999999,2026-07-29 12:42:03+0800,1,4
layer_1,SVM-RBF,full_train,,success,,30339,2022,143,6,6,1,parallel_loky,14,17,92324,2026-07-29 12:40:14+0800,100.5132315,2026-07-29 12:41:54+0800,1,4
layer_1,KNN,full_train,,success,,30339,2022,143,6,6,1,parallel_loky,15,17,90552,2026-07-29 12:40:27+0800,0.6162678999999986,2026-07-29 12:40:27+0800,1,4
layer_1,NCA,full_train,,success,,30339,2022,143,6,1,1,exclusive_spawn,16,17,76964,2026-07-29 10:29:35+0800,7837.2464051,2026-07-29 12:40:12+0800,1,4
layer_1,ITML,full_train,,success,,30339,2022,143,6,6,1,parallel_loky,17,17,90552,2026-07-29 12:40:26+0800,1.0558043000000001,2026-07-29 12:40:27+0800,1,4
layer_2,LDA,full_train,,success,,30339,2022,17,6,6,1,parallel_loky,1,17,85100,2026-07-29 13:29:02+0800,0.039941500000000296,2026-07-29 13:29:02+0800,1,4
layer_2,QDA,full_train,,success,,30339,2022,17,6,6,1,parallel_loky,2,17,85100,2026-07-29 13:29:02+0800,0.018316299999999508,2026-07-29 13:29:02+0800,1,4
layer_2,Logit,full_train,,success,,30339,2022,17,6,6,1,parallel_loky,3,17,85100,2026-07-29 13:29:01+0800,0.11322999999999972,2026-07-29 13:29:01+0800,1,4
layer_2,Probit,full_train,,success,,30339,2022,17,6,6,1,parallel_loky,4,17,85100,2026-07-29 13:29:01+0800,0.2235233000000001,2026-07-29 13:29:01+0800,1,4
layer_2,NaiveBayes,full_train,,success,,30339,2022,17,6,6,1,parallel_loky,5,17,85100,2026-07-29 13:29:02+0800,0.00910920000000015,2026-07-29 13:29:02+0800,1,4
layer_2,Tree-ID3,full_train,,success,,30339,2022,17,6,6,1,parallel_loky,6,17,85100,2026-07-29 13:29:02+0800,0.06312469999999948,2026-07-29 13:29:02+0800,1,4
layer_2,Tree-C4.5,full_train,,success,,30339,2022,17,6,6,1,parallel_loky,7,17,85100,2026-07-29 13:29:02+0800,0.06310250000000028,2026-07-29 13:29:02+0800,1,4
layer_2,Tree-CART,full_train,,success,,30339,2022,17,6,6,1,parallel_loky,8,17,85100,2026-07-29 13:29:02+0800,0.060880100000000326,2026-07-29 13:29:02+0800,1,4
layer_2,FNN1,full_train,,success,,30339,2022,17,6,6,1,parallel_loky,9,17,85100,2026-07-29 13:28:57+0800,4.1896902,2026-07-29 13:29:01+0800,1,4
layer_2,FNN2,full_train,,success,,30339,2022,17,6,6,1,parallel_loky,10,17,103872,2026-07-29 13:28:57+0800,7.178137400000001,2026-07-29 13:29:04+0800,1,4
layer_2,FNN3,full_train,,success,,30339,2022,17,6,6,1,parallel_loky,11,17,87772,2026-07-29 13:28:57+0800,9.8443841,2026-07-29 13:29:06+0800,1,4
layer_2,SVM-Lin,full_train,,success,,30339,2022,17,6,6,1,parallel_loky,12,17,106792,2026-07-29 13:28:57+0800,15.265399400000002,2026-07-29 13:29:12+0800,1,4
layer_2,SVM-Poly,full_train,,success,,30339,2022,17,6,6,1,parallel_loky,13,17,94632,2026-07-29 13:28:57+0800,13.2157732,2026-07-29 13:29:10+0800,1,4
layer_2,SVM-RBF,full_train,,success,,30339,2022,17,6,6,1,parallel_loky,14,17,83716,2026-07-29 13:28:57+0800,10.9963361,2026-07-29 13:29:08+0800,1,4
layer_2,KNN,full_train,,success,,30339,2022,17,6,6,1,parallel_loky,15,17,85100,2026-07-29 13:29:02+0800,0.1524422999999997,2026-07-29 13:29:02+0800,1,4
layer_2,NCA,full_train,,success,,30339,2022,17,6,1,1,exclusive_spawn,16,17,100804,2026-07-29 12:48:17+0800,2438.0066448999996,2026-07-29 13:28:55+0800,1,4
layer_2,ITML,full_train,,success,,30339,2022,17,6,6,1,parallel_loky,17,17,85100,2026-07-29 13:29:01+0800,0.6732198999999994,2026-07-29 13:29:02+0800,1,4
layer_1,LDA,oof,0.0,success,,21622,9007,143,6,6,1,parallel_loky,1,17,105240,2026-07-29 14:20:03+0800,0.4400340000000007,2026-07-29 14:20:03+0800,1,5
layer_1,QDA,oof,0.0,success,,21622,9007,143,6,6,1,parallel_loky,2,17,105240,2026-07-29 14:20:03+0800,0.3225305000000027,2026-07-29 14:20:04+0800,1,5
layer_1,Logit,oof,0.0,success,,21622,9007,143,6,6,1,parallel_loky,3,17,106672,2026-07-29 14:20:00+0800,15.590417700000001,2026-07-29 14:20:15+0800,1,5
layer_1,Probit,oof,0.0,success,,21622,9007,143,6,6,1,parallel_loky,4,17,106672,2026-07-29 14:19:58+0800,1.8197082999999985,2026-07-29 14:20:00+0800,1,5
layer_1,NaiveBayes,oof,0.0,success,,21622,9007,143,6,6,1,parallel_loky,5,17,105240,2026-07-29 14:20:04+0800,0.07884780000000191,2026-07-29 14:20:04+0800,1,5
layer_1,Tree-ID3,oof,0.0,success,,21622,9007,143,6,6,1,parallel_loky,6,17,105240,2026-07-29 14:20:04+0800,3.4211430000000007,2026-07-29 14:20:07+0800,1,5
layer_1,Tree-C4.5,oof,0.0,success,,21622,9007,143,6,6,1,parallel_loky,7,17,99588,2026-07-29 14:20:04+0800,3.4414420999999997,2026-07-29 14:20:08+0800,1,5
layer_1,Tree-CART,oof,0.0,success,,21622,9007,143,6,6,1,parallel_loky,8,17,105240,2026-07-29 14:20:07+0800,3.3212259999999993,2026-07-29 14:20:11+0800,1,5
layer_1,FNN1,oof,0.0,success,,21622,9007,143,6,6,1,parallel_loky,9,17,106672,2026-07-29 14:19:52+0800,6.1237012,2026-07-29 14:19:58+0800,1,5
layer_1,FNN2,oof,0.0,success,,21622,9007,143,6,6,1,parallel_loky,10,17,105240,2026-07-29 14:19:52+0800,8.549305799999999,2026-07-29 14:20:00+0800,1,5
layer_1,FNN3,oof,0.0,success,,21622,9007,143,6,6,1,parallel_loky,11,17,99588,2026-07-29 14:19:52+0800,10.737852400000001,2026-07-29 14:20:02+0800,1,5
layer_1,SVM-Lin,oof,0.0,success,,21622,9007,143,6,6,1,parallel_loky,12,17,94232,2026-07-29 14:19:52+0800,226.3798721,2026-07-29 14:23:38+0800,1,5
layer_1,SVM-Poly,oof,0.0,success,,21622,9007,143,6,6,1,parallel_loky,13,17,89204,2026-07-29 14:19:52+0800,53.714818,2026-07-29 14:20:45+0800,1,5
layer_1,SVM-RBF,oof,0.0,success,,21622,9007,143,6,6,1,parallel_loky,14,17,98280,2026-07-29 14:19:52+0800,64.1543127,2026-07-29 14:20:56+0800,1,5
layer_1,KNN,oof,0.0,success,,21622,9007,143,6,6,1,parallel_loky,15,17,99588,2026-07-29 14:20:03+0800,1.9448217999999997,2026-07-29 14:20:04+0800,1,5
layer_1,NCA,oof,0.0,success,,21622,9007,143,6,1,1,exclusive_spawn,16,17,107568,2026-07-29 13:29:14+0800,3032.6805304,2026-07-29 14:19:47+0800,1,5
layer_1,ITML,oof,0.0,success,,21622,9007,143,6,6,1,parallel_loky,17,17,105240,2026-07-29 14:20:00+0800,2.5824909,2026-07-29 14:20:03+0800,1,5
layer_1,LDA,oof,1.0,success,,20757,9872,143,6,6,1,parallel_loky,1,17,108508,2026-07-29 15:11:07+0800,0.41131709999999977,2026-07-29 15:11:07+0800,1,5
layer_1,QDA,oof,1.0,success,,20757,9872,143,6,6,1,parallel_loky,2,17,108508,2026-07-29 15:11:07+0800,0.29787129999999884,2026-07-29 15:11:08+0800,1,5
layer_1,Logit,oof,1.0,success,,20757,9872,143,6,6,1,parallel_loky,3,17,104960,2026-07-29 15:11:04+0800,15.9083966,2026-07-29 15:11:20+0800,1,5
layer_1,Probit,oof,1.0,success,,20757,9872,143,6,6,1,parallel_loky,4,17,104960,2026-07-29 15:11:02+0800,1.7030608999999997,2026-07-29 15:11:04+0800,1,5
layer_1,NaiveBayes,oof,1.0,success,,20757,9872,143,6,6,1,parallel_loky,5,17,108508,2026-07-29 15:11:08+0800,0.08090400000000031,2026-07-29 15:11:08+0800,1,5
layer_1,Tree-ID3,oof,1.0,success,,20757,9872,143,6,6,1,parallel_loky,6,17,108508,2026-07-29 15:11:08+0800,3.7313519,2026-07-29 15:11:12+0800,1,5
layer_1,Tree-C4.5,oof,1.0,success,,20757,9872,143,6,6,1,parallel_loky,7,17,106784,2026-07-29 15:11:09+0800,3.8266896000000017,2026-07-29 15:11:13+0800,1,5
layer_1,Tree-CART,oof,1.0,success,,20757,9872,143,6,6,1,parallel_loky,8,17,108508,2026-07-29 15:11:12+0800,3.592652400000002,2026-07-29 15:11:15+0800,1,5
layer_1,FNN1,oof,1.0,success,,20757,9872,143,6,6,1,parallel_loky,9,17,104960,2026-07-29 15:10:56+0800,5.792606800000001,2026-07-29 15:11:02+0800,1,5
layer_1,FNN2,oof,1.0,success,,20757,9872,143,6,6,1,parallel_loky,10,17,108508,2026-07-29 15:10:56+0800,8.081997600000001,2026-07-29 15:11:05+0800,1,5
layer_1,FNN3,oof,1.0,success,,20757,9872,143,6,6,1,parallel_loky,11,17,106784,2026-07-29 15:10:56+0800,10.1247528,2026-07-29 15:11:07+0800,1,5
layer_1,SVM-Lin,oof,1.0,success,,20757,9872,143,6,6,1,parallel_loky,12,17,98792,2026-07-29 15:10:56+0800,131.4899503,2026-07-29 15:13:08+0800,1,5
layer_1,SVM-Poly,oof,1.0,success,,20757,9872,143,6,6,1,parallel_loky,13,17,100088,2026-07-29 15:10:56+0800,49.6236539,2026-07-29 15:11:46+0800,1,5
layer_1,SVM-RBF,oof,1.0,success,,20757,9872,143,6,6,1,parallel_loky,14,17,87172,2026-07-29 15:10:56+0800,62.2736832,2026-07-29 15:11:59+0800,1,5
layer_1,KNN,oof,1.0,success,,20757,9872,143,6,6,1,parallel_loky,15,17,106784,2026-07-29 15:11:07+0800,2.0231241000000004,2026-07-29 15:11:09+0800,1,5
layer_1,NCA,oof,1.0,success,,20757,9872,143,6,1,1,exclusive_spawn,16,17,86560,2026-07-29 14:23:40+0800,2835.5877491,2026-07-29 15:10:56+0800,1,5
layer_1,ITML,oof,1.0,success,,20757,9872,143,6,6,1,parallel_loky,17,17,108508,2026-07-29 15:11:05+0800,2.3264055,2026-07-29 15:11:07+0800,1,5
layer_1,LDA,oof,2.0,success,,18879,11750,143,6,6,1,parallel_loky,1,17,82424,2026-07-29 15:48:43+0800,0.3705748,2026-07-29 15:48:43+0800,1,5
layer_1,QDA,oof,2.0,success,,18879,11750,143,6,6,1,parallel_loky,2,17,82424,2026-07-29 15:48:43+0800,0.2866856000000002,2026-07-29 15:48:43+0800,1,5
layer_1,Logit,oof,2.0,success,,18879,11750,143,6,6,1,parallel_loky,3,17,89448,2026-07-29 15:48:39+0800,12.854155700000002,2026-07-29 15:48:52+0800,1,5
layer_1,Probit,oof,2.0,success,,18879,11750,143,6,6,1,parallel_loky,4,17,89448,2026-07-29 15:48:38+0800,1.5097607000000002,2026-07-29 15:48:39+0800,1,5
layer_1,NaiveBayes,oof,2.0,success,,18879,11750,143,6,6,1,parallel_loky,5,17,82424,2026-07-29 15:48:43+0800,0.08208849999999934,2026-07-29 15:48:43+0800,1,5
layer_1,Tree-ID3,oof,2.0,success,,18879,11750,143,6,6,1,parallel_loky,6,17,82424,2026-07-29 15:48:43+0800,3.6570818000000003,2026-07-29 15:48:47+0800,1,5
layer_1,Tree-C4.5,oof,2.0,success,,18879,11750,143,6,6,1,parallel_loky,7,17,99892,2026-07-29 15:48:44+0800,3.5174690999999996,2026-07-29 15:48:48+0800,1,5
layer_1,Tree-CART,oof,2.0,success,,18879,11750,143,6,6,1,parallel_loky,8,17,82424,2026-07-29 15:48:47+0800,3.477409400000001,2026-07-29 15:48:50+0800,1,5
layer_1,FNN1,oof,2.0,success,,18879,11750,143,6,6,1,parallel_loky,9,17,89448,2026-07-29 15:48:33+0800,5.1949925,2026-07-29 15:48:38+0800,1,5
layer_1,FNN2,oof,2.0,success,,18879,11750,143,6,6,1,parallel_loky,10,17,82424,2026-07-29 15:48:33+0800,7.2504178999999995,2026-07-29 15:48:40+0800,1,5
layer_1,FNN3,oof,2.0,success,,18879,11750,143,6,6,1,parallel_loky,11,17,99892,2026-07-29 15:48:33+0800,9.151284,2026-07-29 15:48:42+0800,1,5
layer_1,SVM-Lin,oof,2.0,success,,18879,11750,143,6,6,1,parallel_loky,12,17,104040,2026-07-29 15:48:33+0800,104.64236220000001,2026-07-29 15:50:17+0800,1,5
layer_1,SVM-Poly,oof,2.0,success,,18879,11750,143,6,6,1,parallel_loky,13,17,105948,2026-07-29 15:48:33+0800,40.9911862,2026-07-29 15:49:14+0800,1,5
layer_1,SVM-RBF,oof,2.0,success,,18879,11750,143,6,6,1,parallel_loky,14,17,92716,2026-07-29 15:48:33+0800,54.257075,2026-07-29 15:49:27+0800,1,5
layer_1,KNN,oof,2.0,success,,18879,11750,143,6,6,1,parallel_loky,15,17,99892,2026-07-29 15:48:42+0800,2.201336600000001,2026-07-29 15:48:44+0800,1,5
layer_1,NCA,oof,2.0,success,,18879,11750,143,6,1,1,exclusive_spawn,16,17,103156,2026-07-29 15:13:10+0800,2121.6926051,2026-07-29 15:48:32+0800,1,5
layer_1,ITML,oof,2.0,success,,18879,11750,143,6,6,1,parallel_loky,17,17,82424,2026-07-29 15:48:40+0800,2.5152026999999997,2026-07-29 15:48:43+0800,1,5
layer_1,LDA,full_train,,success,,30629,1732,143,6,6,1,parallel_loky,1,17,104264,2026-07-29 18:10:04+0800,0.6823707999999993,2026-07-29 18:10:05+0800,1,5
layer_1,QDA,full_train,,success,,30629,1732,143,6,6,1,parallel_loky,2,17,104264,2026-07-29 18:10:05+0800,0.38878449999999987,2026-07-29 18:10:05+0800,1,5
layer_1,Logit,full_train,,success,,30629,1732,143,6,6,1,parallel_loky,3,17,107260,2026-07-29 18:10:02+0800,30.0057275,2026-07-29 18:10:32+0800,1,5
layer_1,Probit,full_train,,success,,30629,1732,143,6,6,1,parallel_loky,4,17,107260,2026-07-29 18:09:59+0800,2.7650211000000002,2026-07-29 18:10:02+0800,1,5
layer_1,NaiveBayes,full_train,,success,,30629,1732,143,6,6,1,parallel_loky,5,17,104264,2026-07-29 18:10:05+0800,0.06939889999999949,2026-07-29 18:10:05+0800,1,5
layer_1,Tree-ID3,full_train,,success,,30629,1732,143,6,6,1,parallel_loky,6,17,104264,2026-07-29 18:10:05+0800,6.236016299999999,2026-07-29 18:10:11+0800,1,5
layer_1,Tree-C4.5,full_train,,success,,30629,1732,143,6,6,1,parallel_loky,7,17,96040,2026-07-29 18:10:05+0800,5.573912499999999,2026-07-29 18:10:11+0800,1,5
layer_1,Tree-CART,full_train,,success,,30629,1732,143,6,6,1,parallel_loky,8,17,96040,2026-07-29 18:10:11+0800,5.269504300000001,2026-07-29 18:10:16+0800,1,5
layer_1,FNN1,full_train,,success,,30629,1732,143,6,6,1,parallel_loky,9,17,107260,2026-07-29 18:09:50+0800,8.901767,2026-07-29 18:09:59+0800,1,5
layer_1,FNN2,full_train,,success,,30629,1732,143,6,6,1,parallel_loky,10,17,104264,2026-07-29 18:09:50+0800,12.1394047,2026-07-29 18:10:02+0800,1,5
layer_1,FNN3,full_train,,success,,30629,1732,143,6,6,1,parallel_loky,11,17,96040,2026-07-29 18:09:50+0800,15.0737572,2026-07-29 18:10:05+0800,1,5
layer_1,SVM-Lin,full_train,,success,,30629,1732,143,6,6,1,parallel_loky,12,17,89204,2026-07-29 18:09:50+0800,492.0396432,2026-07-29 18:18:02+0800,1,5
layer_1,SVM-Poly,full_train,,success,,30629,1732,143,6,6,1,parallel_loky,13,17,104760,2026-07-29 18:09:50+0800,112.3311841,2026-07-29 18:11:42+0800,1,5
layer_1,SVM-RBF,full_train,,success,,30629,1732,143,6,6,1,parallel_loky,14,17,103224,2026-07-29 18:09:50+0800,102.7059511,2026-07-29 18:11:33+0800,1,5
layer_1,KNN,full_train,,success,,30629,1732,143,6,6,1,parallel_loky,15,17,104264,2026-07-29 18:10:03+0800,0.5308036000000005,2026-07-29 18:10:04+0800,1,5
layer_1,NCA,full_train,,success,,30629,1732,143,6,1,1,exclusive_spawn,16,17,87872,2026-07-29 15:50:19+0800,8368.9701055,2026-07-29 18:09:48+0800,1,5
layer_1,ITML,full_train,,success,,30629,1732,143,6,6,1,parallel_loky,17,17,104264,2026-07-29 18:10:02+0800,0.9839433,2026-07-29 18:10:03+0800,1,5
layer_2,LDA,full_train,,success,,30629,1732,17,6,6,1,parallel_loky,1,17,82376,2026-07-29 19:02:11+0800,0.04153640000000003,2026-07-29 19:02:11+0800,1,5
layer_2,QDA,full_train,,success,,30629,1732,17,6,6,1,parallel_loky,2,17,82376,2026-07-29 19:02:11+0800,0.01928339999999995,2026-07-29 19:02:11+0800,1,5
layer_2,Logit,full_train,,success,,30629,1732,17,6,6,1,parallel_loky,3,17,82376,2026-07-29 19:02:09+0800,0.09192019999999967,2026-07-29 19:02:09+0800,1,5
layer_2,Probit,full_train,,success,,30629,1732,17,6,6,1,parallel_loky,4,17,82376,2026-07-29 19:02:09+0800,0.19015920000000008,2026-07-29 19:02:09+0800,1,5
layer_2,NaiveBayes,full_train,,success,,30629,1732,17,6,6,1,parallel_loky,5,17,82376,2026-07-29 19:02:11+0800,0.008858500000000546,2026-07-29 19:02:11+0800,1,5
layer_2,Tree-ID3,full_train,,success,,30629,1732,17,6,6,1,parallel_loky,6,17,82376,2026-07-29 19:02:11+0800,0.06851669999999999,2026-07-29 19:02:11+0800,1,5
layer_2,Tree-C4.5,full_train,,success,,30629,1732,17,6,6,1,parallel_loky,7,17,82376,2026-07-29 19:02:11+0800,0.06387820000000044,2026-07-29 19:02:11+0800,1,5
layer_2,Tree-CART,full_train,,success,,30629,1732,17,6,6,1,parallel_loky,8,17,82376,2026-07-29 19:02:11+0800,0.060585800000000134,2026-07-29 19:02:11+0800,1,5
layer_2,FNN1,full_train,,success,,30629,1732,17,6,6,1,parallel_loky,9,17,82376,2026-07-29 19:02:05+0800,4.2387529,2026-07-29 19:02:09+0800,1,5
layer_2,FNN2,full_train,,success,,30629,1732,17,6,6,1,parallel_loky,10,17,88876,2026-07-29 19:02:05+0800,7.2583613,2026-07-29 19:02:12+0800,1,5
layer_2,FNN3,full_train,,success,,30629,1732,17,6,6,1,parallel_loky,11,17,92464,2026-07-29 19:02:05+0800,9.9368642,2026-07-29 19:02:15+0800,1,5
layer_2,SVM-Lin,full_train,,success,,30629,1732,17,6,6,1,parallel_loky,12,17,102460,2026-07-29 19:02:05+0800,14.2955978,2026-07-29 19:02:19+0800,1,5
layer_2,SVM-Poly,full_train,,success,,30629,1732,17,6,6,1,parallel_loky,13,17,104312,2026-07-29 19:02:05+0800,13.313626099999999,2026-07-29 19:02:18+0800,1,5
layer_2,SVM-RBF,full_train,,success,,30629,1732,17,6,6,1,parallel_loky,14,17,105752,2026-07-29 19:02:05+0800,11.015799,2026-07-29 19:02:16+0800,1,5
layer_2,KNN,full_train,,success,,30629,1732,17,6,6,1,parallel_loky,15,17,82376,2026-07-29 19:02:10+0800,0.1291196000000001,2026-07-29 19:02:11+0800,1,5
layer_2,NCA,full_train,,success,,30629,1732,17,6,1,1,exclusive_spawn,16,17,107472,2026-07-29 18:18:03+0800,2639.7795036,2026-07-29 19:02:03+0800,1,5
layer_2,ITML,full_train,,success,,30629,1732,17,6,6,1,parallel_loky,17,17,82376,2026-07-29 19:02:09+0800,0.9039416999999998,2026-07-29 19:02:10+0800,1,5
layer_1,LDA,oof,0.0,success,,21912,9007,143,6,6,1,parallel_loky,1,17,104664,2026-07-29 19:56:59+0800,0.43426020000000065,2026-07-29 19:56:59+0800,1,6
layer_1,QDA,oof,0.0,success,,21912,9007,143,6,6,1,parallel_loky,2,17,104664,2026-07-29 19:56:59+0800,0.3094360999999992,2026-07-29 19:57:00+0800,1,6
layer_1,Logit,oof,0.0,success,,21912,9007,143,6,6,1,parallel_loky,3,17,101100,2026-07-29 19:56:56+0800,15.834696,2026-07-29 19:57:12+0800,1,6
layer_1,Probit,oof,0.0,success,,21912,9007,143,6,6,1,parallel_loky,4,17,101100,2026-07-29 19:56:54+0800,1.9372939000000002,2026-07-29 19:56:56+0800,1,6
layer_1,NaiveBayes,oof,0.0,success,,21912,9007,143,6,6,1,parallel_loky,5,17,104664,2026-07-29 19:57:00+0800,0.07644740000000105,2026-07-29 19:57:00+0800,1,6
layer_1,Tree-ID3,oof,0.0,success,,21912,9007,143,6,6,1,parallel_loky,6,17,104664,2026-07-29 19:57:00+0800,3.519829099999999,2026-07-29 19:57:03+0800,1,6
layer_1,Tree-C4.5,oof,0.0,success,,21912,9007,143,6,6,1,parallel_loky,7,17,99888,2026-07-29 19:57:01+0800,3.5929374999999997,2026-07-29 19:57:04+0800,1,6
layer_1,Tree-CART,oof,0.0,success,,21912,9007,143,6,6,1,parallel_loky,8,17,104664,2026-07-29 19:57:03+0800,3.348935000000001,2026-07-29 19:57:07+0800,1,6
layer_1,FNN1,oof,0.0,success,,21912,9007,143,6,6,1,parallel_loky,9,17,101100,2026-07-29 19:56:48+0800,6.1032820999999995,2026-07-29 19:56:54+0800,1,6
layer_1,FNN2,oof,0.0,success,,21912,9007,143,6,6,1,parallel_loky,10,17,104664,2026-07-29 19:56:48+0800,8.5173579,2026-07-29 19:56:57+0800,1,6
layer_1,FNN3,oof,0.0,success,,21912,9007,143,6,6,1,parallel_loky,11,17,99888,2026-07-29 19:56:48+0800,10.666126499999999,2026-07-29 19:56:59+0800,1,6
layer_1,SVM-Lin,oof,0.0,success,,21912,9007,143,6,6,1,parallel_loky,12,17,107436,2026-07-29 19:56:48+0800,209.50501269999998,2026-07-29 20:00:18+0800,1,6
layer_1,SVM-Poly,oof,0.0,success,,21912,9007,143,6,6,1,parallel_loky,13,17,105740,2026-07-29 19:56:48+0800,55.016146,2026-07-29 19:57:43+0800,1,6
layer_1,SVM-RBF,oof,0.0,success,,21912,9007,143,6,6,1,parallel_loky,14,17,86536,2026-07-29 19:56:48+0800,64.90103459999999,2026-07-29 19:57:53+0800,1,6
layer_1,KNN,oof,0.0,success,,21912,9007,143,6,6,1,parallel_loky,15,17,99888,2026-07-29 19:56:59+0800,1.9426795000000006,2026-07-29 19:57:01+0800,1,6
layer_1,NCA,oof,0.0,success,,21912,9007,143,6,1,1,exclusive_spawn,16,17,102860,2026-07-29 19:02:21+0800,3265.740213,2026-07-29 19:56:47+0800,1,6
layer_1,ITML,oof,0.0,success,,21912,9007,143,6,6,1,parallel_loky,17,17,104664,2026-07-29 19:56:57+0800,2.263452300000001,2026-07-29 19:56:59+0800,1,6
layer_1,LDA,oof,1.0,success,,21047,9872,143,6,6,1,parallel_loky,1,17,91908,2026-07-29 20:48:15+0800,0.4224617999999989,2026-07-29 20:48:16+0800,1,6
layer_1,QDA,oof,1.0,success,,21047,9872,143,6,6,1,parallel_loky,2,17,91908,2026-07-29 20:48:16+0800,0.3032687000000003,2026-07-29 20:48:16+0800,1,6
layer_1,Logit,oof,1.0,success,,21047,9872,143,6,6,1,parallel_loky,3,17,108492,2026-07-29 20:48:12+0800,16.551989499999998,2026-07-29 20:48:29+0800,1,6
layer_1,Probit,oof,1.0,success,,21047,9872,143,6,6,1,parallel_loky,4,17,108492,2026-07-29 20:48:10+0800,1.8240515000000004,2026-07-29 20:48:12+0800,1,6
layer_1,NaiveBayes,oof,1.0,success,,21047,9872,143,6,6,1,parallel_loky,5,17,91908,2026-07-29 20:48:16+0800,0.08558559999999993,2026-07-29 20:48:16+0800,1,6
layer_1,Tree-ID3,oof,1.0,success,,21047,9872,143,6,6,1,parallel_loky,6,17,91908,2026-07-29 20:48:16+0800,3.658009700000001,2026-07-29 20:48:20+0800,1,6
layer_1,Tree-C4.5,oof,1.0,success,,21047,9872,143,6,6,1,parallel_loky,7,17,87940,2026-07-29 20:48:17+0800,3.5798559999999995,2026-07-29 20:48:21+0800,1,6
layer_1,Tree-CART,oof,1.0,success,,21047,9872,143,6,6,1,parallel_loky,8,17,91908,2026-07-29 20:48:20+0800,3.5762540000000023,2026-07-29 20:48:23+0800,1,6
layer_1,FNN1,oof,1.0,success,,21047,9872,143,6,6,1,parallel_loky,9,17,108492,2026-07-29 20:48:04+0800,5.9197365,2026-07-29 20:48:10+0800,1,6
layer_1,FNN2,oof,1.0,success,,21047,9872,143,6,6,1,parallel_loky,10,17,91908,2026-07-29 20:48:04+0800,8.239922100000001,2026-07-29 20:48:13+0800,1,6
layer_1,FNN3,oof,1.0,success,,21047,9872,143,6,6,1,parallel_loky,11,17,87940,2026-07-29 20:48:04+0800,10.3696839,2026-07-29 20:48:15+0800,1,6
layer_1,SVM-Lin,oof,1.0,success,,21047,9872,143,6,6,1,parallel_loky,12,17,103328,2026-07-29 20:48:04+0800,133.4039458,2026-07-29 20:50:18+0800,1,6
layer_1,SVM-Poly,oof,1.0,success,,21047,9872,143,6,6,1,parallel_loky,13,17,98240,2026-07-29 20:48:04+0800,50.2449209,2026-07-29 20:48:55+0800,1,6
layer_1,SVM-RBF,oof,1.0,success,,21047,9872,143,6,6,1,parallel_loky,14,17,90372,2026-07-29 20:48:04+0800,65.36613799999999,2026-07-29 20:49:10+0800,1,6
layer_1,KNN,oof,1.0,success,,21047,9872,143,6,6,1,parallel_loky,15,17,87940,2026-07-29 20:48:15+0800,2.0424299,2026-07-29 20:48:17+0800,1,6
layer_1,NCA,oof,1.0,success,,21047,9872,143,6,1,1,exclusive_spawn,16,17,93148,2026-07-29 20:00:20+0800,2863.9196339,2026-07-29 20:48:04+0800,1,6
layer_1,ITML,oof,1.0,success,,21047,9872,143,6,6,1,parallel_loky,17,17,91908,2026-07-29 20:48:13+0800,2.360028999999999,2026-07-29 20:48:15+0800,1,6
layer_1,LDA,oof,2.0,success,,18879,12040,143,6,6,1,parallel_loky,1,17,85104,2026-07-29 21:25:05+0800,0.3709328999999997,2026-07-29 21:25:05+0800,1,6
layer_1,QDA,oof,2.0,success,,18879,12040,143,6,6,1,parallel_loky,2,17,85104,2026-07-29 21:25:05+0800,0.2867729000000008,2026-07-29 21:25:06+0800,1,6
layer_1,Logit,oof,2.0,success,,18879,12040,143,6,6,1,parallel_loky,3,17,82724,2026-07-29 21:25:02+0800,12.7732745,2026-07-29 21:25:15+0800,1,6
layer_1,Probit,oof,2.0,success,,18879,12040,143,6,6,1,parallel_loky,4,17,82724,2026-07-29 21:25:00+0800,1.5809316999999998,2026-07-29 21:25:02+0800,1,6
layer_1,NaiveBayes,oof,2.0,success,,18879,12040,143,6,6,1,parallel_loky,5,17,85104,2026-07-29 21:25:06+0800,0.08217180000000113,2026-07-29 21:25:06+0800,1,6
layer_1,Tree-ID3,oof,2.0,success,,18879,12040,143,6,6,1,parallel_loky,6,17,85104,2026-07-29 21:25:06+0800,3.5081515999999997,2026-07-29 21:25:09+0800,1,6
layer_1,Tree-C4.5,oof,2.0,success,,18879,12040,143,6,6,1,parallel_loky,7,17,104900,2026-07-29 21:25:07+0800,3.5488514999999996,2026-07-29 21:25:10+0800,1,6
layer_1,Tree-CART,oof,2.0,success,,18879,12040,143,6,6,1,parallel_loky,8,17,85104,2026-07-29 21:25:09+0800,3.3591966999999983,2026-07-29 21:25:13+0800,1,6
layer_1,FNN1,oof,2.0,success,,18879,12040,143,6,6,1,parallel_loky,9,17,82724,2026-07-29 21:24:55+0800,5.30298,2026-07-29 21:25:00+0800,1,6
layer_1,FNN2,oof,2.0,success,,18879,12040,143,6,6,1,parallel_loky,10,17,85104,2026-07-29 21:24:55+0800,7.352849700000001,2026-07-29 21:25:02+0800,1,6
layer_1,FNN3,oof,2.0,success,,18879,12040,143,6,6,1,parallel_loky,11,17,104900,2026-07-29 21:24:55+0800,9.2395385,2026-07-29 21:25:04+0800,1,6
layer_1,SVM-Lin,oof,2.0,success,,18879,12040,143,6,6,1,parallel_loky,12,17,107232,2026-07-29 21:24:55+0800,105.00914610000001,2026-07-29 21:26:40+0800,1,6
layer_1,SVM-Poly,oof,2.0,success,,18879,12040,143,6,6,1,parallel_loky,13,17,97060,2026-07-29 21:24:55+0800,41.628638800000004,2026-07-29 21:25:37+0800,1,6
layer_1,SVM-RBF,oof,2.0,success,,18879,12040,143,6,6,1,parallel_loky,14,17,106232,2026-07-29 21:24:55+0800,55.0944152,2026-07-29 21:25:50+0800,1,6
layer_1,KNN,oof,2.0,success,,18879,12040,143,6,6,1,parallel_loky,15,17,104900,2026-07-29 21:25:04+0800,2.2438687,2026-07-29 21:25:07+0800,1,6
layer_1,NCA,oof,2.0,success,,18879,12040,143,6,1,1,exclusive_spawn,16,17,99108,2026-07-29 20:50:20+0800,2074.2888462,2026-07-29 21:24:54+0800,1,6
layer_1,ITML,oof,2.0,success,,18879,12040,143,6,6,1,parallel_loky,17,17,85104,2026-07-29 21:25:02+0800,2.5513379999999994,2026-07-29 21:25:05+0800,1,6
layer_1,LDA,full_train,,success,,30919,1442,143,6,6,1,parallel_loky,1,17,95024,2026-07-29 23:49:55+0800,0.6637149999999998,2026-07-29 23:49:55+0800,1,6
layer_1,QDA,full_train,,success,,30919,1442,143,6,6,1,parallel_loky,2,17,95024,2026-07-29 23:49:55+0800,0.40260980000000046,2026-07-29 23:49:56+0800,1,6
layer_1,Logit,full_train,,success,,30919,1442,143,6,6,1,parallel_loky,3,17,73904,2026-07-29 23:49:53+0800,34.8227478,2026-07-29 23:50:27+0800,1,6
layer_1,Probit,full_train,,success,,30919,1442,143,6,6,1,parallel_loky,4,17,73904,2026-07-29 23:49:50+0800,2.8081496,2026-07-29 23:49:53+0800,1,6
layer_1,NaiveBayes,full_train,,success,,30919,1442,143,6,6,1,parallel_loky,5,17,95024,2026-07-29 23:49:56+0800,0.0711631999999991,2026-07-29 23:49:56+0800,1,6
layer_1,Tree-ID3,full_train,,success,,30919,1442,143,6,6,1,parallel_loky,6,17,95024,2026-07-29 23:49:56+0800,5.619092200000001,2026-07-29 23:50:01+0800,1,6
layer_1,Tree-C4.5,full_train,,success,,30919,1442,143,6,6,1,parallel_loky,7,17,84220,2026-07-29 23:49:56+0800,5.5141493,2026-07-29 23:50:02+0800,1,6
layer_1,Tree-CART,full_train,,success,,30919,1442,143,6,6,1,parallel_loky,8,17,95024,2026-07-29 23:50:01+0800,5.425642499999999,2026-07-29 23:50:07+0800,1,6
layer_1,FNN1,full_train,,success,,30919,1442,143,6,6,1,parallel_loky,9,17,73904,2026-07-29 23:49:41+0800,8.8119719,2026-07-29 23:49:50+0800,1,6
layer_1,FNN2,full_train,,success,,30919,1442,143,6,6,1,parallel_loky,10,17,95024,2026-07-29 23:49:41+0800,12.304941699999999,2026-07-29 23:49:53+0800,1,6
layer_1,FNN3,full_train,,success,,30919,1442,143,6,6,1,parallel_loky,11,17,84220,2026-07-29 23:49:41+0800,15.3370851,2026-07-29 23:49:56+0800,1,6
layer_1,SVM-Lin,full_train,,success,,30919,1442,143,6,6,1,parallel_loky,12,17,84124,2026-07-29 23:49:41+0800,514.1093297,2026-07-29 23:58:15+0800,1,6
layer_1,SVM-Poly,full_train,,success,,30919,1442,143,6,6,1,parallel_loky,13,17,105800,2026-07-29 23:49:41+0800,114.7073316,2026-07-29 23:51:36+0800,1,6
layer_1,SVM-RBF,full_train,,success,,30919,1442,143,6,6,1,parallel_loky,14,17,102428,2026-07-29 23:49:41+0800,102.9218401,2026-07-29 23:51:24+0800,1,6
layer_1,KNN,full_train,,success,,30919,1442,143,6,6,1,parallel_loky,15,17,95024,2026-07-29 23:49:54+0800,0.44416660000000086,2026-07-29 23:49:55+0800,1,6
layer_1,NCA,full_train,,success,,30919,1442,143,6,1,1,exclusive_spawn,16,17,106916,2026-07-29 21:26:42+0800,8577.0197452,2026-07-29 23:49:39+0800,1,6
layer_1,ITML,full_train,,success,,30919,1442,143,6,6,1,parallel_loky,17,17,95024,2026-07-29 23:49:53+0800,0.9035557999999995,2026-07-29 23:49:54+0800,1,6
layer_2,LDA,full_train,,success,,30919,1442,17,6,6,1,parallel_loky,1,17,106872,2026-07-30 00:45:03+0800,0.055066599999999966,2026-07-30 00:45:03+0800,1,6
layer_2,QDA,full_train,,success,,30919,1442,17,6,6,1,parallel_loky,2,17,106872,2026-07-30 00:45:03+0800,0.021383000000000152,2026-07-30 00:45:03+0800,1,6
layer_2,Logit,full_train,,success,,30919,1442,17,6,6,1,parallel_loky,3,17,106872,2026-07-30 00:45:02+0800,0.10416990000000048,2026-07-30 00:45:02+0800,1,6
layer_2,Probit,full_train,,success,,30919,1442,17,6,6,1,parallel_loky,4,17,106872,2026-07-30 00:45:02+0800,0.22538579999999975,2026-07-30 00:45:02+0800,1,6
layer_2,NaiveBayes,full_train,,success,,30919,1442,17,6,6,1,parallel_loky,5,17,106872,2026-07-30 00:45:03+0800,0.010141900000000703,2026-07-30 00:45:03+0800,1,6
layer_2,Tree-ID3,full_train,,success,,30919,1442,17,6,6,1,parallel_loky,6,17,106872,2026-07-30 00:45:03+0800,0.07364529999999903,2026-07-30 00:45:03+0800,1,6
layer_2,Tree-C4.5,full_train,,success,,30919,1442,17,6,6,1,parallel_loky,7,17,106872,2026-07-30 00:45:03+0800,0.07174920000000107,2026-07-30 00:45:03+0800,1,6
layer_2,Tree-CART,full_train,,success,,30919,1442,17,6,6,1,parallel_loky,8,17,106872,2026-07-30 00:45:03+0800,0.06999829999999996,2026-07-30 00:45:03+0800,1,6
layer_2,FNN1,full_train,,success,,30919,1442,17,6,6,1,parallel_loky,9,17,106872,2026-07-30 00:44:56+0800,5.499067800000001,2026-07-30 00:45:02+0800,1,6
layer_2,FNN2,full_train,,success,,30919,1442,17,6,6,1,parallel_loky,10,17,91192,2026-07-30 00:44:56+0800,9.3393218,2026-07-30 00:45:05+0800,1,6
layer_2,FNN3,full_train,,success,,30919,1442,17,6,6,1,parallel_loky,11,17,96304,2026-07-30 00:44:56+0800,13.8684187,2026-07-30 00:45:10+0800,1,6
layer_2,SVM-Lin,full_train,,success,,30919,1442,17,6,6,1,parallel_loky,12,17,85004,2026-07-30 00:44:56+0800,17.8555286,2026-07-30 00:45:14+0800,1,6
layer_2,SVM-Poly,full_train,,success,,30919,1442,17,6,6,1,parallel_loky,13,17,98748,2026-07-30 00:44:56+0800,16.273678800000003,2026-07-30 00:45:12+0800,1,6
layer_2,SVM-RBF,full_train,,success,,30919,1442,17,6,6,1,parallel_loky,14,17,82424,2026-07-30 00:44:56+0800,13.6119664,2026-07-30 00:45:10+0800,1,6
layer_2,KNN,full_train,,success,,30919,1442,17,6,6,1,parallel_loky,15,17,106872,2026-07-30 00:45:03+0800,0.13296199999999914,2026-07-30 00:45:03+0800,1,6
layer_2,NCA,full_train,,success,,30919,1442,17,6,1,1,exclusive_spawn,16,17,86132,2026-07-29 23:58:16+0800,2798.1608773,2026-07-30 00:44:54+0800,1,6
layer_2,ITML,full_train,,success,,30919,1442,17,6,6,1,parallel_loky,17,17,106872,2026-07-30 00:45:02+0800,1.0583112000000003,2026-07-30 00:45:03+0800,1,6
layer_1,LDA,oof,0.0,success,,22202,9007,143,6,6,1,parallel_loky,1,17,108644,2026-07-30 01:38:58+0800,0.5677486999999992,2026-07-30 01:38:59+0800,1,7
layer_1,QDA,oof,0.0,success,,22202,9007,143,6,6,1,parallel_loky,2,17,108644,2026-07-30 01:38:59+0800,0.42407409999999857,2026-07-30 01:38:59+0800,1,7
layer_1,Logit,oof,0.0,success,,22202,9007,143,6,6,1,parallel_loky,3,17,109688,2026-07-30 01:38:53+0800,13.698674200000003,2026-07-30 01:39:06+0800,1,7
layer_1,Probit,oof,0.0,success,,22202,9007,143,6,6,1,parallel_loky,4,17,109688,2026-07-30 01:38:50+0800,2.861962300000002,2026-07-30 01:38:53+0800,1,7
layer_1,NaiveBayes,oof,0.0,success,,22202,9007,143,6,6,1,parallel_loky,5,17,108644,2026-07-30 01:38:59+0800,0.07750559999999851,2026-07-30 01:38:59+0800,1,7
layer_1,Tree-ID3,oof,0.0,success,,22202,9007,143,6,6,1,parallel_loky,6,17,108644,2026-07-30 01:38:59+0800,4.332872799999997,2026-07-30 01:39:04+0800,1,7
layer_1,Tree-C4.5,oof,0.0,success,,22202,9007,143,6,6,1,parallel_loky,7,17,109588,2026-07-30 01:39:01+0800,4.310181799999999,2026-07-30 01:39:05+0800,1,7
layer_1,Tree-CART,oof,0.0,success,,22202,9007,143,6,6,1,parallel_loky,8,17,108644,2026-07-30 01:39:04+0800,4.061164699999999,2026-07-30 01:39:08+0800,1,7
layer_1,FNN1,oof,0.0,success,,22202,9007,143,6,6,1,parallel_loky,9,17,109688,2026-07-30 01:38:39+0800,10.2582881,2026-07-30 01:38:50+0800,1,7
layer_1,FNN2,oof,0.0,success,,22202,9007,143,6,6,1,parallel_loky,10,17,108644,2026-07-30 01:38:39+0800,14.054304899999998,2026-07-30 01:38:53+0800,1,7
layer_1,FNN3,oof,0.0,success,,22202,9007,143,6,6,1,parallel_loky,11,17,109588,2026-07-30 01:38:39+0800,17.9234,2026-07-30 01:38:57+0800,1,7
layer_1,SVM-Lin,oof,0.0,success,,22202,9007,143,6,6,1,parallel_loky,12,17,92892,2026-07-30 01:38:39+0800,323.4365813,2026-07-30 01:44:03+0800,1,7
layer_1,SVM-Poly,oof,0.0,success,,22202,9007,143,6,6,1,parallel_loky,13,17,109092,2026-07-30 01:38:39+0800,82.8733206,2026-07-30 01:40:02+0800,1,7
layer_1,SVM-RBF,oof,0.0,success,,22202,9007,143,6,6,1,parallel_loky,14,17,95024,2026-07-30 01:38:39+0800,73.704752,2026-07-30 01:39:53+0800,1,7
layer_1,KNN,oof,0.0,success,,22202,9007,143,6,6,1,parallel_loky,15,17,109588,2026-07-30 01:38:57+0800,3.690370699999999,2026-07-30 01:39:01+0800,1,7
layer_1,NCA,oof,0.0,success,,22202,9007,143,6,1,1,exclusive_spawn,16,17,94192,2026-07-30 00:45:17+0800,3196.9732687,2026-07-30 01:38:34+0800,1,7
layer_1,ITML,oof,0.0,success,,22202,9007,143,6,6,1,parallel_loky,17,17,108644,2026-07-30 01:38:53+0800,4.6479851,2026-07-30 01:38:58+0800,1,7
layer_1,LDA,oof,1.0,success,,21337,9872,143,6,6,1,parallel_loky,1,17,97076,2026-07-30 02:31:48+0800,0.4238067000000001,2026-07-30 02:31:48+0800,1,7
layer_1,QDA,oof,1.0,success,,21337,9872,143,6,6,1,parallel_loky,2,17,97076,2026-07-30 02:31:48+0800,0.2944791000000002,2026-07-30 02:31:48+0800,1,7
layer_1,Logit,oof,1.0,success,,21337,9872,143,6,6,1,parallel_loky,3,17,94828,2026-07-30 02:31:45+0800,16.0722088,2026-07-30 02:32:01+0800,1,7
layer_1,Probit,oof,1.0,success,,21337,9872,143,6,6,1,parallel_loky,4,17,94828,2026-07-30 02:31:43+0800,1.7493608000000007,2026-07-30 02:31:45+0800,1,7
layer_1,NaiveBayes,oof,1.0,success,,21337,9872,143,6,6,1,parallel_loky,5,17,97076,2026-07-30 02:31:48+0800,0.07911299999999954,2026-07-30 02:31:48+0800,1,7
layer_1,Tree-ID3,oof,1.0,success,,21337,9872,143,6,6,1,parallel_loky,6,17,97076,2026-07-30 02:31:48+0800,3.816930900000001,2026-07-30 02:31:52+0800,1,7
layer_1,Tree-C4.5,oof,1.0,success,,21337,9872,143,6,6,1,parallel_loky,7,17,87820,2026-07-30 02:31:49+0800,3.8788941,2026-07-30 02:31:53+0800,1,7
layer_1,Tree-CART,oof,1.0,success,,21337,9872,143,6,6,1,parallel_loky,8,17,97076,2026-07-30 02:31:52+0800,3.7654968999999987,2026-07-30 02:31:56+0800,1,7
layer_1,FNN1,oof,1.0,success,,21337,9872,143,6,6,1,parallel_loky,9,17,94828,2026-07-30 02:31:37+0800,5.9285046999999995,2026-07-30 02:31:43+0800,1,7
layer_1,FNN2,oof,1.0,success,,21337,9872,143,6,6,1,parallel_loky,10,17,97076,2026-07-30 02:31:37+0800,8.2492622,2026-07-30 02:31:45+0800,1,7
layer_1,FNN3,oof,1.0,success,,21337,9872,143,6,6,1,parallel_loky,11,17,87820,2026-07-30 02:31:37+0800,10.407911599999998,2026-07-30 02:31:47+0800,1,7
layer_1,SVM-Lin,oof,1.0,success,,21337,9872,143,6,6,1,parallel_loky,12,17,108968,2026-07-30 02:31:37+0800,139.02230600000001,2026-07-30 02:33:56+0800,1,7
layer_1,SVM-Poly,oof,1.0,success,,21337,9872,143,6,6,1,parallel_loky,13,17,110232,2026-07-30 02:31:37+0800,51.4259217,2026-07-30 02:32:28+0800,1,7
layer_1,SVM-RBF,oof,1.0,success,,21337,9872,143,6,6,1,parallel_loky,14,17,97440,2026-07-30 02:31:37+0800,64.3929074,2026-07-30 02:32:41+0800,1,7
layer_1,KNN,oof,1.0,success,,21337,9872,143,6,6,1,parallel_loky,15,17,87820,2026-07-30 02:31:47+0800,2.050788599999999,2026-07-30 02:31:49+0800,1,7
layer_1,NCA,oof,1.0,success,,21337,9872,143,6,1,1,exclusive_spawn,16,17,110228,2026-07-30 01:44:05+0800,2850.5764162,2026-07-30 02:31:36+0800,1,7
layer_1,ITML,oof,1.0,success,,21337,9872,143,6,6,1,parallel_loky,17,17,97076,2026-07-30 02:31:45+0800,2.3787747999999986,2026-07-30 02:31:48+0800,1,7
layer_1,LDA,oof,2.0,success,,18879,12330,143,6,6,1,parallel_loky,1,17,108476,2026-07-30 03:08:36+0800,0.3848874999999996,2026-07-30 03:08:36+0800,1,7
layer_1,QDA,oof,2.0,success,,18879,12330,143,6,6,1,parallel_loky,2,17,108476,2026-07-30 03:08:36+0800,0.2900022,2026-07-30 03:08:37+0800,1,7
layer_1,Logit,oof,2.0,success,,18879,12330,143,6,6,1,parallel_loky,3,17,110524,2026-07-30 03:08:33+0800,12.674162800000001,2026-07-30 03:08:46+0800,1,7
layer_1,Probit,oof,2.0,success,,18879,12330,143,6,6,1,parallel_loky,4,17,110524,2026-07-30 03:08:31+0800,1.4946373,2026-07-30 03:08:33+0800,1,7
layer_1,NaiveBayes,oof,2.0,success,,18879,12330,143,6,6,1,parallel_loky,5,17,108476,2026-07-30 03:08:37+0800,0.0817022000000005,2026-07-30 03:08:37+0800,1,7
layer_1,Tree-ID3,oof,2.0,success,,18879,12330,143,6,6,1,parallel_loky,6,17,108476,2026-07-30 03:08:37+0800,3.606216700000001,2026-07-30 03:08:40+0800,1,7
layer_1,Tree-C4.5,oof,2.0,success,,18879,12330,143,6,6,1,parallel_loky,7,17,92912,2026-07-30 03:08:38+0800,3.6494973,2026-07-30 03:08:41+0800,1,7
layer_1,Tree-CART,oof,2.0,success,,18879,12330,143,6,6,1,parallel_loky,8,17,108476,2026-07-30 03:08:40+0800,3.464910299999998,2026-07-30 03:08:44+0800,1,7
layer_1,FNN1,oof,2.0,success,,18879,12330,143,6,6,1,parallel_loky,9,17,110524,2026-07-30 03:08:26+0800,5.199328,2026-07-30 03:08:31+0800,1,7
layer_1,FNN2,oof,2.0,success,,18879,12330,143,6,6,1,parallel_loky,10,17,108476,2026-07-30 03:08:26+0800,7.226987,2026-07-30 03:08:33+0800,1,7
layer_1,FNN3,oof,2.0,success,,18879,12330,143,6,6,1,parallel_loky,11,17,92912,2026-07-30 03:08:26+0800,9.1017119,2026-07-30 03:08:35+0800,1,7
layer_1,SVM-Lin,oof,2.0,success,,18879,12330,143,6,6,1,parallel_loky,12,17,90064,2026-07-30 03:08:26+0800,103.63659870000001,2026-07-30 03:10:10+0800,1,7
layer_1,SVM-Poly,oof,2.0,success,,18879,12330,143,6,6,1,parallel_loky,13,17,108108,2026-07-30 03:08:26+0800,41.5080415,2026-07-30 03:09:08+0800,1,7
layer_1,SVM-RBF,oof,2.0,success,,18879,12330,143,6,6,1,parallel_loky,14,17,109120,2026-07-30 03:08:26+0800,55.1127689,2026-07-30 03:09:21+0800,1,7
layer_1,KNN,oof,2.0,success,,18879,12330,143,6,6,1,parallel_loky,15,17,92912,2026-07-30 03:08:35+0800,2.292261,2026-07-30 03:08:38+0800,1,7
layer_1,NCA,oof,2.0,success,,18879,12330,143,6,1,1,exclusive_spawn,16,17,87096,2026-07-30 02:33:58+0800,2067.3600257,2026-07-30 03:08:25+0800,1,7
layer_1,ITML,oof,2.0,success,,18879,12330,143,6,6,1,parallel_loky,17,17,108476,2026-07-30 03:08:33+0800,2.571187899999999,2026-07-30 03:08:36+0800,1,7
layer_1,LDA,full_train,,success,,31209,1152,143,6,6,1,parallel_loky,1,17,87400,2026-07-30 05:40:59+0800,0.6761762000000004,2026-07-30 05:41:00+0800,1,7
layer_1,QDA,full_train,,success,,31209,1152,143,6,6,1,parallel_loky,2,17,87400,2026-07-30 05:41:00+0800,0.3961661999999997,2026-07-30 05:41:00+0800,1,7
layer_1,Logit,full_train,,success,,31209,1152,143,6,6,1,parallel_loky,3,17,75052,2026-07-30 05:40:57+0800,27.4343449,2026-07-30 05:41:25+0800,1,7
layer_1,Probit,full_train,,success,,31209,1152,143,6,6,1,parallel_loky,4,17,75052,2026-07-30 05:40:54+0800,2.8461965000000014,2026-07-30 05:40:57+0800,1,7
layer_1,NaiveBayes,full_train,,success,,31209,1152,143,6,6,1,parallel_loky,5,17,87400,2026-07-30 05:41:00+0800,0.06536750000000069,2026-07-30 05:41:00+0800,1,7
layer_1,Tree-ID3,full_train,,success,,31209,1152,143,6,6,1,parallel_loky,6,17,87400,2026-07-30 05:41:00+0800,5.6262875999999995,2026-07-30 05:41:06+0800,1,7
layer_1,Tree-C4.5,full_train,,success,,31209,1152,143,6,6,1,parallel_loky,7,17,107604,2026-07-30 05:41:01+0800,5.7909431,2026-07-30 05:41:07+0800,1,7
layer_1,Tree-CART,full_train,,success,,31209,1152,143,6,6,1,parallel_loky,8,17,87400,2026-07-30 05:41:06+0800,5.408946099999998,2026-07-30 05:41:11+0800,1,7
layer_1,FNN1,full_train,,success,,31209,1152,143,6,6,1,parallel_loky,9,17,75052,2026-07-30 05:40:45+0800,8.900390400000001,2026-07-30 05:40:54+0800,1,7
layer_1,FNN2,full_train,,success,,31209,1152,143,6,6,1,parallel_loky,10,17,87400,2026-07-30 05:40:45+0800,12.3298412,2026-07-30 05:40:58+0800,1,7
layer_1,FNN3,full_train,,success,,31209,1152,143,6,6,1,parallel_loky,11,17,107604,2026-07-30 05:40:45+0800,15.4849593,2026-07-30 05:41:01+0800,1,7
layer_1,SVM-Lin,full_train,,success,,31209,1152,143,6,6,1,parallel_loky,12,17,105140,2026-07-30 05:40:45+0800,519.5288664999999,2026-07-30 05:49:25+0800,1,7
layer_1,SVM-Poly,full_train,,success,,31209,1152,143,6,6,1,parallel_loky,13,17,108440,2026-07-30 05:40:45+0800,116.30008980000001,2026-07-30 05:42:42+0800,1,7
layer_1,SVM-RBF,full_train,,success,,31209,1152,143,6,6,1,parallel_loky,14,17,105712,2026-07-30 05:40:45+0800,104.0331853,2026-07-30 05:42:30+0800,1,7
layer_1,KNN,full_train,,success,,31209,1152,143,6,6,1,parallel_loky,15,17,87400,2026-07-30 05:40:59+0800,0.36043759999999914,2026-07-30 05:40:59+0800,1,7
layer_1,NCA,full_train,,success,,31209,1152,143,6,1,1,exclusive_spawn,16,17,100808,2026-07-30 03:10:12+0800,9031.784268200001,2026-07-30 05:40:44+0800,1,7
layer_1,ITML,full_train,,success,,31209,1152,143,6,6,1,parallel_loky,17,17,87400,2026-07-30 05:40:58+0800,0.8328920000000011,2026-07-30 05:40:59+0800,1,7
layer_2,LDA,full_train,,success,,31209,1152,17,6,6,1,parallel_loky,1,17,83284,2026-07-30 06:40:29+0800,0.04128100000000057,2026-07-30 06:40:29+0800,1,7
layer_2,QDA,full_train,,success,,31209,1152,17,6,6,1,parallel_loky,2,17,83284,2026-07-30 06:40:29+0800,0.022546700000000364,2026-07-30 06:40:29+0800,1,7
layer_2,Logit,full_train,,success,,31209,1152,17,6,6,1,parallel_loky,3,17,83284,2026-07-30 06:40:28+0800,0.09612279999999984,2026-07-30 06:40:28+0800,1,7
layer_2,Probit,full_train,,success,,31209,1152,17,6,6,1,parallel_loky,4,17,83284,2026-07-30 06:40:28+0800,0.23511579999999999,2026-07-30 06:40:28+0800,1,7
layer_2,NaiveBayes,full_train,,success,,31209,1152,17,6,6,1,parallel_loky,5,17,83284,2026-07-30 06:40:29+0800,0.010930600000000013,2026-07-30 06:40:29+0800,1,7
layer_2,Tree-ID3,full_train,,success,,31209,1152,17,6,6,1,parallel_loky,6,17,83284,2026-07-30 06:40:29+0800,0.07474380000000025,2026-07-30 06:40:29+0800,1,7
layer_2,Tree-C4.5,full_train,,success,,31209,1152,17,6,6,1,parallel_loky,7,17,83284,2026-07-30 06:40:29+0800,0.06775870000000062,2026-07-30 06:40:29+0800,1,7
layer_2,Tree-CART,full_train,,success,,31209,1152,17,6,6,1,parallel_loky,8,17,83284,2026-07-30 06:40:29+0800,0.06336880000000011,2026-07-30 06:40:29+0800,1,7
layer_2,FNN1,full_train,,success,,31209,1152,17,6,6,1,parallel_loky,9,17,83284,2026-07-30 06:40:23+0800,4.6081459,2026-07-30 06:40:27+0800,1,7
layer_2,FNN2,full_train,,success,,31209,1152,17,6,6,1,parallel_loky,10,17,107144,2026-07-30 06:40:23+0800,7.579208499999999,2026-07-30 06:40:30+0800,1,7
layer_2,FNN3,full_train,,success,,31209,1152,17,6,6,1,parallel_loky,11,17,96304,2026-07-30 06:40:23+0800,10.1683363,2026-07-30 06:40:33+0800,1,7
layer_2,SVM-Lin,full_train,,success,,31209,1152,17,6,6,1,parallel_loky,12,17,109852,2026-07-30 06:40:23+0800,24.312834000000002,2026-07-30 06:40:47+0800,1,7
layer_2,SVM-Poly,full_train,,success,,31209,1152,17,6,6,1,parallel_loky,13,17,91512,2026-07-30 06:40:23+0800,24.5636526,2026-07-30 06:40:47+0800,1,7
layer_2,SVM-RBF,full_train,,success,,31209,1152,17,6,6,1,parallel_loky,14,17,101568,2026-07-30 06:40:23+0800,18.8221731,2026-07-30 06:40:42+0800,1,7
layer_2,KNN,full_train,,success,,31209,1152,17,6,6,1,parallel_loky,15,17,83284,2026-07-30 06:40:29+0800,0.08779839999999961,2026-07-30 06:40:29+0800,1,7
layer_2,NCA,full_train,,success,,31209,1152,17,6,1,1,exclusive_spawn,16,17,83236,2026-07-30 05:49:26+0800,3054.9115388,2026-07-30 06:40:21+0800,1,7
layer_2,ITML,full_train,,success,,31209,1152,17,6,6,1,parallel_loky,17,17,83284,2026-07-30 06:40:28+0800,0.7427226000000005,2026-07-30 06:40:29+0800,1,7
layer_1,LDA,oof,0.0,success,,22492,9007,143,6,6,1,parallel_loky,1,17,88840,2026-07-30 07:41:07+0800,0.4499810999999987,2026-07-30 07:41:08+0800,1,8
layer_1,QDA,oof,0.0,success,,22492,9007,143,6,6,1,parallel_loky,2,17,88840,2026-07-30 07:41:08+0800,0.3179608000000016,2026-07-30 07:41:08+0800,1,8
layer_1,Logit,oof,0.0,success,,22492,9007,143,6,6,1,parallel_loky,3,17,108016,2026-07-30 07:41:04+0800,17.9226396,2026-07-30 07:41:22+0800,1,8
layer_1,Probit,oof,0.0,success,,22492,9007,143,6,6,1,parallel_loky,4,17,108016,2026-07-30 07:41:02+0800,2.0027767999999995,2026-07-30 07:41:04+0800,1,8
layer_1,NaiveBayes,oof,0.0,success,,22492,9007,143,6,6,1,parallel_loky,5,17,88840,2026-07-30 07:41:08+0800,0.07896130000000134,2026-07-30 07:41:08+0800,1,8
layer_1,Tree-ID3,oof,0.0,success,,22492,9007,143,6,6,1,parallel_loky,6,17,88840,2026-07-30 07:41:08+0800,3.5770024000000014,2026-07-30 07:41:12+0800,1,8
layer_1,Tree-C4.5,oof,0.0,success,,22492,9007,143,6,6,1,parallel_loky,7,17,109088,2026-07-30 07:41:09+0800,3.628279900000001,2026-07-30 07:41:13+0800,1,8
layer_1,Tree-CART,oof,0.0,success,,22492,9007,143,6,6,1,parallel_loky,8,17,88840,2026-07-30 07:41:12+0800,3.569427000000001,2026-07-30 07:41:15+0800,1,8
layer_1,FNN1,oof,0.0,success,,22492,9007,143,6,6,1,parallel_loky,9,17,108016,2026-07-30 07:40:56+0800,6.3100000000000005,2026-07-30 07:41:02+0800,1,8
layer_1,FNN2,oof,0.0,success,,22492,9007,143,6,6,1,parallel_loky,10,17,88840,2026-07-30 07:40:56+0800,8.7920345,2026-07-30 07:41:05+0800,1,8
layer_1,FNN3,oof,0.0,success,,22492,9007,143,6,6,1,parallel_loky,11,17,109088,2026-07-30 07:40:56+0800,10.9473411,2026-07-30 07:41:07+0800,1,8
layer_1,SVM-Lin,oof,0.0,success,,22492,9007,143,6,6,1,parallel_loky,12,17,83012,2026-07-30 07:40:56+0800,298.0040244,2026-07-30 07:45:54+0800,1,8
layer_1,SVM-Poly,oof,0.0,success,,22492,9007,143,6,6,1,parallel_loky,13,17,104236,2026-07-30 07:40:56+0800,58.3521048,2026-07-30 07:41:54+0800,1,8
layer_1,SVM-RBF,oof,0.0,success,,22492,9007,143,6,6,1,parallel_loky,14,17,105768,2026-07-30 07:40:56+0800,68.6624523,2026-07-30 07:42:05+0800,1,8
layer_1,KNN,oof,0.0,success,,22492,9007,143,6,6,1,parallel_loky,15,17,109088,2026-07-30 07:41:07+0800,1.9822644,2026-07-30 07:41:09+0800,1,8
layer_1,NCA,oof,0.0,success,,22492,9007,143,6,1,1,exclusive_spawn,16,17,95680,2026-07-30 06:40:50+0800,3605.2664046,2026-07-30 07:40:55+0800,1,8
layer_1,ITML,oof,0.0,success,,22492,9007,143,6,6,1,parallel_loky,17,17,88840,2026-07-30 07:41:05+0800,2.3142700000000005,2026-07-30 07:41:07+0800,1,8
layer_1,LDA,oof,1.0,success,,21627,9872,143,6,6,1,parallel_loky,1,17,108876,2026-07-30 08:39:38+0800,0.43026359999999997,2026-07-30 08:39:38+0800,1,8
layer_1,QDA,oof,1.0,success,,21627,9872,143,6,6,1,parallel_loky,2,17,108876,2026-07-30 08:39:38+0800,0.3205178000000011,2026-07-30 08:39:38+0800,1,8
layer_1,Logit,oof,1.0,success,,21627,9872,143,6,6,1,parallel_loky,3,17,110520,2026-07-30 08:39:34+0800,15.564183099999997,2026-07-30 08:39:50+0800,1,8
layer_1,Probit,oof,1.0,success,,21627,9872,143,6,6,1,parallel_loky,4,17,110520,2026-07-30 08:39:33+0800,1.8054810999999997,2026-07-30 08:39:34+0800,1,8
layer_1,NaiveBayes,oof,1.0,success,,21627,9872,143,6,6,1,parallel_loky,5,17,108876,2026-07-30 08:39:38+0800,0.08012240000000048,2026-07-30 08:39:39+0800,1,8
layer_1,Tree-ID3,oof,1.0,success,,21627,9872,143,6,6,1,parallel_loky,6,17,108876,2026-07-30 08:39:39+0800,3.7959293999999986,2026-07-30 08:39:42+0800,1,8
layer_1,Tree-C4.5,oof,1.0,success,,21627,9872,143,6,6,1,parallel_loky,7,17,108860,2026-07-30 08:39:39+0800,3.895117199999998,2026-07-30 08:39:43+0800,1,8
layer_1,Tree-CART,oof,1.0,success,,21627,9872,143,6,6,1,parallel_loky,8,17,108876,2026-07-30 08:39:42+0800,3.9277026,2026-07-30 08:39:46+0800,1,8
layer_1,FNN1,oof,1.0,success,,21627,9872,143,6,6,1,parallel_loky,9,17,110520,2026-07-30 08:39:26+0800,6.0816057,2026-07-30 08:39:33+0800,1,8
layer_1,FNN2,oof,1.0,success,,21627,9872,143,6,6,1,parallel_loky,10,17,108876,2026-07-30 08:39:26+0800,8.434938500000001,2026-07-30 08:39:35+0800,1,8
layer_1,FNN3,oof,1.0,success,,21627,9872,143,6,6,1,parallel_loky,11,17,108860,2026-07-30 08:39:26+0800,10.582261599999999,2026-07-30 08:39:37+0800,1,8
layer_1,SVM-Lin,oof,1.0,success,,21627,9872,143,6,6,1,parallel_loky,12,17,95964,2026-07-30 08:39:26+0800,147.1415669,2026-07-30 08:41:54+0800,1,8
layer_1,SVM-Poly,oof,1.0,success,,21627,9872,143,6,6,1,parallel_loky,13,17,98308,2026-07-30 08:39:26+0800,54.752133,2026-07-30 08:40:21+0800,1,8
layer_1,SVM-RBF,oof,1.0,success,,21627,9872,143,6,6,1,parallel_loky,14,17,104812,2026-07-30 08:39:26+0800,67.18043,2026-07-30 08:40:34+0800,1,8
layer_1,KNN,oof,1.0,success,,21627,9872,143,6,6,1,parallel_loky,15,17,108860,2026-07-30 08:39:37+0800,2.1096907000000016,2026-07-30 08:39:39+0800,1,8
layer_1,NCA,oof,1.0,success,,21627,9872,143,6,1,1,exclusive_spawn,16,17,109240,2026-07-30 07:45:56+0800,3205.6859339000002,2026-07-30 08:39:22+0800,1,8
layer_1,ITML,oof,1.0,success,,21627,9872,143,6,6,1,parallel_loky,17,17,108876,2026-07-30 08:39:35+0800,2.7064825999999993,2026-07-30 08:39:38+0800,1,8
layer_1,LDA,oof,2.0,success,,18879,12620,143,6,6,1,parallel_loky,1,17,98516,2026-07-30 09:16:30+0800,0.36981910000000084,2026-07-30 09:16:30+0800,1,8
layer_1,QDA,oof,2.0,success,,18879,12620,143,6,6,1,parallel_loky,2,17,98516,2026-07-30 09:16:30+0800,0.29558529999999905,2026-07-30 09:16:30+0800,1,8
layer_1,Logit,oof,2.0,success,,18879,12620,143,6,6,1,parallel_loky,3,17,99644,2026-07-30 09:16:27+0800,12.758632000000002,2026-07-30 09:16:39+0800,1,8
layer_1,Probit,oof,2.0,success,,18879,12620,143,6,6,1,parallel_loky,4,17,99644,2026-07-30 09:16:25+0800,1.4924919,2026-07-30 09:16:27+0800,1,8
layer_1,NaiveBayes,oof,2.0,success,,18879,12620,143,6,6,1,parallel_loky,5,17,98516,2026-07-30 09:16:30+0800,0.08432009999999934,2026-07-30 09:16:31+0800,1,8
layer_1,Tree-ID3,oof,2.0,success,,18879,12620,143,6,6,1,parallel_loky,6,17,98516,2026-07-30 09:16:31+0800,3.506431899999999,2026-07-30 09:16:34+0800,1,8
layer_1,Tree-C4.5,oof,2.0,success,,18879,12620,143,6,6,1,parallel_loky,7,17,86200,2026-07-30 09:16:31+0800,3.5358882000000005,2026-07-30 09:16:35+0800,1,8
layer_1,Tree-CART,oof,2.0,success,,18879,12620,143,6,6,1,parallel_loky,8,17,98516,2026-07-30 09:16:34+0800,3.355973500000001,2026-07-30 09:16:37+0800,1,8
layer_1,FNN1,oof,2.0,success,,18879,12620,143,6,6,1,parallel_loky,9,17,99644,2026-07-30 09:16:20+0800,5.2289302,2026-07-30 09:16:25+0800,1,8
layer_1,FNN2,oof,2.0,success,,18879,12620,143,6,6,1,parallel_loky,10,17,98516,2026-07-30 09:16:20+0800,7.2803199,2026-07-30 09:16:27+0800,1,8
layer_1,FNN3,oof,2.0,success,,18879,12620,143,6,6,1,parallel_loky,11,17,86200,2026-07-30 09:16:20+0800,9.1453726,2026-07-30 09:16:29+0800,1,8
layer_1,SVM-Lin,oof,2.0,success,,18879,12620,143,6,6,1,parallel_loky,12,17,86804,2026-07-30 09:16:20+0800,104.6439208,2026-07-30 09:18:04+0800,1,8
layer_1,SVM-Poly,oof,2.0,success,,18879,12620,143,6,6,1,parallel_loky,13,17,84268,2026-07-30 09:16:20+0800,41.8340804,2026-07-30 09:17:02+0800,1,8
layer_1,SVM-RBF,oof,2.0,success,,18879,12620,143,6,6,1,parallel_loky,14,17,101016,2026-07-30 09:16:20+0800,55.6339313,2026-07-30 09:17:15+0800,1,8
layer_1,KNN,oof,2.0,success,,18879,12620,143,6,6,1,parallel_loky,15,17,86200,2026-07-30 09:16:29+0800,2.3157846000000006,2026-07-30 09:16:31+0800,1,8
layer_1,NCA,oof,2.0,success,,18879,12620,143,6,1,1,exclusive_spawn,16,17,105712,2026-07-30 08:41:56+0800,2063.3046640999996,2026-07-30 09:16:19+0800,1,8
layer_1,ITML,oof,2.0,success,,18879,12620,143,6,6,1,parallel_loky,17,17,98516,2026-07-30 09:16:27+0800,2.6226237999999995,2026-07-30 09:16:30+0800,1,8
layer_1,LDA,full_train,,success,,31499,862,143,6,6,1,parallel_loky,1,17,97168,2026-07-30 11:46:42+0800,0.6849664999999998,2026-07-30 11:46:43+0800,1,8
layer_1,QDA,full_train,,success,,31499,862,143,6,6,1,parallel_loky,2,17,97168,2026-07-30 11:46:43+0800,0.3935385,2026-07-30 11:46:43+0800,1,8
layer_1,Logit,full_train,,success,,31499,862,143,6,6,1,parallel_loky,3,17,108992,2026-07-30 11:46:41+0800,30.171802300000003,2026-07-30 11:47:11+0800,1,8
layer_1,Probit,full_train,,success,,31499,862,143,6,6,1,parallel_loky,4,17,108992,2026-07-30 11:46:38+0800,2.9578948,2026-07-30 11:46:41+0800,1,8
layer_1,NaiveBayes,full_train,,success,,31499,862,143,6,6,1,parallel_loky,5,17,97168,2026-07-30 11:46:43+0800,0.06570069999999895,2026-07-30 11:46:44+0800,1,8
layer_1,Tree-ID3,full_train,,success,,31499,862,143,6,6,1,parallel_loky,6,17,97168,2026-07-30 11:46:44+0800,5.558248700000002,2026-07-30 11:46:49+0800,1,8
layer_1,Tree-C4.5,full_train,,success,,31499,862,143,6,6,1,parallel_loky,7,17,95100,2026-07-30 11:46:44+0800,5.559479,2026-07-30 11:46:50+0800,1,8
layer_1,Tree-CART,full_train,,success,,31499,862,143,6,6,1,parallel_loky,8,17,97168,2026-07-30 11:46:49+0800,5.639892799999998,2026-07-30 11:46:55+0800,1,8
layer_1,FNN1,full_train,,success,,31499,862,143,6,6,1,parallel_loky,9,17,108992,2026-07-30 11:46:29+0800,9.0331647,2026-07-30 11:46:38+0800,1,8
layer_1,FNN2,full_train,,success,,31499,862,143,6,6,1,parallel_loky,10,17,97168,2026-07-30 11:46:29+0800,12.4105904,2026-07-30 11:46:41+0800,1,8
layer_1,FNN3,full_train,,success,,31499,862,143,6,6,1,parallel_loky,11,17,95100,2026-07-30 11:46:29+0800,15.568920799999999,2026-07-30 11:46:44+0800,1,8
layer_1,SVM-Lin,full_train,,success,,31499,862,143,6,6,1,parallel_loky,12,17,106368,2026-07-30 11:46:29+0800,532.207677,2026-07-30 11:55:21+0800,1,8
layer_1,SVM-Poly,full_train,,success,,31499,862,143,6,6,1,parallel_loky,13,17,110028,2026-07-30 11:46:29+0800,118.738161,2026-07-30 11:48:28+0800,1,8
layer_1,SVM-RBF,full_train,,success,,31499,862,143,6,6,1,parallel_loky,14,17,101152,2026-07-30 11:46:29+0800,105.89122920000001,2026-07-30 11:48:15+0800,1,8
layer_1,KNN,full_train,,success,,31499,862,143,6,6,1,parallel_loky,15,17,97168,2026-07-30 11:46:42+0800,0.27759670000000014,2026-07-30 11:46:42+0800,1,8
layer_1,NCA,full_train,,success,,31499,862,143,6,1,1,exclusive_spawn,16,17,101568,2026-07-30 09:18:07+0800,8900.438438500001,2026-07-30 11:46:27+0800,1,8
layer_1,ITML,full_train,,success,,31499,862,143,6,6,1,parallel_loky,17,17,97168,2026-07-30 11:46:41+0800,0.7478188999999986,2026-07-30 11:46:42+0800,1,8
layer_2,LDA,full_train,,success,,31499,862,17,6,6,1,parallel_loky,1,17,99744,2026-07-30 12:47:45+0800,0.039787400000000694,2026-07-30 12:47:45+0800,1,8
layer_2,QDA,full_train,,success,,31499,862,17,6,6,1,parallel_loky,2,17,99744,2026-07-30 12:47:45+0800,0.02120899999999981,2026-07-30 12:47:45+0800,1,8
layer_2,Logit,full_train,,success,,31499,862,17,6,6,1,parallel_loky,3,17,99744,2026-07-30 12:47:44+0800,0.09599690000000027,2026-07-30 12:47:45+0800,1,8
layer_2,Probit,full_train,,success,,31499,862,17,6,6,1,parallel_loky,4,17,99744,2026-07-30 12:47:44+0800,0.22119410000000084,2026-07-30 12:47:44+0800,1,8
layer_2,NaiveBayes,full_train,,success,,31499,862,17,6,6,1,parallel_loky,5,17,99744,2026-07-30 12:47:45+0800,0.00969819999999988,2026-07-30 12:47:45+0800,1,8
layer_2,Tree-ID3,full_train,,success,,31499,862,17,6,6,1,parallel_loky,6,17,99744,2026-07-30 12:47:45+0800,0.06571660000000001,2026-07-30 12:47:45+0800,1,8
layer_2,Tree-C4.5,full_train,,success,,31499,862,17,6,6,1,parallel_loky,7,17,99744,2026-07-30 12:47:45+0800,0.06132639999999956,2026-07-30 12:47:46+0800,1,8
layer_2,Tree-CART,full_train,,success,,31499,862,17,6,6,1,parallel_loky,8,17,99744,2026-07-30 12:47:46+0800,0.060405099999999656,2026-07-30 12:47:46+0800,1,8
layer_2,FNN1,full_train,,success,,31499,862,17,6,6,1,parallel_loky,9,17,99744,2026-07-30 12:47:40+0800,4.4501779,2026-07-30 12:47:44+0800,1,8
layer_2,FNN2,full_train,,success,,31499,862,17,6,6,1,parallel_loky,10,17,97744,2026-07-30 12:47:40+0800,7.292372500000001,2026-07-30 12:47:47+0800,1,8
layer_2,FNN3,full_train,,success,,31499,862,17,6,6,1,parallel_loky,11,17,103496,2026-07-30 12:47:40+0800,10.4377409,2026-07-30 12:47:50+0800,1,8
layer_2,SVM-Lin,full_train,,success,,31499,862,17,6,6,1,parallel_loky,12,17,85012,2026-07-30 12:47:40+0800,20.1109522,2026-07-30 12:48:00+0800,1,8
layer_2,SVM-Poly,full_train,,success,,31499,862,17,6,6,1,parallel_loky,13,17,97152,2026-07-30 12:47:40+0800,18.389833900000003,2026-07-30 12:47:58+0800,1,8
layer_2,SVM-RBF,full_train,,success,,31499,862,17,6,6,1,parallel_loky,14,17,108880,2026-07-30 12:47:40+0800,13.8941912,2026-07-30 12:47:54+0800,1,8
layer_2,KNN,full_train,,success,,31499,862,17,6,6,1,parallel_loky,15,17,99744,2026-07-30 12:47:45+0800,0.06817030000000024,2026-07-30 12:47:45+0800,1,8
layer_2,NCA,full_train,,success,,31499,862,17,6,1,1,exclusive_spawn,16,17,88824,2026-07-30 11:55:22+0800,3135.7260601999997,2026-07-30 12:47:38+0800,1,8
layer_2,ITML,full_train,,success,,31499,862,17,6,6,1,parallel_loky,17,17,99744,2026-07-30 12:47:45+0800,0.6809655000000001,2026-07-30 12:47:45+0800,1,8
layer_1,LDA,oof,0.0,success,,22782,9007,143,6,6,1,parallel_loky,1,17,82992,2026-07-30 13:54:09+0800,0.5088563999999991,2026-07-30 13:54:10+0800,1,9
layer_1,QDA,oof,0.0,success,,22782,9007,143,6,6,1,parallel_loky,2,17,82992,2026-07-30 13:54:10+0800,0.40825049999999763,2026-07-30 13:54:10+0800,1,9
layer_1,Logit,oof,0.0,success,,22782,9007,143,6,6,1,parallel_loky,3,17,86588,2026-07-30 13:54:05+0800,16.4723779,2026-07-30 13:54:21+0800,1,9
layer_1,Probit,oof,0.0,success,,22782,9007,143,6,6,1,parallel_loky,4,17,86588,2026-07-30 13:54:03+0800,2.196456399999999,2026-07-30 13:54:05+0800,1,9
layer_1,NaiveBayes,oof,0.0,success,,22782,9007,143,6,6,1,parallel_loky,5,17,82992,2026-07-30 13:54:10+0800,0.07623459999999938,2026-07-30 13:54:10+0800,1,9
layer_1,Tree-ID3,oof,0.0,success,,22782,9007,143,6,6,1,parallel_loky,6,17,82992,2026-07-30 13:54:10+0800,4.0218959000000005,2026-07-30 13:54:14+0800,1,9
layer_1,Tree-C4.5,oof,0.0,success,,22782,9007,143,6,6,1,parallel_loky,7,17,103756,2026-07-30 13:54:11+0800,3.9709724999999985,2026-07-30 13:54:15+0800,1,9
layer_1,Tree-CART,oof,0.0,success,,22782,9007,143,6,6,1,parallel_loky,8,17,82992,2026-07-30 13:54:14+0800,3.884662500000001,2026-07-30 13:54:18+0800,1,9
layer_1,FNN1,oof,0.0,success,,22782,9007,143,6,6,1,parallel_loky,9,17,86588,2026-07-30 13:53:56+0800,6.8366439,2026-07-30 13:54:03+0800,1,9
layer_1,FNN2,oof,0.0,success,,22782,9007,143,6,6,1,parallel_loky,10,17,82992,2026-07-30 13:53:56+0800,9.898224,2026-07-30 13:54:06+0800,1,9
layer_1,FNN3,oof,0.0,success,,22782,9007,143,6,6,1,parallel_loky,11,17,103756,2026-07-30 13:53:56+0800,12.2377221,2026-07-30 13:54:08+0800,1,9
layer_1,SVM-Lin,oof,0.0,success,,22782,9007,143,6,6,1,parallel_loky,12,17,98136,2026-07-30 13:53:56+0800,289.7065849,2026-07-30 13:58:46+0800,1,9
layer_1,SVM-Poly,oof,0.0,success,,22782,9007,143,6,6,1,parallel_loky,13,17,106512,2026-07-30 13:53:56+0800,63.0300738,2026-07-30 13:54:59+0800,1,9
layer_1,SVM-RBF,oof,0.0,success,,22782,9007,143,6,6,1,parallel_loky,14,17,92772,2026-07-30 13:53:56+0800,72.9547827,2026-07-30 13:55:09+0800,1,9
layer_1,KNN,oof,0.0,success,,22782,9007,143,6,6,1,parallel_loky,15,17,103756,2026-07-30 13:54:08+0800,2.8051415000000013,2026-07-30 13:54:11+0800,1,9
layer_1,NCA,oof,0.0,success,,22782,9007,143,6,1,1,exclusive_spawn,16,17,109376,2026-07-30 12:48:02+0800,3947.6619975999997,2026-07-30 13:53:50+0800,1,9
layer_1,ITML,oof,0.0,success,,22782,9007,143,6,6,1,parallel_loky,17,17,82992,2026-07-30 13:54:06+0800,3.277377399999999,2026-07-30 13:54:09+0800,1,9
layer_1,LDA,oof,1.0,success,,21917,9872,143,6,6,1,parallel_loky,1,17,99620,2026-07-30 14:53:30+0800,0.487465499999999,2026-07-30 14:53:30+0800,1,9
layer_1,QDA,oof,1.0,success,,21917,9872,143,6,6,1,parallel_loky,2,17,99620,2026-07-30 14:53:30+0800,0.338025499999997,2026-07-30 14:53:31+0800,1,9
layer_1,Logit,oof,1.0,success,,21917,9872,143,6,6,1,parallel_loky,3,17,74984,2026-07-30 14:53:25+0800,14.782380900000001,2026-07-30 14:53:39+0800,1,9
layer_1,Probit,oof,1.0,success,,21917,9872,143,6,6,1,parallel_loky,4,17,74984,2026-07-30 14:53:22+0800,2.4963438999999994,2026-07-30 14:53:25+0800,1,9
layer_1,NaiveBayes,oof,1.0,success,,21917,9872,143,6,6,1,parallel_loky,5,17,99620,2026-07-30 14:53:31+0800,0.08297209999999922,2026-07-30 14:53:31+0800,1,9
layer_1,Tree-ID3,oof,1.0,success,,21917,9872,143,6,6,1,parallel_loky,6,17,99620,2026-07-30 14:53:31+0800,4.5051773,2026-07-30 14:53:35+0800,1,9
layer_1,Tree-C4.5,oof,1.0,success,,21917,9872,143,6,6,1,parallel_loky,7,17,108476,2026-07-30 14:53:31+0800,4.5415581,2026-07-30 14:53:36+0800,1,9
layer_1,Tree-CART,oof,1.0,success,,21917,9872,143,6,6,1,parallel_loky,8,17,99620,2026-07-30 14:53:35+0800,4.474173,2026-07-30 14:53:40+0800,1,9
layer_1,FNN1,oof,1.0,success,,21917,9872,143,6,6,1,parallel_loky,9,17,74984,2026-07-30 14:53:14+0800,7.9462708,2026-07-30 14:53:22+0800,1,9
layer_1,FNN2,oof,1.0,success,,21917,9872,143,6,6,1,parallel_loky,10,17,99620,2026-07-30 14:53:14+0800,11.426296899999999,2026-07-30 14:53:25+0800,1,9
layer_1,FNN3,oof,1.0,success,,21917,9872,143,6,6,1,parallel_loky,11,17,108476,2026-07-30 14:53:14+0800,14.006352500000002,2026-07-30 14:53:28+0800,1,9
layer_1,SVM-Lin,oof,1.0,success,,21917,9872,143,6,6,1,parallel_loky,12,17,102700,2026-07-30 14:53:14+0800,158.7988368,2026-07-30 14:55:53+0800,1,9
layer_1,SVM-Poly,oof,1.0,success,,21917,9872,143,6,6,1,parallel_loky,13,17,99100,2026-07-30 14:53:14+0800,61.216347500000005,2026-07-30 14:54:15+0800,1,9
layer_1,SVM-RBF,oof,1.0,success,,21917,9872,143,6,6,1,parallel_loky,14,17,103680,2026-07-30 14:53:14+0800,72.5281462,2026-07-30 14:54:27+0800,1,9
layer_1,KNN,oof,1.0,success,,21917,9872,143,6,6,1,parallel_loky,15,17,108476,2026-07-30 14:53:28+0800,3.3840369000000017,2026-07-30 14:53:31+0800,1,9
layer_1,NCA,oof,1.0,success,,21917,9872,143,6,1,1,exclusive_spawn,16,17,92736,2026-07-30 13:58:48+0800,3260.9357555,2026-07-30 14:53:09+0800,1,9
layer_1,ITML,oof,1.0,success,,21917,9872,143,6,6,1,parallel_loky,17,17,99620,2026-07-30 14:53:25+0800,4.343418800000002,2026-07-30 14:53:30+0800,1,9
layer_1,LDA,oof,2.0,success,,18879,12910,143,6,6,1,parallel_loky,1,17,92460,2026-07-30 15:31:41+0800,0.47116119999999917,2026-07-30 15:31:42+0800,1,9
layer_1,QDA,oof,2.0,success,,18879,12910,143,6,6,1,parallel_loky,2,17,92460,2026-07-30 15:31:42+0800,0.4044447000000009,2026-07-30 15:31:42+0800,1,9
layer_1,Logit,oof,2.0,success,,18879,12910,143,6,6,1,parallel_loky,3,17,105564,2026-07-30 15:31:37+0800,11.362707700000001,2026-07-30 15:31:48+0800,1,9
layer_1,Probit,oof,2.0,success,,18879,12910,143,6,6,1,parallel_loky,4,17,105564,2026-07-30 15:31:35+0800,2.225212999999999,2026-07-30 15:31:37+0800,1,9
layer_1,NaiveBayes,oof,2.0,success,,18879,12910,143,6,6,1,parallel_loky,5,17,92460,2026-07-30 15:31:42+0800,0.08187350000000038,2026-07-30 15:31:42+0800,1,9
layer_1,Tree-ID3,oof,2.0,success,,18879,12910,143,6,6,1,parallel_loky,6,17,92460,2026-07-30 15:31:42+0800,4.061272600000002,2026-07-30 15:31:47+0800,1,9
layer_1,Tree-C4.5,oof,2.0,success,,18879,12910,143,6,6,1,parallel_loky,7,17,104620,2026-07-30 15:31:43+0800,4.0712139999999994,2026-07-30 15:31:47+0800,1,9
layer_1,Tree-CART,oof,2.0,success,,18879,12910,143,6,6,1,parallel_loky,8,17,92460,2026-07-30 15:31:47+0800,3.6561474999999994,2026-07-30 15:31:50+0800,1,9
layer_1,FNN1,oof,2.0,success,,18879,12910,143,6,6,1,parallel_loky,9,17,105564,2026-07-30 15:31:28+0800,6.3737373,2026-07-30 15:31:35+0800,1,9
layer_1,FNN2,oof,2.0,success,,18879,12910,143,6,6,1,parallel_loky,10,17,92460,2026-07-30 15:31:28+0800,9.0436551,2026-07-30 15:31:37+0800,1,9
layer_1,FNN3,oof,2.0,success,,18879,12910,143,6,6,1,parallel_loky,11,17,104620,2026-07-30 15:31:28+0800,10.7883096,2026-07-30 15:31:39+0800,1,9
layer_1,SVM-Lin,oof,2.0,success,,18879,12910,143,6,6,1,parallel_loky,12,17,109240,2026-07-30 15:31:28+0800,112.1810594,2026-07-30 15:33:20+0800,1,9
layer_1,SVM-Poly,oof,2.0,success,,18879,12910,143,6,6,1,parallel_loky,13,17,99084,2026-07-30 15:31:28+0800,45.1545218,2026-07-30 15:32:13+0800,1,9
layer_1,SVM-RBF,oof,2.0,success,,18879,12910,143,6,6,1,parallel_loky,14,17,82444,2026-07-30 15:31:28+0800,59.559350900000005,2026-07-30 15:32:28+0800,1,9
layer_1,KNN,oof,2.0,success,,18879,12910,143,6,6,1,parallel_loky,15,17,104620,2026-07-30 15:31:39+0800,3.5294264,2026-07-30 15:31:43+0800,1,9
layer_1,NCA,oof,2.0,success,,18879,12910,143,6,1,1,exclusive_spawn,16,17,93992,2026-07-30 14:55:55+0800,2132.2115433,2026-07-30 15:31:27+0800,1,9
layer_1,ITML,oof,2.0,success,,18879,12910,143,6,6,1,parallel_loky,17,17,92460,2026-07-30 15:31:37+0800,4.1314791,2026-07-30 15:31:41+0800,1,9
layer_1,LDA,full_train,,success,,31789,572,143,6,6,1,parallel_loky,1,17,103436,2026-07-30 18:08:32+0800,0.733024799999999,2026-07-30 18:08:33+0800,1,9
layer_1,QDA,full_train,,success,,31789,572,143,6,6,1,parallel_loky,2,17,103436,2026-07-30 18:08:33+0800,0.45026359999999954,2026-07-30 18:08:34+0800,1,9
layer_1,Logit,full_train,,success,,31789,572,143,6,6,1,parallel_loky,3,17,75480,2026-07-30 18:08:31+0800,28.5521861,2026-07-30 18:08:59+0800,1,9
layer_1,Probit,full_train,,success,,31789,572,143,6,6,1,parallel_loky,4,17,103436,2026-07-30 18:08:28+0800,3.4810660999999996,2026-07-30 18:08:31+0800,1,9
layer_1,NaiveBayes,full_train,,success,,31789,572,143,6,6,1,parallel_loky,5,17,103436,2026-07-30 18:08:34+0800,0.07213720000000023,2026-07-30 18:08:34+0800,1,9
layer_1,Tree-ID3,full_train,,success,,31789,572,143,6,6,1,parallel_loky,6,17,103436,2026-07-30 18:08:34+0800,5.897124099999999,2026-07-30 18:08:40+0800,1,9
layer_1,Tree-C4.5,full_train,,success,,31789,572,143,6,6,1,parallel_loky,7,17,110116,2026-07-30 18:08:34+0800,6.1592004,2026-07-30 18:08:40+0800,1,9
layer_1,Tree-CART,full_train,,success,,31789,572,143,6,6,1,parallel_loky,8,17,103436,2026-07-30 18:08:40+0800,5.7451124,2026-07-30 18:08:45+0800,1,9
layer_1,FNN1,full_train,,success,,31789,572,143,6,6,1,parallel_loky,9,17,103436,2026-07-30 18:08:16+0800,11.263705,2026-07-30 18:08:28+0800,1,9
layer_1,FNN2,full_train,,success,,31789,572,143,6,6,1,parallel_loky,10,17,75480,2026-07-30 18:08:16+0800,14.3975402,2026-07-30 18:08:31+0800,1,9
layer_1,FNN3,full_train,,success,,31789,572,143,6,6,1,parallel_loky,11,17,110116,2026-07-30 18:08:16+0800,17.6170997,2026-07-30 18:08:34+0800,1,9
layer_1,SVM-Lin,full_train,,success,,31789,572,143,6,6,1,parallel_loky,12,17,104840,2026-07-30 18:08:16+0800,598.0292896999999,2026-07-30 18:18:14+0800,1,9
layer_1,SVM-Poly,full_train,,success,,31789,572,143,6,6,1,parallel_loky,13,17,98344,2026-07-30 18:08:16+0800,132.3726061,2026-07-30 18:10:29+0800,1,9
layer_1,SVM-RBF,full_train,,success,,31789,572,143,6,6,1,parallel_loky,14,17,103468,2026-07-30 18:08:16+0800,117.8237148,2026-07-30 18:10:14+0800,1,9
layer_1,KNN,full_train,,success,,31789,572,143,6,6,1,parallel_loky,15,17,103436,2026-07-30 18:08:32+0800,0.22609750000000162,2026-07-30 18:08:32+0800,1,9
layer_1,NCA,full_train,,success,,31789,572,143,6,1,1,exclusive_spawn,16,17,109632,2026-07-30 15:33:23+0800,9292.0747422,2026-07-30 18:08:15+0800,1,9
layer_1,ITML,full_train,,success,,31789,572,143,6,6,1,parallel_loky,17,17,103436,2026-07-30 18:08:31+0800,0.7760990999999997,2026-07-30 18:08:32+0800,1,9
layer_2,LDA,full_train,,success,,31789,572,17,6,6,1,parallel_loky,1,17,85112,2026-07-30 19:21:50+0800,0.047517199999999704,2026-07-30 19:21:50+0800,1,9
layer_2,QDA,full_train,,success,,31789,572,17,6,6,1,parallel_loky,2,17,85112,2026-07-30 19:21:50+0800,0.021679600000000576,2026-07-30 19:21:50+0800,1,9
layer_2,Logit,full_train,,success,,31789,572,17,6,6,1,parallel_loky,3,17,85112,2026-07-30 19:21:49+0800,0.11798300000000062,2026-07-30 19:21:49+0800,1,9
layer_2,Probit,full_train,,success,,31789,572,17,6,6,1,parallel_loky,4,17,85112,2026-07-30 19:21:48+0800,0.21574699999999947,2026-07-30 19:21:49+0800,1,9
layer_2,NaiveBayes,full_train,,success,,31789,572,17,6,6,1,parallel_loky,5,17,85112,2026-07-30 19:21:50+0800,0.011011299999999835,2026-07-30 19:21:50+0800,1,9
layer_2,Tree-ID3,full_train,,success,,31789,572,17,6,6,1,parallel_loky,6,17,85112,2026-07-30 19:21:50+0800,0.07365510000000164,2026-07-30 19:21:50+0800,1,9
layer_2,Tree-C4.5,full_train,,success,,31789,572,17,6,6,1,parallel_loky,7,17,85112,2026-07-30 19:21:50+0800,0.07649370000000033,2026-07-30 19:21:50+0800,1,9
layer_2,Tree-CART,full_train,,success,,31789,572,17,6,6,1,parallel_loky,8,17,85112,2026-07-30 19:21:50+0800,0.0710601000000004,2026-07-30 19:21:50+0800,1,9
layer_2,FNN1,full_train,,success,,31789,572,17,6,6,1,parallel_loky,9,17,85112,2026-07-30 19:21:43+0800,5.7422711,2026-07-30 19:21:48+0800,1,9
layer_2,FNN2,full_train,,success,,31789,572,17,6,6,1,parallel_loky,10,17,103492,2026-07-30 19:21:43+0800,9.6146633,2026-07-30 19:21:52+0800,1,9
layer_2,FNN3,full_train,,success,,31789,572,17,6,6,1,parallel_loky,11,17,82376,2026-07-30 19:21:43+0800,12.7413086,2026-07-30 19:21:55+0800,1,9
layer_2,SVM-Lin,full_train,,success,,31789,572,17,6,6,1,parallel_loky,12,17,88016,2026-07-30 19:21:43+0800,20.319688,2026-07-30 19:22:03+0800,1,9
layer_2,SVM-Poly,full_train,,success,,31789,572,17,6,6,1,parallel_loky,13,17,105704,2026-07-30 19:21:43+0800,18.747155499999998,2026-07-30 19:22:01+0800,1,9
layer_2,SVM-RBF,full_train,,success,,31789,572,17,6,6,1,parallel_loky,14,17,107812,2026-07-30 19:21:43+0800,14.5668979,2026-07-30 19:21:57+0800,1,9
layer_2,KNN,full_train,,success,,31789,572,17,6,6,1,parallel_loky,15,17,85112,2026-07-30 19:21:50+0800,0.06157810000000019,2026-07-30 19:21:50+0800,1,9
layer_2,NCA,full_train,,success,,31789,572,17,6,1,1,exclusive_spawn,16,17,107564,2026-07-30 18:18:16+0800,3805.2455539,2026-07-30 19:21:41+0800,1,9
layer_2,ITML,full_train,,success,,31789,572,17,6,6,1,parallel_loky,17,17,85112,2026-07-30 19:21:49+0800,0.8095664999999999,2026-07-30 19:21:50+0800,1,9
layer_1,LDA,oof,0.0,success,,23072,9007,143,6,6,1,parallel_loky,1,17,108968,2026-07-30 20:27:38+0800,0.5395276999999989,2026-07-30 20:27:38+0800,1,10
layer_1,QDA,oof,0.0,success,,23072,9007,143,6,6,1,parallel_loky,2,17,108968,2026-07-30 20:27:38+0800,0.3540289000000012,2026-07-30 20:27:39+0800,1,10
layer_1,Logit,oof,0.0,success,,23072,9007,143,6,6,1,parallel_loky,3,17,96872,2026-07-30 20:27:34+0800,17.9451524,2026-07-30 20:27:52+0800,1,10
layer_1,Probit,oof,0.0,success,,23072,9007,143,6,6,1,parallel_loky,4,17,96872,2026-07-30 20:27:32+0800,2.4749599,2026-07-30 20:27:34+0800,1,10
layer_1,NaiveBayes,oof,0.0,success,,23072,9007,143,6,6,1,parallel_loky,5,17,108968,2026-07-30 20:27:39+0800,0.08367989999999992,2026-07-30 20:27:39+0800,1,10
layer_1,Tree-ID3,oof,0.0,success,,23072,9007,143,6,6,1,parallel_loky,6,17,108968,2026-07-30 20:27:39+0800,4.236618999999999,2026-07-30 20:27:43+0800,1,10
layer_1,Tree-C4.5,oof,0.0,success,,23072,9007,143,6,6,1,parallel_loky,7,17,105780,2026-07-30 20:27:40+0800,4.3487647,2026-07-30 20:27:44+0800,1,10
layer_1,Tree-CART,oof,0.0,success,,23072,9007,143,6,6,1,parallel_loky,8,17,108968,2026-07-30 20:27:43+0800,4.070119500000001,2026-07-30 20:27:47+0800,1,10
layer_1,FNN1,oof,0.0,success,,23072,9007,143,6,6,1,parallel_loky,9,17,96872,2026-07-30 20:27:24+0800,8.008155,2026-07-30 20:27:32+0800,1,10
layer_1,FNN2,oof,0.0,success,,23072,9007,143,6,6,1,parallel_loky,10,17,108968,2026-07-30 20:27:24+0800,11.025715100000001,2026-07-30 20:27:35+0800,1,10
layer_1,FNN3,oof,0.0,success,,23072,9007,143,6,6,1,parallel_loky,11,17,105780,2026-07-30 20:27:24+0800,13.7309829,2026-07-30 20:27:37+0800,1,10
layer_1,SVM-Lin,oof,0.0,success,,23072,9007,143,6,6,1,parallel_loky,12,17,92804,2026-07-30 20:27:24+0800,369.1776099,2026-07-30 20:33:33+0800,1,10
layer_1,SVM-Poly,oof,0.0,success,,23072,9007,143,6,6,1,parallel_loky,13,17,79880,2026-07-30 20:27:24+0800,69.0245096,2026-07-30 20:28:33+0800,1,10
layer_1,SVM-RBF,oof,0.0,success,,23072,9007,143,6,6,1,parallel_loky,14,17,97052,2026-07-30 20:27:24+0800,79.132501,2026-07-30 20:28:43+0800,1,10
layer_1,KNN,oof,0.0,success,,23072,9007,143,6,6,1,parallel_loky,15,17,105780,2026-07-30 20:27:37+0800,2.6888817000000014,2026-07-30 20:27:40+0800,1,10
layer_1,NCA,oof,0.0,success,,23072,9007,143,6,1,1,exclusive_spawn,16,17,100720,2026-07-30 19:22:06+0800,3916.8509267,2026-07-30 20:27:23+0800,1,10
layer_1,ITML,oof,0.0,success,,23072,9007,143,6,6,1,parallel_loky,17,17,108968,2026-07-30 20:27:35+0800,3.0968999000000004,2026-07-30 20:27:38+0800,1,10
layer_1,LDA,oof,1.0,success,,22207,9872,143,6,6,1,parallel_loky,1,17,98752,2026-07-30 21:33:31+0800,0.5260002000000004,2026-07-30 21:33:32+0800,1,10
layer_1,QDA,oof,1.0,success,,22207,9872,143,6,6,1,parallel_loky,2,17,98752,2026-07-30 21:33:32+0800,0.3979329000000007,2026-07-30 21:33:32+0800,1,10
layer_1,Logit,oof,1.0,success,,22207,9872,143,6,6,1,parallel_loky,3,17,102468,2026-07-30 21:33:28+0800,14.5089884,2026-07-30 21:33:42+0800,1,10
layer_1,Probit,oof,1.0,success,,22207,9872,143,6,6,1,parallel_loky,4,17,102468,2026-07-30 21:33:25+0800,2.3587605000000007,2026-07-30 21:33:28+0800,1,10
layer_1,NaiveBayes,oof,1.0,success,,22207,9872,143,6,6,1,parallel_loky,5,17,98752,2026-07-30 21:33:32+0800,0.07672409999999985,2026-07-30 21:33:32+0800,1,10
layer_1,Tree-ID3,oof,1.0,success,,22207,9872,143,6,6,1,parallel_loky,6,17,98752,2026-07-30 21:33:32+0800,4.5280618,2026-07-30 21:33:37+0800,1,10
layer_1,Tree-C4.5,oof,1.0,success,,22207,9872,143,6,6,1,parallel_loky,7,17,87696,2026-07-30 21:33:34+0800,4.5618172,2026-07-30 21:33:39+0800,1,10
layer_1,Tree-CART,oof,1.0,success,,22207,9872,143,6,6,1,parallel_loky,8,17,98752,2026-07-30 21:33:37+0800,4.3447330000000015,2026-07-30 21:33:41+0800,1,10
layer_1,FNN1,oof,1.0,success,,22207,9872,143,6,6,1,parallel_loky,9,17,102468,2026-07-30 21:33:18+0800,7.5623512999999996,2026-07-30 21:33:25+0800,1,10
layer_1,FNN2,oof,1.0,success,,22207,9872,143,6,6,1,parallel_loky,10,17,98752,2026-07-30 21:33:18+0800,10.4909771,2026-07-30 21:33:28+0800,1,10
layer_1,FNN3,oof,1.0,success,,22207,9872,143,6,6,1,parallel_loky,11,17,87696,2026-07-30 21:33:18+0800,13.106306,2026-07-30 21:33:31+0800,1,10
layer_1,SVM-Lin,oof,1.0,success,,22207,9872,143,6,6,1,parallel_loky,12,17,85684,2026-07-30 21:33:18+0800,187.24993080000002,2026-07-30 21:36:25+0800,1,10
layer_1,SVM-Poly,oof,1.0,success,,22207,9872,143,6,6,1,parallel_loky,13,17,78132,2026-07-30 21:33:18+0800,65.4074632,2026-07-30 21:34:23+0800,1,10
layer_1,SVM-RBF,oof,1.0,success,,22207,9872,143,6,6,1,parallel_loky,14,17,87504,2026-07-30 21:33:18+0800,77.9101269,2026-07-30 21:34:36+0800,1,10
layer_1,KNN,oof,1.0,success,,22207,9872,143,6,6,1,parallel_loky,15,17,87696,2026-07-30 21:33:31+0800,3.0763193000000015,2026-07-30 21:33:34+0800,1,10
layer_1,NCA,oof,1.0,success,,22207,9872,143,6,1,1,exclusive_spawn,16,17,98048,2026-07-30 20:33:34+0800,3582.3285060000003,2026-07-30 21:33:17+0800,1,10
layer_1,ITML,oof,1.0,success,,22207,9872,143,6,6,1,parallel_loky,17,17,98752,2026-07-30 21:33:28+0800,2.8985514000000006,2026-07-30 21:33:31+0800,1,10
layer_1,LDA,oof,2.0,success,,18879,13200,143,6,6,1,parallel_loky,1,17,92744,2026-07-30 22:13:48+0800,0.44408639999999977,2026-07-30 22:13:48+0800,1,10
layer_1,QDA,oof,2.0,success,,18879,13200,143,6,6,1,parallel_loky,2,17,92744,2026-07-30 22:13:48+0800,0.38915339999999965,2026-07-30 22:13:49+0800,1,10
layer_1,Logit,oof,2.0,success,,18879,13200,143,6,6,1,parallel_loky,3,17,99084,2026-07-30 22:13:44+0800,12.7147066,2026-07-30 22:13:56+0800,1,10
layer_1,Probit,oof,2.0,success,,18879,13200,143,6,6,1,parallel_loky,4,17,99084,2026-07-30 22:13:42+0800,1.9997494000000007,2026-07-30 22:13:44+0800,1,10
layer_1,NaiveBayes,oof,2.0,success,,18879,13200,143,6,6,1,parallel_loky,5,17,92744,2026-07-30 22:13:49+0800,0.08169960000000032,2026-07-30 22:13:49+0800,1,10
layer_1,Tree-ID3,oof,2.0,success,,18879,13200,143,6,6,1,parallel_loky,6,17,92744,2026-07-30 22:13:49+0800,4.132757100000001,2026-07-30 22:13:53+0800,1,10
layer_1,Tree-C4.5,oof,2.0,success,,18879,13200,143,6,6,1,parallel_loky,7,17,98240,2026-07-30 22:13:50+0800,4.099047099999998,2026-07-30 22:13:54+0800,1,10
layer_1,Tree-CART,oof,2.0,success,,18879,13200,143,6,6,1,parallel_loky,8,17,92744,2026-07-30 22:13:53+0800,3.777266000000001,2026-07-30 22:13:57+0800,1,10
layer_1,FNN1,oof,2.0,success,,18879,13200,143,6,6,1,parallel_loky,9,17,99084,2026-07-30 22:13:35+0800,6.3360684,2026-07-30 22:13:42+0800,1,10
layer_1,FNN2,oof,2.0,success,,18879,13200,143,6,6,1,parallel_loky,10,17,92744,2026-07-30 22:13:35+0800,8.8270711,2026-07-30 22:13:44+0800,1,10
layer_1,FNN3,oof,2.0,success,,18879,13200,143,6,6,1,parallel_loky,11,17,98240,2026-07-30 22:13:35+0800,11.335010500000001,2026-07-30 22:13:47+0800,1,10
layer_1,SVM-Lin,oof,2.0,success,,18879,13200,143,6,6,1,parallel_loky,12,17,108340,2026-07-30 22:13:35+0800,124.7738739,2026-07-30 22:15:40+0800,1,10
layer_1,SVM-Poly,oof,2.0,success,,18879,13200,143,6,6,1,parallel_loky,13,17,102892,2026-07-30 22:13:35+0800,48.5889795,2026-07-30 22:14:24+0800,1,10
layer_1,SVM-RBF,oof,2.0,success,,18879,13200,143,6,6,1,parallel_loky,14,17,102436,2026-07-30 22:13:35+0800,64.3258555,2026-07-30 22:14:40+0800,1,10
layer_1,KNN,oof,2.0,success,,18879,13200,143,6,6,1,parallel_loky,15,17,98240,2026-07-30 22:13:47+0800,3.7412948000000004,2026-07-30 22:13:50+0800,1,10
layer_1,NCA,oof,2.0,success,,18879,13200,143,6,1,1,exclusive_spawn,16,17,84128,2026-07-30 21:36:27+0800,2226.9659815,2026-07-30 22:13:34+0800,1,10
layer_1,ITML,oof,2.0,success,,18879,13200,143,6,6,1,parallel_loky,17,17,92744,2026-07-30 22:13:44+0800,3.6389369999999985,2026-07-30 22:13:48+0800,1,10
layer_1,LDA,full_train,,success,,32079,282,143,6,6,1,parallel_loky,1,17,87660,2026-07-31 01:10:36+0800,0.8251599000000027,2026-07-31 01:10:37+0800,1,10
layer_1,QDA,full_train,,success,,32079,282,143,6,6,1,parallel_loky,2,17,87660,2026-07-31 01:10:37+0800,0.5202756000000015,2026-07-31 01:10:37+0800,1,10
layer_1,Logit,full_train,,success,,32079,282,143,6,6,1,parallel_loky,3,17,98532,2026-07-31 01:10:34+0800,30.013932899999997,2026-07-31 01:11:04+0800,1,10
layer_1,Probit,full_train,,success,,32079,282,143,6,6,1,parallel_loky,4,17,98532,2026-07-31 01:10:29+0800,4.380640300000003,2026-07-31 01:10:34+0800,1,10
layer_1,NaiveBayes,full_train,,success,,32079,282,143,6,6,1,parallel_loky,5,17,87660,2026-07-31 01:10:37+0800,0.0656560000000006,2026-07-31 01:10:37+0800,1,10
layer_1,Tree-ID3,full_train,,success,,32079,282,143,6,6,1,parallel_loky,6,17,87660,2026-07-31 01:10:37+0800,6.862551999999997,2026-07-31 01:10:44+0800,1,10
layer_1,Tree-C4.5,full_train,,success,,32079,282,143,6,6,1,parallel_loky,7,17,86800,2026-07-31 01:10:40+0800,6.832895499999999,2026-07-31 01:10:47+0800,1,10
layer_1,Tree-CART,full_train,,success,,32079,282,143,6,6,1,parallel_loky,8,17,87660,2026-07-31 01:10:44+0800,6.149428099999994,2026-07-31 01:10:50+0800,1,10
layer_1,FNN1,full_train,,success,,32079,282,143,6,6,1,parallel_loky,9,17,98532,2026-07-31 01:10:13+0800,16.0283296,2026-07-31 01:10:29+0800,1,10
layer_1,FNN2,full_train,,success,,32079,282,143,6,6,1,parallel_loky,10,17,87660,2026-07-31 01:10:13+0800,21.430647800000003,2026-07-31 01:10:35+0800,1,10
layer_1,FNN3,full_train,,success,,32079,282,143,6,6,1,parallel_loky,11,17,86800,2026-07-31 01:10:13+0800,26.708277600000002,2026-07-31 01:10:40+0800,1,10
layer_1,SVM-Lin,full_train,,success,,32079,282,143,6,6,1,parallel_loky,12,17,108712,2026-07-31 01:10:13+0800,738.3441637,2026-07-31 01:22:33+0800,1,10
layer_1,SVM-Poly,full_train,,success,,32079,282,143,6,6,1,parallel_loky,13,17,99928,2026-07-31 01:10:13+0800,160.0664571,2026-07-31 01:12:53+0800,1,10
layer_1,SVM-RBF,full_train,,success,,32079,282,143,6,6,1,parallel_loky,14,17,76976,2026-07-31 01:10:13+0800,145.6582581,2026-07-31 01:12:39+0800,1,10
layer_1,KNN,full_train,,success,,32079,282,143,6,6,1,parallel_loky,15,17,87660,2026-07-31 01:10:36+0800,0.19087689999999924,2026-07-31 01:10:36+0800,1,10
layer_1,NCA,full_train,,success,,32079,282,143,6,1,1,exclusive_spawn,16,17,104644,2026-07-30 22:15:42+0800,10464.2810388,2026-07-31 01:10:07+0800,1,10
layer_1,ITML,full_train,,success,,32079,282,143,6,6,1,parallel_loky,17,17,87660,2026-07-31 01:10:35+0800,1.198364299999998,2026-07-31 01:10:36+0800,1,10
layer_2,LDA,full_train,,success,,32079,282,17,6,6,1,parallel_loky,1,17,82904,2026-07-31 02:24:34+0800,0.047210999999999004,2026-07-31 02:24:34+0800,1,10
layer_2,QDA,full_train,,success,,32079,282,17,6,6,1,parallel_loky,2,17,82904,2026-07-31 02:24:34+0800,0.020073399999999353,2026-07-31 02:24:34+0800,1,10
layer_2,Logit,full_train,,success,,32079,282,17,6,6,1,parallel_loky,3,17,82904,2026-07-31 02:24:33+0800,0.12276669999999967,2026-07-31 02:24:33+0800,1,10
layer_2,Probit,full_train,,success,,32079,282,17,6,6,1,parallel_loky,4,17,82904,2026-07-31 02:24:33+0800,0.2248600000000005,2026-07-31 02:24:33+0800,1,10
layer_2,NaiveBayes,full_train,,success,,32079,282,17,6,6,1,parallel_loky,5,17,82904,2026-07-31 02:24:34+0800,0.010383199999999704,2026-07-31 02:24:35+0800,1,10
layer_2,Tree-ID3,full_train,,success,,32079,282,17,6,6,1,parallel_loky,6,17,82904,2026-07-31 02:24:35+0800,0.07233689999999982,2026-07-31 02:24:35+0800,1,10
layer_2,Tree-C4.5,full_train,,success,,32079,282,17,6,6,1,parallel_loky,7,17,82904,2026-07-31 02:24:35+0800,0.06947409999999898,2026-07-31 02:24:35+0800,1,10
layer_2,Tree-CART,full_train,,success,,32079,282,17,6,6,1,parallel_loky,8,17,82904,2026-07-31 02:24:35+0800,0.06880620000000093,2026-07-31 02:24:35+0800,1,10
layer_2,FNN1,full_train,,success,,32079,282,17,6,6,1,parallel_loky,9,17,82904,2026-07-31 02:24:27+0800,6.029277799999999,2026-07-31 02:24:33+0800,1,10
layer_2,FNN2,full_train,,success,,32079,282,17,6,6,1,parallel_loky,10,17,99888,2026-07-31 02:24:27+0800,10.8614736,2026-07-31 02:24:38+0800,1,10
layer_2,FNN3,full_train,,success,,32079,282,17,6,6,1,parallel_loky,11,17,107956,2026-07-31 02:24:27+0800,15.6555901,2026-07-31 02:24:43+0800,1,10
layer_2,SVM-Lin,full_train,,success,,32079,282,17,6,6,1,parallel_loky,12,17,89596,2026-07-31 02:24:27+0800,19.3954222,2026-07-31 02:24:46+0800,1,10
layer_2,SVM-Poly,full_train,,success,,32079,282,17,6,6,1,parallel_loky,13,17,93204,2026-07-31 02:24:27+0800,18.5687295,2026-07-31 02:24:46+0800,1,10
layer_2,SVM-RBF,full_train,,success,,32079,282,17,6,6,1,parallel_loky,14,17,105724,2026-07-31 02:24:27+0800,14.643758799999999,2026-07-31 02:24:42+0800,1,10
layer_2,KNN,full_train,,success,,32079,282,17,6,6,1,parallel_loky,15,17,82904,2026-07-31 02:24:34+0800,0.03772569999999931,2026-07-31 02:24:34+0800,1,10
layer_2,NCA,full_train,,success,,32079,282,17,6,1,1,exclusive_spawn,16,17,58800,2026-07-31 01:22:34+0800,3711.3455464000003,2026-07-31 02:24:25+0800,1,10
layer_2,ITML,full_train,,success,,32079,282,17,6,6,1,parallel_loky,17,17,82904,2026-07-31 02:24:34+0800,0.8519278999999988,2026-07-31 02:24:34+0800,1,10
