code,week,week_start,week_num,quarter,quarter_num,quarter_period,target_week,target_quarter,oof_fold,window_id,train_period,test_period,prediction_asof,prediction_target_quarter,alignment_mode,iteration,pred_label,p_mean,p_std,s_tilde,agreement_rate,requested_model_count,layer_1_active_model_count,layer_2_active_model_count,selection_order,true_label
000004,201813,2018-03-26,13,2018Q1,1,2018Q1,201813,2018Q1,2,1,2015Q1-2017Q4,2018Q1,2018Q1,2018Q1,same_quarter_last_week_features_to_same_quarter_last_week_fsfp,1,0,0.0,0.0,0.0,1.0,17,17,17,2,0
000007,201813,2018-03-26,13,2018Q1,1,2018Q1,201813,2018Q1,2,1,2015Q1-2017Q4,2018Q1,2018Q1,2018Q1,same_quarter_last_week_features_to_same_quarter_last_week_fsfp,1,2,2.0,0.0,0.0,1.0,17,17,17,4,2
000008,201813,2018-03-26,13,2018Q1,1,2018Q1,201813,2018Q1,2,1,2015Q1-2017Q4,2018Q1,2018Q1,2018Q1,same_quarter_last_week_features_to_same_quarter_last_week_fsfp,1,2,2.0,0.0,0.0,1.0,17,17,17,5,2
000009,201813,2018-03-26,13,2018Q1,1,2018Q1,201813,2018Q1,2,1,2015Q1-2017Q4,2018Q1,2018Q1,2018Q1,same_quarter_last_week_features_to_same_quarter_last_week_fsfp,1,0,0.0,0.0,0.0,1.0,17,17,17,6,0
000012,201813,2018-03-26,13,2018Q1,1,2018Q1,201813,2018Q1,2,1,2015Q1-2017Q4,2018Q1,2018Q1,2018Q1,same_quarter_last_week_features_to_same_quarter_last_week_fsfp,1,1,1.0,0.0,0.0,1.0,17,17,17,9,1
000016,201813,2018-03-26,13,2018Q1,1,2018Q1,201813,2018Q1,2,1,2015Q1-2017Q4,2018Q1,2018Q1,2018Q1,same_quarter_last_week_features_to_same_quarter_last_week_fsfp,1,1,1.0,0.0,0.0,1.0,17,17,17,11,1
000027,201813,2018-03-26,13,2018Q1,1,2018Q1,201813,2018Q1,2,1,2015Q1-2017Q4,2018Q1,2018Q1,2018Q1,same_quarter_last_week_features_to_same_quarter_last_week_fsfp,1,0,0.0,0.0,0.0,1.0,17,17,17,17,0
000028,201813,2018-03-26,13,2018Q1,1,2018Q1,201813,2018Q1,2,1,2015Q1-2017Q4,2018Q1,2018Q1,2018Q1,same_quarter_last_week_features_to_same_quarter_last_week_fsfp,1,1,1.0,0.0,0.0,1.0,17,17,17,18,1
000030,201813,2018-03-26,13,2018Q1,1,2018Q1,201813,2018Q1,2,1,2015Q1-2017Q4,2018Q1,2018Q1,2018Q1,same_quarter_last_week_features_to_same_quarter_last_week_fsfp,1,0,0.0,0.0,0.0,1.0,17,17,17,19,0
000032,201813,2018-03-26,13,2018Q1,1,2018Q1,201813,2018Q1,2,1,2015Q1-2017Q4,2018Q1,2018Q1,2018Q1,same_quarter_last_week_features_to_same_quarter_last_week_fsfp,1,0,0.0,0.0,0.0,1.0,17,17,17,20,0
000037,201813,2018-03-26,13,2018Q1,1,2018Q1,201813,2018Q1,2,1,2015Q1-2017Q4,2018Q1,2018Q1,2018Q1,same_quarter_last_week_features_to_same_quarter_last_week_fsfp,1,0,0.0,0.0,0.0,1.0,17,17,17,22,0
000042,201813,2018-03-26,13,2018Q1,1,2018Q1,201813,2018Q1,2,1,2015Q1-2017Q4,2018Q1,2018Q1,2018Q1,same_quarter_last_week_features_to_same_quarter_last_week_fsfp,1,1,1.0,0.0,0.0,1.0,17,17,17,24,2
000045,201813,2018-03-26,13,2018Q1,1,2018Q1,201813,2018Q1,2,1,2015Q1-2017Q4,2018Q1,2018Q1,2018Q1,same_quarter_last_week_features_to_same_quarter_last_week_fsfp,1,2,2.0,0.0,0.0,1.0,17,17,17,25,2
000050,201813,2018-03-26,13,2018Q1,1,2018Q1,201813,2018Q1,2,1,2015Q1-2017Q4,2018Q1,2018Q1,2018Q1,same_quarter_last_week_features_to_same_quarter_last_week_fsfp,1,0,0.0,0.0,0.0,1.0,17,17,17,28,0
000058,201813,2018-03-26,13,2018Q1,1,2018Q1,201813,2018Q1,2,1,2015Q1-2017Q4,2018Q1,2018Q1,2018Q1,same_quarter_last_week_features_to_same_quarter_last_week_fsfp,1,0,0.0,0.0,0.0,1.0,17,17,17,30,0
000060,201813,2018-03-26,13,2018Q1,1,2018Q1,201813,2018Q1,2,1,2015Q1-2017Q4,2018Q1,2018Q1,2018Q1,same_quarter_last_week_features_to_same_quarter_last_week_fsfp,1,0,0.0,0.0,0.0,1.0,17,17,17,32,0
000062,201813,2018-03-26,13,2018Q1,1,2018Q1,201813,2018Q1,2,1,2015Q1-2017Q4,2018Q1,2018Q1,2018Q1,same_quarter_last_week_features_to_same_quarter_last_week_fsfp,1,0,0.0,0.0,0.0,1.0,17,17,17,34,0
000066,201813,2018-03-26,13,2018Q1,1,2018Q1,201813,2018Q1,2,1,2015Q1-2017Q4,2018Q1,2018Q1,2018Q1,same_quarter_last_week_features_to_same_quarter_last_week_fsfp,1,0,0.0,0.0,0.0,1.0,17,17,17,37,1
000070,201813,2018-03-26,13,2018Q1,1,2018Q1,201813,2018Q1,2,1,2015Q1-2017Q4,2018Q1,2018Q1,2018Q1,same_quarter_last_week_features_to_same_quarter_last_week_fsfp,1,2,2.0,0.0,0.0,1.0,17,17,17,40,2
000089,201813,2018-03-26,13,2018Q1,1,2018Q1,201813,2018Q1,2,1,2015Q1-2017Q4,2018Q1,2018Q1,2018Q1,same_quarter_last_week_features_to_same_quarter_last_week_fsfp,1,1,1.0,0.0,0.0,1.0,17,17,17,43,1
000096,201813,2018-03-26,13,2018Q1,1,2018Q1,201813,2018Q1,2,1,2015Q1-2017Q4,2018Q1,2018Q1,2018Q1,same_quarter_last_week_features_to_same_quarter_last_week_fsfp,1,1,1.0,0.0,0.0,1.0,17,17,17,45,1
000099,201813,2018-03-26,13,2018Q1,1,2018Q1,201813,2018Q1,2,1,2015Q1-2017Q4,2018Q1,2018Q1,2018Q1,same_quarter_last_week_features_to_same_quarter_last_week_fsfp,1,1,1.0,0.0,0.0,1.0,17,17,17,46,1
000100,201813,2018-03-26,13,2018Q1,1,2018Q1,201813,2018Q1,2,1,2015Q1-2017Q4,2018Q1,2018Q1,2018Q1,same_quarter_last_week_features_to_same_quarter_last_week_fsfp,1,0,0.0,0.0,0.0,1.0,17,17,17,47,0
000155,201813,2018-03-26,13,2018Q1,1,2018Q1,201813,2018Q1,2,1,2015Q1-2017Q4,2018Q1,2018Q1,2018Q1,same_quarter_last_week_features_to_same_quarter_last_week_fsfp,1,0,0.0,0.0,0.0,1.0,17,17,17,50,0
000157,201813,2018-03-26,13,2018Q1,1,2018Q1,201813,2018Q1,2,1,2015Q1-2017Q4,2018Q1,2018Q1,2018Q1,same_quarter_last_week_features_to_same_quarter_last_week_fsfp,1,0,0.0,0.0,0.0,1.0,17,17,17,51,0
000158,201813,2018-03-26,13,2018Q1,1,2018Q1,201813,2018Q1,2,1,2015Q1-2017Q4,2018Q1,2018Q1,2018Q1,same_quarter_last_week_features_to_same_quarter_last_week_fsfp,1,0,0.0,0.0,0.0,1.0,17,17,17,52,0
000166,201813,2018-03-26,13,2018Q1,1,2018Q1,201813,2018Q1,2,1,2015Q1-2017Q4,2018Q1,2018Q1,2018Q1,same_quarter_last_week_features_to_same_quarter_last_week_fsfp,1,0,0.0,0.0,0.0,1.0,17,17,17,54,0
000301,201813,2018-03-26,13,2018Q1,1,2018Q1,201813,2018Q1,2,1,2015Q1-2017Q4,2018Q1,2018Q1,2018Q1,same_quarter_last_week_features_to_same_quarter_last_week_fsfp,1,0,0.0,0.0,0.0,1.0,17,17,17,55,0
000333,201813,2018-03-26,13,2018Q1,1,2018Q1,201813,2018Q1,2,1,2015Q1-2017Q4,2018Q1,2018Q1,2018Q1,same_quarter_last_week_features_to_same_quarter_last_week_fsfp,1,0,0.0,0.0,0.0,1.0,17,17,17,56,0
000338,201813,2018-03-26,13,2018Q1,1,2018Q1,201813,2018Q1,2,1,2015Q1-2017Q4,2018Q1,2018Q1,2018Q1,same_quarter_last_week_features_to_same_quarter_last_week_fsfp,1,0,0.0,0.0,0.0,1.0,17,17,17,57,0
000400,201813,2018-03-26,13,2018Q1,1,2018Q1,201813,2018Q1,2,1,2015Q1-2017Q4,2018Q1,2018Q1,2018Q1,same_quarter_last_week_features_to_same_quarter_last_week_fsfp,1,0,0.0,0.0,0.0,1.0,17,17,17,58,0
000402,201813,2018-03-26,13,2018Q1,1,2018Q1,201813,2018Q1,2,1,2015Q1-2017Q4,2018Q1,2018Q1,2018Q1,same_quarter_last_week_features_to_same_quarter_last_week_fsfp,1,1,1.0,0.0,0.0,1.0,17,17,17,60,2
000403,201813,2018-03-26,13,2018Q1,1,2018Q1,201813,2018Q1,2,1,2015Q1-2017Q4,2018Q1,2018Q1,2018Q1,same_quarter_last_week_features_to_same_quarter_last_week_fsfp,1,0,0.0,0.0,0.0,1.0,17,17,17,61,0
000408,201813,2018-03-26,13,2018Q1,1,2018Q1,201813,2018Q1,2,1,2015Q1-2017Q4,2018Q1,2018Q1,2018Q1,same_quarter_last_week_features_to_same_quarter_last_week_fsfp,1,0,0.0,0.0,0.0,1.0,17,17,17,64,0
000409,201813,2018-03-26,13,2018Q1,1,2018Q1,201813,2018Q1,2,1,2015Q1-2017Q4,2018Q1,2018Q1,2018Q1,same_quarter_last_week_features_to_same_quarter_last_week_fsfp,1,0,0.0,0.0,0.0,1.0,17,17,17,65,0
000415,201803,2018-01-15,3,2018Q1,1,2018Q1,201803,2018Q1,2,1,2015Q1-2017Q4,2018Q1,2018Q1,2018Q1,same_quarter_last_week_features_to_same_quarter_last_week_fsfp,1,0,0.0,0.0,0.0,1.0,17,17,17,68,0
000420,201813,2018-03-26,13,2018Q1,1,2018Q1,201813,2018Q1,2,1,2015Q1-2017Q4,2018Q1,2018Q1,2018Q1,same_quarter_last_week_features_to_same_quarter_last_week_fsfp,1,1,1.0,0.0,0.0,1.0,17,17,17,71,1
000423,201813,2018-03-26,13,2018Q1,1,2018Q1,201813,2018Q1,2,1,2015Q1-2017Q4,2018Q1,2018Q1,2018Q1,same_quarter_last_week_features_to_same_quarter_last_week_fsfp,1,0,0.0,0.0,0.0,1.0,17,17,17,74,1
000425,201813,2018-03-26,13,2018Q1,1,2018Q1,201813,2018Q1,2,1,2015Q1-2017Q4,2018Q1,2018Q1,2018Q1,same_quarter_last_week_features_to_same_quarter_last_week_fsfp,1,0,0.0,0.0,0.0,1.0,17,17,17,75,0
000429,201813,2018-03-26,13,2018Q1,1,2018Q1,201813,2018Q1,2,1,2015Q1-2017Q4,2018Q1,2018Q1,2018Q1,same_quarter_last_week_features_to_same_quarter_last_week_fsfp,1,0,0.0,0.0,0.0,1.0,17,17,17,78,0
000503,201813,2018-03-26,13,2018Q1,1,2018Q1,201813,2018Q1,2,1,2015Q1-2017Q4,2018Q1,2018Q1,2018Q1,same_quarter_last_week_features_to_same_quarter_last_week_fsfp,1,1,1.0,0.0,0.0,1.0,17,17,17,83,1
000504,201813,2018-03-26,13,2018Q1,1,2018Q1,201813,2018Q1,2,1,2015Q1-2017Q4,2018Q1,2018Q1,2018Q1,same_quarter_last_week_features_to_same_quarter_last_week_fsfp,1,0,0.0,0.0,0.0,1.0,17,17,17,84,0
000507,201813,2018-03-26,13,2018Q1,1,2018Q1,201813,2018Q1,2,1,2015Q1-2017Q4,2018Q1,2018Q1,2018Q1,same_quarter_last_week_features_to_same_quarter_last_week_fsfp,1,1,1.0,0.0,0.0,1.0,17,17,17,87,1
000514,201813,2018-03-26,13,2018Q1,1,2018Q1,201813,2018Q1,2,1,2015Q1-2017Q4,2018Q1,2018Q1,2018Q1,same_quarter_last_week_features_to_same_quarter_last_week_fsfp,1,1,1.0,0.0,0.0,1.0,17,17,17,91,1
000518,201813,2018-03-26,13,2018Q1,1,2018Q1,201813,2018Q1,2,1,2015Q1-2017Q4,2018Q1,2018Q1,2018Q1,same_quarter_last_week_features_to_same_quarter_last_week_fsfp,1,0,0.0,0.0,0.0,1.0,17,17,17,93,0
000519,201813,2018-03-26,13,2018Q1,1,2018Q1,201813,2018Q1,2,1,2015Q1-2017Q4,2018Q1,2018Q1,2018Q1,same_quarter_last_week_features_to_same_quarter_last_week_fsfp,1,0,0.0,0.0,0.0,1.0,17,17,17,94,0
000523,201813,2018-03-26,13,2018Q1,1,2018Q1,201813,2018Q1,2,1,2015Q1-2017Q4,2018Q1,2018Q1,2018Q1,same_quarter_last_week_features_to_same_quarter_last_week_fsfp,1,0,0.0,0.0,0.0,1.0,17,17,17,97,0
000525,201813,2018-03-26,13,2018Q1,1,2018Q1,201813,2018Q1,2,1,2015Q1-2017Q4,2018Q1,2018Q1,2018Q1,same_quarter_last_week_features_to_same_quarter_last_week_fsfp,1,1,1.0,0.0,0.0,1.0,17,17,17,99,1
000528,201813,2018-03-26,13,2018Q1,1,2018Q1,201813,2018Q1,2,1,2015Q1-2017Q4,2018Q1,2018Q1,2018Q1,same_quarter_last_week_features_to_same_quarter_last_week_fsfp,1,0,0.0,0.0,0.0,1.0,17,17,17,101,0
000532,201813,2018-03-26,13,2018Q1,1,2018Q1,201813,2018Q1,2,1,2015Q1-2017Q4,2018Q1,2018Q1,2018Q1,same_quarter_last_week_features_to_same_quarter_last_week_fsfp,1,1,1.0,0.0,0.0,1.0,17,17,17,105,1
000537,201813,2018-03-26,13,2018Q1,1,2018Q1,201813,2018Q1,2,1,2015Q1-2017Q4,2018Q1,2018Q1,2018Q1,same_quarter_last_week_features_to_same_quarter_last_week_fsfp,1,0,0.0,0.0,0.0,1.0,17,17,17,109,0
000543,201813,2018-03-26,13,2018Q1,1,2018Q1,201813,2018Q1,2,1,2015Q1-2017Q4,2018Q1,2018Q1,2018Q1,same_quarter_last_week_features_to_same_quarter_last_week_fsfp,1,0,0.0,0.0,0.0,1.0,17,17,17,113,0
000546,201813,2018-03-26,13,2018Q1,1,2018Q1,201813,2018Q1,2,1,2015Q1-2017Q4,2018Q1,2018Q1,2018Q1,same_quarter_last_week_features_to_same_quarter_last_week_fsfp,1,1,1.0,0.0,0.0,1.0,17,17,17,116,1
000551,201813,2018-03-26,13,2018Q1,1,2018Q1,201813,2018Q1,2,1,2015Q1-2017Q4,2018Q1,2018Q1,2018Q1,same_quarter_last_week_features_to_same_quarter_last_week_fsfp,1,0,0.0,0.0,0.0,1.0,17,17,17,120,0
000553,201813,2018-03-26,13,2018Q1,1,2018Q1,201813,2018Q1,2,1,2015Q1-2017Q4,2018Q1,2018Q1,2018Q1,same_quarter_last_week_features_to_same_quarter_last_week_fsfp,1,0,0.0,0.0,0.0,1.0,17,17,17,122,0
000554,201813,2018-03-26,13,2018Q1,1,2018Q1,201813,2018Q1,2,1,2015Q1-2017Q4,2018Q1,2018Q1,2018Q1,same_quarter_last_week_features_to_same_quarter_last_week_fsfp,1,1,1.0,0.0,0.0,1.0,17,17,17,123,1
000559,201813,2018-03-26,13,2018Q1,1,2018Q1,201813,2018Q1,2,1,2015Q1-2017Q4,2018Q1,2018Q1,2018Q1,same_quarter_last_week_features_to_same_quarter_last_week_fsfp,1,0,0.0,0.0,0.0,1.0,17,17,17,127,0
000563,201813,2018-03-26,13,2018Q1,1,2018Q1,201813,2018Q1,2,1,2015Q1-2017Q4,2018Q1,2018Q1,2018Q1,same_quarter_last_week_features_to_same_quarter_last_week_fsfp,1,0,0.0,0.0,0.0,1.0,17,17,17,130,0
000573,201813,2018-03-26,13,2018Q1,1,2018Q1,201813,2018Q1,2,1,2015Q1-2017Q4,2018Q1,2018Q1,2018Q1,same_quarter_last_week_features_to_same_quarter_last_week_fsfp,1,2,2.0,0.0,0.0,1.0,17,17,17,137,2
000576,201813,2018-03-26,13,2018Q1,1,2018Q1,201813,2018Q1,2,1,2015Q1-2017Q4,2018Q1,2018Q1,2018Q1,same_quarter_last_week_features_to_same_quarter_last_week_fsfp,1,0,0.0,0.0,0.0,1.0,17,17,17,138,0
000582,201813,2018-03-26,13,2018Q1,1,2018Q1,201813,2018Q1,2,1,2015Q1-2017Q4,2018Q1,2018Q1,2018Q1,same_quarter_last_week_features_to_same_quarter_last_week_fsfp,1,0,0.0,0.0,0.0,1.0,17,17,17,140,0
000584,201813,2018-03-26,13,2018Q1,1,2018Q1,201813,2018Q1,2,1,2015Q1-2017Q4,2018Q1,2018Q1,2018Q1,same_quarter_last_week_features_to_same_quarter_last_week_fsfp,1,0,0.0,0.0,0.0,1.0,17,17,17,141,0
000586,201813,2018-03-26,13,2018Q1,1,2018Q1,201813,2018Q1,2,1,2015Q1-2017Q4,2018Q1,2018Q1,2018Q1,same_quarter_last_week_features_to_same_quarter_last_week_fsfp,1,1,1.0,0.0,0.0,1.0,17,17,17,142,1
000589,201813,2018-03-26,13,2018Q1,1,2018Q1,201813,2018Q1,2,1,2015Q1-2017Q4,2018Q1,2018Q1,2018Q1,same_quarter_last_week_features_to_same_quarter_last_week_fsfp,1,1,1.0,0.0,0.0,1.0,17,17,17,143,1
000591,201813,2018-03-26,13,2018Q1,1,2018Q1,201813,2018Q1,2,1,2015Q1-2017Q4,2018Q1,2018Q1,2018Q1,same_quarter_last_week_features_to_same_quarter_last_week_fsfp,1,0,0.0,0.0,0.0,1.0,17,17,17,145,0
000592,201813,2018-03-26,13,2018Q1,1,2018Q1,201813,2018Q1,2,1,2015Q1-2017Q4,2018Q1,2018Q1,2018Q1,same_quarter_last_week_features_to_same_quarter_last_week_fsfp,1,1,1.0,0.0,0.0,1.0,17,17,17,146,1
000593,201812,2018-03-19,12,2018Q1,1,2018Q1,201812,2018Q1,2,1,2015Q1-2017Q4,2018Q1,2018Q1,2018Q1,same_quarter_last_week_features_to_same_quarter_last_week_fsfp,1,1,1.0,0.0,0.0,1.0,17,17,17,147,0
000596,201813,2018-03-26,13,2018Q1,1,2018Q1,201813,2018Q1,2,1,2015Q1-2017Q4,2018Q1,2018Q1,2018Q1,same_quarter_last_week_features_to_same_quarter_last_week_fsfp,1,0,0.0,0.0,0.0,1.0,17,17,17,149,1
000598,201813,2018-03-26,13,2018Q1,1,2018Q1,201813,2018Q1,2,1,2015Q1-2017Q4,2018Q1,2018Q1,2018Q1,same_quarter_last_week_features_to_same_quarter_last_week_fsfp,1,0,0.0,0.0,0.0,1.0,17,17,17,151,0
000599,201813,2018-03-26,13,2018Q1,1,2018Q1,201813,2018Q1,2,1,2015Q1-2017Q4,2018Q1,2018Q1,2018Q1,same_quarter_last_week_features_to_same_quarter_last_week_fsfp,1,1,1.0,0.0,0.0,1.0,17,17,17,152,1
000610,201813,2018-03-26,13,2018Q1,1,2018Q1,201813,2018Q1,2,1,2015Q1-2017Q4,2018Q1,2018Q1,2018Q1,same_quarter_last_week_features_to_same_quarter_last_week_fsfp,1,1,1.0,0.0,0.0,1.0,17,17,17,160,1
000612,201813,2018-03-26,13,2018Q1,1,2018Q1,201813,2018Q1,2,1,2015Q1-2017Q4,2018Q1,2018Q1,2018Q1,same_quarter_last_week_features_to_same_quarter_last_week_fsfp,1,1,1.0,0.0,0.0,1.0,17,17,17,161,1
000615,201813,2018-03-26,13,2018Q1,1,2018Q1,201813,2018Q1,2,1,2015Q1-2017Q4,2018Q1,2018Q1,2018Q1,same_quarter_last_week_features_to_same_quarter_last_week_fsfp,1,0,0.0,0.0,0.0,1.0,17,17,17,162,0
000617,201813,2018-03-26,13,2018Q1,1,2018Q1,201813,2018Q1,2,1,2015Q1-2017Q4,2018Q1,2018Q1,2018Q1,same_quarter_last_week_features_to_same_quarter_last_week_fsfp,1,0,0.0,0.0,0.0,1.0,17,17,17,163,0
000622,201813,2018-03-26,13,2018Q1,1,2018Q1,201813,2018Q1,2,1,2015Q1-2017Q4,2018Q1,2018Q1,2018Q1,same_quarter_last_week_features_to_same_quarter_last_week_fsfp,1,0,0.0,0.0,0.0,1.0,17,17,17,166,0
000623,201813,2018-03-26,13,2018Q1,1,2018Q1,201813,2018Q1,2,1,2015Q1-2017Q4,2018Q1,2018Q1,2018Q1,same_quarter_last_week_features_to_same_quarter_last_week_fsfp,1,0,0.0,0.0,0.0,1.0,17,17,17,167,0
000630,201813,2018-03-26,13,2018Q1,1,2018Q1,201813,2018Q1,2,1,2015Q1-2017Q4,2018Q1,2018Q1,2018Q1,same_quarter_last_week_features_to_same_quarter_last_week_fsfp,1,0,0.0,0.0,0.0,1.0,17,17,17,172,0
000633,201813,2018-03-26,13,2018Q1,1,2018Q1,201813,2018Q1,2,1,2015Q1-2017Q4,2018Q1,2018Q1,2018Q1,same_quarter_last_week_features_to_same_quarter_last_week_fsfp,1,2,2.0,0.0,0.0,1.0,17,17,17,175,2
000635,201813,2018-03-26,13,2018Q1,1,2018Q1,201813,2018Q1,2,1,2015Q1-2017Q4,2018Q1,2018Q1,2018Q1,same_quarter_last_week_features_to_same_quarter_last_week_fsfp,1,0,0.0,0.0,0.0,1.0,17,17,17,176,2
000636,201813,2018-03-26,13,2018Q1,1,2018Q1,201813,2018Q1,2,1,2015Q1-2017Q4,2018Q1,2018Q1,2018Q1,same_quarter_last_week_features_to_same_quarter_last_week_fsfp,1,0,0.0,0.0,0.0,1.0,17,17,17,177,0
000638,201813,2018-03-26,13,2018Q1,1,2018Q1,201813,2018Q1,2,1,2015Q1-2017Q4,2018Q1,2018Q1,2018Q1,same_quarter_last_week_features_to_same_quarter_last_week_fsfp,1,0,0.0,0.0,0.0,1.0,17,17,17,179,0
000651,201813,2018-03-26,13,2018Q1,1,2018Q1,201813,2018Q1,2,1,2015Q1-2017Q4,2018Q1,2018Q1,2018Q1,same_quarter_last_week_features_to_same_quarter_last_week_fsfp,1,0,0.0,0.0,0.0,1.0,17,17,17,182,0
000652,201813,2018-03-26,13,2018Q1,1,2018Q1,201813,2018Q1,2,1,2015Q1-2017Q4,2018Q1,2018Q1,2018Q1,same_quarter_last_week_features_to_same_quarter_last_week_fsfp,1,1,1.0,0.0,0.0,1.0,17,17,17,183,1
000676,201813,2018-03-26,13,2018Q1,1,2018Q1,201813,2018Q1,2,1,2015Q1-2017Q4,2018Q1,2018Q1,2018Q1,same_quarter_last_week_features_to_same_quarter_last_week_fsfp,1,1,1.0,0.0,0.0,1.0,17,17,17,195,1
000678,201813,2018-03-26,13,2018Q1,1,2018Q1,201813,2018Q1,2,1,2015Q1-2017Q4,2018Q1,2018Q1,2018Q1,same_quarter_last_week_features_to_same_quarter_last_week_fsfp,1,0,0.0,0.0,0.0,1.0,17,17,17,197,0
000681,201813,2018-03-26,13,2018Q1,1,2018Q1,201813,2018Q1,2,1,2015Q1-2017Q4,2018Q1,2018Q1,2018Q1,same_quarter_last_week_features_to_same_quarter_last_week_fsfp,1,1,1.0,0.0,0.0,1.0,17,17,17,200,1
000683,201813,2018-03-26,13,2018Q1,1,2018Q1,201813,2018Q1,2,1,2015Q1-2017Q4,2018Q1,2018Q1,2018Q1,same_quarter_last_week_features_to_same_quarter_last_week_fsfp,1,0,0.0,0.0,0.0,1.0,17,17,17,202,0
000690,201813,2018-03-26,13,2018Q1,1,2018Q1,201813,2018Q1,2,1,2015Q1-2017Q4,2018Q1,2018Q1,2018Q1,same_quarter_last_week_features_to_same_quarter_last_week_fsfp,1,1,1.0,0.0,0.0,1.0,17,17,17,206,1
000691,201813,2018-03-26,13,2018Q1,1,2018Q1,201813,2018Q1,2,1,2015Q1-2017Q4,2018Q1,2018Q1,2018Q1,same_quarter_last_week_features_to_same_quarter_last_week_fsfp,1,0,0.0,0.0,0.0,1.0,17,17,17,207,0
000692,201813,2018-03-26,13,2018Q1,1,2018Q1,201813,2018Q1,2,1,2015Q1-2017Q4,2018Q1,2018Q1,2018Q1,same_quarter_last_week_features_to_same_quarter_last_week_fsfp,1,1,1.0,0.0,0.0,1.0,17,17,17,208,1
000701,201813,2018-03-26,13,2018Q1,1,2018Q1,201813,2018Q1,2,1,2015Q1-2017Q4,2018Q1,2018Q1,2018Q1,same_quarter_last_week_features_to_same_quarter_last_week_fsfp,1,2,2.0,0.0,0.0,1.0,17,17,17,213,2
000705,201813,2018-03-26,13,2018Q1,1,2018Q1,201813,2018Q1,2,1,2015Q1-2017Q4,2018Q1,2018Q1,2018Q1,same_quarter_last_week_features_to_same_quarter_last_week_fsfp,1,1,1.0,0.0,0.0,1.0,17,17,17,216,0
000707,201813,2018-03-26,13,2018Q1,1,2018Q1,201813,2018Q1,2,1,2015Q1-2017Q4,2018Q1,2018Q1,2018Q1,same_quarter_last_week_features_to_same_quarter_last_week_fsfp,1,2,2.0,0.0,0.0,1.0,17,17,17,217,2
000708,201813,2018-03-26,13,2018Q1,1,2018Q1,201813,2018Q1,2,1,2015Q1-2017Q4,2018Q1,2018Q1,2018Q1,same_quarter_last_week_features_to_same_quarter_last_week_fsfp,1,0,0.0,0.0,0.0,1.0,17,17,17,218,0
000709,201813,2018-03-26,13,2018Q1,1,2018Q1,201813,2018Q1,2,1,2015Q1-2017Q4,2018Q1,2018Q1,2018Q1,same_quarter_last_week_features_to_same_quarter_last_week_fsfp,1,0,0.0,0.0,0.0,1.0,17,17,17,219,0
000710,201813,2018-03-26,13,2018Q1,1,2018Q1,201813,2018Q1,2,1,2015Q1-2017Q4,2018Q1,2018Q1,2018Q1,same_quarter_last_week_features_to_same_quarter_last_week_fsfp,1,1,1.0,0.0,0.0,1.0,17,17,17,220,1
000711,201812,2018-03-19,12,2018Q1,1,2018Q1,201812,2018Q1,2,1,2015Q1-2017Q4,2018Q1,2018Q1,2018Q1,same_quarter_last_week_features_to_same_quarter_last_week_fsfp,1,0,0.0,0.0,0.0,1.0,17,17,17,221,0
000715,201813,2018-03-26,13,2018Q1,1,2018Q1,201813,2018Q1,2,1,2015Q1-2017Q4,2018Q1,2018Q1,2018Q1,same_quarter_last_week_features_to_same_quarter_last_week_fsfp,1,1,1.0,0.0,0.0,1.0,17,17,17,224,2
000725,201813,2018-03-26,13,2018Q1,1,2018Q1,201813,2018Q1,2,1,2015Q1-2017Q4,2018Q1,2018Q1,2018Q1,same_quarter_last_week_features_to_same_quarter_last_week_fsfp,1,0,0.0,0.0,0.0,1.0,17,17,17,233,0
000727,201813,2018-03-26,13,2018Q1,1,2018Q1,201813,2018Q1,2,1,2015Q1-2017Q4,2018Q1,2018Q1,2018Q1,same_quarter_last_week_features_to_same_quarter_last_week_fsfp,1,0,0.0,0.0,0.0,1.0,17,17,17,235,0
000733,201813,2018-03-26,13,2018Q1,1,2018Q1,201813,2018Q1,2,1,2015Q1-2017Q4,2018Q1,2018Q1,2018Q1,same_quarter_last_week_features_to_same_quarter_last_week_fsfp,1,0,0.0,0.0,0.0,1.0,17,17,17,239,0
000735,201813,2018-03-26,13,2018Q1,1,2018Q1,201813,2018Q1,2,1,2015Q1-2017Q4,2018Q1,2018Q1,2018Q1,same_quarter_last_week_features_to_same_quarter_last_week_fsfp,1,1,1.0,0.0,0.0,1.0,17,17,17,240,1
000738,201813,2018-03-26,13,2018Q1,1,2018Q1,201813,2018Q1,2,1,2015Q1-2017Q4,2018Q1,2018Q1,2018Q1,same_quarter_last_week_features_to_same_quarter_last_week_fsfp,1,0,0.0,0.0,0.0,1.0,17,17,17,243,0
000739,201813,2018-03-26,13,2018Q1,1,2018Q1,201813,2018Q1,2,1,2015Q1-2017Q4,2018Q1,2018Q1,2018Q1,same_quarter_last_week_features_to_same_quarter_last_week_fsfp,1,0,0.0,0.0,0.0,1.0,17,17,17,244,0
000753,201813,2018-03-26,13,2018Q1,1,2018Q1,201813,2018Q1,2,1,2015Q1-2017Q4,2018Q1,2018Q1,2018Q1,same_quarter_last_week_features_to_same_quarter_last_week_fsfp,1,1,1.0,0.0,0.0,1.0,17,17,17,248,1
000767,201813,2018-03-26,13,2018Q1,1,2018Q1,201813,2018Q1,2,1,2015Q1-2017Q4,2018Q1,2018Q1,2018Q1,same_quarter_last_week_features_to_same_quarter_last_week_fsfp,1,0,0.0,0.0,0.0,1.0,17,17,17,255,0
000768,201813,2018-03-26,13,2018Q1,1,2018Q1,201813,2018Q1,2,1,2015Q1-2017Q4,2018Q1,2018Q1,2018Q1,same_quarter_last_week_features_to_same_quarter_last_week_fsfp,1,0,0.0,0.0,0.0,1.0,17,17,17,256,0
000776,201813,2018-03-26,13,2018Q1,1,2018Q1,201813,2018Q1,2,1,2015Q1-2017Q4,2018Q1,2018Q1,2018Q1,same_quarter_last_week_features_to_same_quarter_last_week_fsfp,1,0,0.0,0.0,0.0,1.0,17,17,17,257,1
000778,201813,2018-03-26,13,2018Q1,1,2018Q1,201813,2018Q1,2,1,2015Q1-2017Q4,2018Q1,2018Q1,2018Q1,same_quarter_last_week_features_to_same_quarter_last_week_fsfp,1,1,1.0,0.0,0.0,1.0,17,17,17,259,1
000779,201812,2018-03-19,12,2018Q1,1,2018Q1,201812,2018Q1,2,1,2015Q1-2017Q4,2018Q1,2018Q1,2018Q1,same_quarter_last_week_features_to_same_quarter_last_week_fsfp,1,0,0.0,0.0,0.0,1.0,17,17,17,260,0
000782,201813,2018-03-26,13,2018Q1,1,2018Q1,201813,2018Q1,2,1,2015Q1-2017Q4,2018Q1,2018Q1,2018Q1,same_quarter_last_week_features_to_same_quarter_last_week_fsfp,1,0,0.0,0.0,0.0,1.0,17,17,17,261,0
000783,201813,2018-03-26,13,2018Q1,1,2018Q1,201813,2018Q1,2,1,2015Q1-2017Q4,2018Q1,2018Q1,2018Q1,same_quarter_last_week_features_to_same_quarter_last_week_fsfp,1,0,0.0,0.0,0.0,1.0,17,17,17,262,1
000785,201813,2018-03-26,13,2018Q1,1,2018Q1,201813,2018Q1,2,1,2015Q1-2017Q4,2018Q1,2018Q1,2018Q1,same_quarter_last_week_features_to_same_quarter_last_week_fsfp,1,0,0.0,0.0,0.0,1.0,17,17,17,263,0
000789,201813,2018-03-26,13,2018Q1,1,2018Q1,201813,2018Q1,2,1,2015Q1-2017Q4,2018Q1,2018Q1,2018Q1,same_quarter_last_week_features_to_same_quarter_last_week_fsfp,1,1,1.0,0.0,0.0,1.0,17,17,17,266,1
000791,201813,2018-03-26,13,2018Q1,1,2018Q1,201813,2018Q1,2,1,2015Q1-2017Q4,2018Q1,2018Q1,2018Q1,same_quarter_last_week_features_to_same_quarter_last_week_fsfp,1,1,1.0,0.0,0.0,1.0,17,17,17,268,1
000792,201813,2018-03-26,13,2018Q1,1,2018Q1,201813,2018Q1,2,1,2015Q1-2017Q4,2018Q1,2018Q1,2018Q1,same_quarter_last_week_features_to_same_quarter_last_week_fsfp,1,0,0.0,0.0,0.0,1.0,17,17,17,269,0
000795,201813,2018-03-26,13,2018Q1,1,2018Q1,201813,2018Q1,2,1,2015Q1-2017Q4,2018Q1,2018Q1,2018Q1,same_quarter_last_week_features_to_same_quarter_last_week_fsfp,1,1,1.0,0.0,0.0,1.0,17,17,17,271,1
000796,201803,2018-01-15,3,2018Q1,1,2018Q1,201803,2018Q1,2,1,2015Q1-2017Q4,2018Q1,2018Q1,2018Q1,same_quarter_last_week_features_to_same_quarter_last_week_fsfp,1,0,0.0,0.0,0.0,1.0,17,17,17,272,0
000803,201813,2018-03-26,13,2018Q1,1,2018Q1,201813,2018Q1,2,1,2015Q1-2017Q4,2018Q1,2018Q1,2018Q1,same_quarter_last_week_features_to_same_quarter_last_week_fsfp,1,1,1.0,0.0,0.0,1.0,17,17,17,279,0
000815,201813,2018-03-26,13,2018Q1,1,2018Q1,201813,2018Q1,2,1,2015Q1-2017Q4,2018Q1,2018Q1,2018Q1,same_quarter_last_week_features_to_same_quarter_last_week_fsfp,1,0,0.0,0.0,0.0,1.0,17,17,17,285,1
000816,201813,2018-03-26,13,2018Q1,1,2018Q1,201813,2018Q1,2,1,2015Q1-2017Q4,2018Q1,2018Q1,2018Q1,same_quarter_last_week_features_to_same_quarter_last_week_fsfp,1,0,0.0,0.0,0.0,1.0,17,17,17,286,0
000818,201813,2018-03-26,13,2018Q1,1,2018Q1,201813,2018Q1,2,1,2015Q1-2017Q4,2018Q1,2018Q1,2018Q1,same_quarter_last_week_features_to_same_quarter_last_week_fsfp,1,0,0.0,0.0,0.0,1.0,17,17,17,287,0
000821,201813,2018-03-26,13,2018Q1,1,2018Q1,201813,2018Q1,2,1,2015Q1-2017Q4,2018Q1,2018Q1,2018Q1,same_quarter_last_week_features_to_same_quarter_last_week_fsfp,1,2,2.0,0.0,0.0,1.0,17,17,17,290,2
000823,201813,2018-03-26,13,2018Q1,1,2018Q1,201813,2018Q1,2,1,2015Q1-2017Q4,2018Q1,2018Q1,2018Q1,same_quarter_last_week_features_to_same_quarter_last_week_fsfp,1,1,1.0,0.0,0.0,1.0,17,17,17,292,1
000826,201813,2018-03-26,13,2018Q1,1,2018Q1,201813,2018Q1,2,1,2015Q1-2017Q4,2018Q1,2018Q1,2018Q1,same_quarter_last_week_features_to_same_quarter_last_week_fsfp,1,0,0.0,0.0,0.0,1.0,17,17,17,294,2
000829,201813,2018-03-26,13,2018Q1,1,2018Q1,201813,2018Q1,2,1,2015Q1-2017Q4,2018Q1,2018Q1,2018Q1,same_quarter_last_week_features_to_same_quarter_last_week_fsfp,1,2,2.0,0.0,0.0,1.0,17,17,17,296,2
000833,201813,2018-03-26,13,2018Q1,1,2018Q1,201813,2018Q1,2,1,2015Q1-2017Q4,2018Q1,2018Q1,2018Q1,same_quarter_last_week_features_to_same_quarter_last_week_fsfp,1,0,0.0,0.0,0.0,1.0,17,17,17,299,0
000837,201813,2018-03-26,13,2018Q1,1,2018Q1,201813,2018Q1,2,1,2015Q1-2017Q4,2018Q1,2018Q1,2018Q1,same_quarter_last_week_features_to_same_quarter_last_week_fsfp,1,1,1.0,0.0,0.0,1.0,17,17,17,300,1
000848,201813,2018-03-26,13,2018Q1,1,2018Q1,201813,2018Q1,2,1,2015Q1-2017Q4,2018Q1,2018Q1,2018Q1,same_quarter_last_week_features_to_same_quarter_last_week_fsfp,1,2,2.0,0.0,0.0,1.0,17,17,17,303,1
000851,201813,2018-03-26,13,2018Q1,1,2018Q1,201813,2018Q1,2,1,2015Q1-2017Q4,2018Q1,2018Q1,2018Q1,same_quarter_last_week_features_to_same_quarter_last_week_fsfp,1,0,0.0,0.0,0.0,1.0,17,17,17,305,0
000859,201813,2018-03-26,13,2018Q1,1,2018Q1,201813,2018Q1,2,1,2015Q1-2017Q4,2018Q1,2018Q1,2018Q1,same_quarter_last_week_features_to_same_quarter_last_week_fsfp,1,0,0.0,0.0,0.0,1.0,17,17,17,309,0
000860,201813,2018-03-26,13,2018Q1,1,2018Q1,201813,2018Q1,2,1,2015Q1-2017Q4,2018Q1,2018Q1,2018Q1,same_quarter_last_week_features_to_same_quarter_last_week_fsfp,1,1,1.0,0.0,0.0,1.0,17,17,17,310,1
000863,201813,2018-03-26,13,2018Q1,1,2018Q1,201813,2018Q1,2,1,2015Q1-2017Q4,2018Q1,2018Q1,2018Q1,same_quarter_last_week_features_to_same_quarter_last_week_fsfp,1,1,1.0,0.0,0.0,1.0,17,17,17,312,1
000877,201813,2018-03-26,13,2018Q1,1,2018Q1,201813,2018Q1,2,1,2015Q1-2017Q4,2018Q1,2018Q1,2018Q1,same_quarter_last_week_features_to_same_quarter_last_week_fsfp,1,1,1.0,0.0,0.0,1.0,17,17,17,317,1
000881,201813,2018-03-26,13,2018Q1,1,2018Q1,201813,2018Q1,2,1,2015Q1-2017Q4,2018Q1,2018Q1,2018Q1,same_quarter_last_week_features_to_same_quarter_last_week_fsfp,1,1,1.0,0.0,0.0,1.0,17,17,17,320,1
000883,201813,2018-03-26,13,2018Q1,1,2018Q1,201813,2018Q1,2,1,2015Q1-2017Q4,2018Q1,2018Q1,2018Q1,same_quarter_last_week_features_to_same_quarter_last_week_fsfp,1,0,0.0,0.0,0.0,1.0,17,17,17,322,0
000888,201813,2018-03-26,13,2018Q1,1,2018Q1,201813,2018Q1,2,1,2015Q1-2017Q4,2018Q1,2018Q1,2018Q1,same_quarter_last_week_features_to_same_quarter_last_week_fsfp,1,1,1.0,0.0,0.0,1.0,17,17,17,326,1
000889,201813,2018-03-26,13,2018Q1,1,2018Q1,201813,2018Q1,2,1,2015Q1-2017Q4,2018Q1,2018Q1,2018Q1,same_quarter_last_week_features_to_same_quarter_last_week_fsfp,1,0,0.0,0.0,0.0,1.0,17,17,17,327,0
000893,201813,2018-03-26,13,2018Q1,1,2018Q1,201813,2018Q1,2,1,2015Q1-2017Q4,2018Q1,2018Q1,2018Q1,same_quarter_last_week_features_to_same_quarter_last_week_fsfp,1,0,0.0,0.0,0.0,1.0,17,17,17,330,0
000895,201813,2018-03-26,13,2018Q1,1,2018Q1,201813,2018Q1,2,1,2015Q1-2017Q4,2018Q1,2018Q1,2018Q1,same_quarter_last_week_features_to_same_quarter_last_week_fsfp,1,0,0.0,0.0,0.0,1.0,17,17,17,331,0
000898,201813,2018-03-26,13,2018Q1,1,2018Q1,201813,2018Q1,2,1,2015Q1-2017Q4,2018Q1,2018Q1,2018Q1,same_quarter_last_week_features_to_same_quarter_last_week_fsfp,1,0,0.0,0.0,0.0,1.0,17,17,17,333,0
000899,201813,2018-03-26,13,2018Q1,1,2018Q1,201813,2018Q1,2,1,2015Q1-2017Q4,2018Q1,2018Q1,2018Q1,same_quarter_last_week_features_to_same_quarter_last_week_fsfp,1,1,1.0,0.0,0.0,1.0,17,17,17,334,1
000901,201813,2018-03-26,13,2018Q1,1,2018Q1,201813,2018Q1,2,1,2015Q1-2017Q4,2018Q1,2018Q1,2018Q1,same_quarter_last_week_features_to_same_quarter_last_week_fsfp,1,1,1.0,0.0,0.0,1.0,17,17,17,335,1
000902,201813,2018-03-26,13,2018Q1,1,2018Q1,201813,2018Q1,2,1,2015Q1-2017Q4,2018Q1,2018Q1,2018Q1,same_quarter_last_week_features_to_same_quarter_last_week_fsfp,1,0,0.0,0.0,0.0,1.0,17,17,17,336,1
000906,201813,2018-03-26,13,2018Q1,1,2018Q1,201813,2018Q1,2,1,2015Q1-2017Q4,2018Q1,2018Q1,2018Q1,same_quarter_last_week_features_to_same_quarter_last_week_fsfp,1,0,0.0,0.0,0.0,1.0,17,17,17,339,0
000908,201813,2018-03-26,13,2018Q1,1,2018Q1,201813,2018Q1,2,1,2015Q1-2017Q4,2018Q1,2018Q1,2018Q1,same_quarter_last_week_features_to_same_quarter_last_week_fsfp,1,1,1.0,0.0,0.0,1.0,17,17,17,340,1
000909,201813,2018-03-26,13,2018Q1,1,2018Q1,201813,2018Q1,2,1,2015Q1-2017Q4,2018Q1,2018Q1,2018Q1,same_quarter_last_week_features_to_same_quarter_last_week_fsfp,1,1,1.0,0.0,0.0,1.0,17,17,17,341,1
000910,201813,2018-03-26,13,2018Q1,1,2018Q1,201813,2018Q1,2,1,2015Q1-2017Q4,2018Q1,2018Q1,2018Q1,same_quarter_last_week_features_to_same_quarter_last_week_fsfp,1,1,1.0,0.0,0.0,1.0,17,17,17,342,1
000912,201802,2018-01-08,2,2018Q1,1,2018Q1,201802,2018Q1,2,1,2015Q1-2017Q4,2018Q1,2018Q1,2018Q1,same_quarter_last_week_features_to_same_quarter_last_week_fsfp,1,1,1.0,0.0,0.0,1.0,17,17,17,344,1
000913,201813,2018-03-26,13,2018Q1,1,2018Q1,201813,2018Q1,2,1,2015Q1-2017Q4,2018Q1,2018Q1,2018Q1,same_quarter_last_week_features_to_same_quarter_last_week_fsfp,1,0,0.0,0.0,0.0,1.0,17,17,17,345,0
000915,201813,2018-03-26,13,2018Q1,1,2018Q1,201813,2018Q1,2,1,2015Q1-2017Q4,2018Q1,2018Q1,2018Q1,same_quarter_last_week_features_to_same_quarter_last_week_fsfp,1,0,0.0,0.0,0.0,1.0,17,17,17,346,0
000917,201813,2018-03-26,13,2018Q1,1,2018Q1,201813,2018Q1,2,1,2015Q1-2017Q4,2018Q1,2018Q1,2018Q1,same_quarter_last_week_features_to_same_quarter_last_week_fsfp,1,1,1.0,0.0,0.0,1.0,17,17,17,347,1
000919,201813,2018-03-26,13,2018Q1,1,2018Q1,201813,2018Q1,2,1,2015Q1-2017Q4,2018Q1,2018Q1,2018Q1,same_quarter_last_week_features_to_same_quarter_last_week_fsfp,1,1,1.0,0.0,0.0,1.0,17,17,17,348,1
000921,201813,2018-03-26,13,2018Q1,1,2018Q1,201813,2018Q1,2,1,2015Q1-2017Q4,2018Q1,2018Q1,2018Q1,same_quarter_last_week_features_to_same_quarter_last_week_fsfp,1,0,0.0,0.0,0.0,1.0,17,17,17,350,0
000922,201813,2018-03-26,13,2018Q1,1,2018Q1,201813,2018Q1,2,1,2015Q1-2017Q4,2018Q1,2018Q1,2018Q1,same_quarter_last_week_features_to_same_quarter_last_week_fsfp,1,2,2.0,0.0,0.0,1.0,17,17,17,351,2
000923,201813,2018-03-26,13,2018Q1,1,2018Q1,201813,2018Q1,2,1,2015Q1-2017Q4,2018Q1,2018Q1,2018Q1,same_quarter_last_week_features_to_same_quarter_last_week_fsfp,1,0,0.0,0.0,0.0,1.0,17,17,17,352,0
000925,201813,2018-03-26,13,2018Q1,1,2018Q1,201813,2018Q1,2,1,2015Q1-2017Q4,2018Q1,2018Q1,2018Q1,same_quarter_last_week_features_to_same_quarter_last_week_fsfp,1,1,1.0,0.0,0.0,1.0,17,17,17,353,1
000936,201813,2018-03-26,13,2018Q1,1,2018Q1,201813,2018Q1,2,1,2015Q1-2017Q4,2018Q1,2018Q1,2018Q1,same_quarter_last_week_features_to_same_quarter_last_week_fsfp,1,2,2.0,0.0,0.0,1.0,17,17,17,362,2
000951,201813,2018-03-26,13,2018Q1,1,2018Q1,201813,2018Q1,2,1,2015Q1-2017Q4,2018Q1,2018Q1,2018Q1,same_quarter_last_week_features_to_same_quarter_last_week_fsfp,1,1,1.0,0.0,0.0,1.0,17,17,17,367,0
000955,201813,2018-03-26,13,2018Q1,1,2018Q1,201813,2018Q1,2,1,2015Q1-2017Q4,2018Q1,2018Q1,2018Q1,same_quarter_last_week_features_to_same_quarter_last_week_fsfp,1,0,0.0,0.0,0.0,1.0,17,17,17,370,0
000959,201813,2018-03-26,13,2018Q1,1,2018Q1,201813,2018Q1,2,1,2015Q1-2017Q4,2018Q1,2018Q1,2018Q1,same_quarter_last_week_features_to_same_quarter_last_week_fsfp,1,0,0.0,0.0,0.0,1.0,17,17,17,373,0
000960,201813,2018-03-26,13,2018Q1,1,2018Q1,201813,2018Q1,2,1,2015Q1-2017Q4,2018Q1,2018Q1,2018Q1,same_quarter_last_week_features_to_same_quarter_last_week_fsfp,1,0,0.0,0.0,0.0,1.0,17,17,17,374,0
000962,201811,2018-03-12,11,2018Q1,1,2018Q1,201811,2018Q1,2,1,2015Q1-2017Q4,2018Q1,2018Q1,2018Q1,same_quarter_last_week_features_to_same_quarter_last_week_fsfp,1,2,2.0,0.0,0.0,1.0,17,17,17,375,2
000966,201813,2018-03-26,13,2018Q1,1,2018Q1,201813,2018Q1,2,1,2015Q1-2017Q4,2018Q1,2018Q1,2018Q1,same_quarter_last_week_features_to_same_quarter_last_week_fsfp,1,1,1.0,0.0,0.0,1.0,17,17,17,378,1
000967,201813,2018-03-26,13,2018Q1,1,2018Q1,201813,2018Q1,2,1,2015Q1-2017Q4,2018Q1,2018Q1,2018Q1,same_quarter_last_week_features_to_same_quarter_last_week_fsfp,1,0,0.0,0.0,0.0,1.0,17,17,17,379,0
000969,201813,2018-03-26,13,2018Q1,1,2018Q1,201813,2018Q1,2,1,2015Q1-2017Q4,2018Q1,2018Q1,2018Q1,same_quarter_last_week_features_to_same_quarter_last_week_fsfp,1,1,1.0,0.0,0.0,1.0,17,17,17,381,2
000973,201813,2018-03-26,13,2018Q1,1,2018Q1,201813,2018Q1,2,1,2015Q1-2017Q4,2018Q1,2018Q1,2018Q1,same_quarter_last_week_features_to_same_quarter_last_week_fsfp,1,1,1.0,0.0,0.0,1.0,17,17,17,384,0
000975,201813,2018-03-26,13,2018Q1,1,2018Q1,201813,2018Q1,2,1,2015Q1-2017Q4,2018Q1,2018Q1,2018Q1,same_quarter_last_week_features_to_same_quarter_last_week_fsfp,1,0,0.0,0.0,0.0,1.0,17,17,17,385,0
000977,201813,2018-03-26,13,2018Q1,1,2018Q1,201813,2018Q1,2,1,2015Q1-2017Q4,2018Q1,2018Q1,2018Q1,same_quarter_last_week_features_to_same_quarter_last_week_fsfp,1,0,0.0,0.0,0.0,1.0,17,17,17,386,0
000978,201813,2018-03-26,13,2018Q1,1,2018Q1,201813,2018Q1,2,1,2015Q1-2017Q4,2018Q1,2018Q1,2018Q1,same_quarter_last_week_features_to_same_quarter_last_week_fsfp,1,0,0.0,0.0,0.0,1.0,17,17,17,387,1
000981,201813,2018-03-26,13,2018Q1,1,2018Q1,201813,2018Q1,2,1,2015Q1-2017Q4,2018Q1,2018Q1,2018Q1,same_quarter_last_week_features_to_same_quarter_last_week_fsfp,1,0,0.0,0.0,0.0,1.0,17,17,17,389,0
000988,201813,2018-03-26,13,2018Q1,1,2018Q1,201813,2018Q1,2,1,2015Q1-2017Q4,2018Q1,2018Q1,2018Q1,same_quarter_last_week_features_to_same_quarter_last_week_fsfp,1,0,0.0,0.0,0.0,1.0,17,17,17,393,0
000990,201813,2018-03-26,13,2018Q1,1,2018Q1,201813,2018Q1,2,1,2015Q1-2017Q4,2018Q1,2018Q1,2018Q1,same_quarter_last_week_features_to_same_quarter_last_week_fsfp,1,1,1.0,0.0,0.0,1.0,17,17,17,395,1
000997,201813,2018-03-26,13,2018Q1,1,2018Q1,201813,2018Q1,2,1,2015Q1-2017Q4,2018Q1,2018Q1,2018Q1,same_quarter_last_week_features_to_same_quarter_last_week_fsfp,1,0,0.0,0.0,0.0,1.0,17,17,17,398,0
000999,201813,2018-03-26,13,2018Q1,1,2018Q1,201813,2018Q1,2,1,2015Q1-2017Q4,2018Q1,2018Q1,2018Q1,same_quarter_last_week_features_to_same_quarter_last_week_fsfp,1,0,0.0,0.0,0.0,1.0,17,17,17,400,0
001896,201813,2018-03-26,13,2018Q1,1,2018Q1,201813,2018Q1,2,1,2015Q1-2017Q4,2018Q1,2018Q1,2018Q1,same_quarter_last_week_features_to_same_quarter_last_week_fsfp,1,1,1.0,0.0,0.0,1.0,17,17,17,402,0
001979,201813,2018-03-26,13,2018Q1,1,2018Q1,201813,2018Q1,2,1,2015Q1-2017Q4,2018Q1,2018Q1,2018Q1,same_quarter_last_week_features_to_same_quarter_last_week_fsfp,1,1,1.0,0.0,0.0,1.0,17,17,17,403,1
002009,201813,2018-03-26,13,2018Q1,1,2018Q1,201813,2018Q1,2,1,2015Q1-2017Q4,2018Q1,2018Q1,2018Q1,same_quarter_last_week_features_to_same_quarter_last_week_fsfp,1,1,1.0,0.0,0.0,1.0,17,17,17,410,1
002010,201813,2018-03-26,13,2018Q1,1,2018Q1,201813,2018Q1,2,1,2015Q1-2017Q4,2018Q1,2018Q1,2018Q1,same_quarter_last_week_features_to_same_quarter_last_week_fsfp,1,1,1.0,0.0,0.0,1.0,17,17,17,411,1
002023,201813,2018-03-26,13,2018Q1,1,2018Q1,201813,2018Q1,2,1,2015Q1-2017Q4,2018Q1,2018Q1,2018Q1,same_quarter_last_week_features_to_same_quarter_last_week_fsfp,1,1,1.0,0.0,0.0,1.0,17,17,17,422,1
002024,201813,2018-03-26,13,2018Q1,1,2018Q1,201813,2018Q1,2,1,2015Q1-2017Q4,2018Q1,2018Q1,2018Q1,same_quarter_last_week_features_to_same_quarter_last_week_fsfp,1,2,2.0,0.0,0.0,1.0,17,17,17,423,2
002025,201813,2018-03-26,13,2018Q1,1,2018Q1,201813,2018Q1,2,1,2015Q1-2017Q4,2018Q1,2018Q1,2018Q1,same_quarter_last_week_features_to_same_quarter_last_week_fsfp,1,0,0.0,0.0,0.0,1.0,17,17,17,424,0
002028,201813,2018-03-26,13,2018Q1,1,2018Q1,201813,2018Q1,2,1,2015Q1-2017Q4,2018Q1,2018Q1,2018Q1,same_quarter_last_week_features_to_same_quarter_last_week_fsfp,1,0,0.0,0.0,0.0,1.0,17,17,17,427,0
002033,201813,2018-03-26,13,2018Q1,1,2018Q1,201813,2018Q1,2,1,2015Q1-2017Q4,2018Q1,2018Q1,2018Q1,same_quarter_last_week_features_to_same_quarter_last_week_fsfp,1,0,0.0,0.0,0.0,1.0,17,17,17,432,0
002035,201813,2018-03-26,13,2018Q1,1,2018Q1,201813,2018Q1,2,1,2015Q1-2017Q4,2018Q1,2018Q1,2018Q1,same_quarter_last_week_features_to_same_quarter_last_week_fsfp,1,1,1.0,0.0,0.0,1.0,17,17,17,434,1
002036,201813,2018-03-26,13,2018Q1,1,2018Q1,201813,2018Q1,2,1,2015Q1-2017Q4,2018Q1,2018Q1,2018Q1,same_quarter_last_week_features_to_same_quarter_last_week_fsfp,1,1,1.0,0.0,0.0,1.0,17,17,17,435,1
002043,201813,2018-03-26,13,2018Q1,1,2018Q1,201813,2018Q1,2,1,2015Q1-2017Q4,2018Q1,2018Q1,2018Q1,same_quarter_last_week_features_to_same_quarter_last_week_fsfp,1,1,1.0,0.0,0.0,1.0,17,17,17,442,1
002045,201813,2018-03-26,13,2018Q1,1,2018Q1,201813,2018Q1,2,1,2015Q1-2017Q4,2018Q1,2018Q1,2018Q1,same_quarter_last_week_features_to_same_quarter_last_week_fsfp,1,1,1.0,0.0,0.0,1.0,17,17,17,444,1
002046,201813,2018-03-26,13,2018Q1,1,2018Q1,201813,2018Q1,2,1,2015Q1-2017Q4,2018Q1,2018Q1,2018Q1,same_quarter_last_week_features_to_same_quarter_last_week_fsfp,1,1,1.0,0.0,0.0,1.0,17,17,17,445,1
002048,201813,2018-03-26,13,2018Q1,1,2018Q1,201813,2018Q1,2,1,2015Q1-2017Q4,2018Q1,2018Q1,2018Q1,same_quarter_last_week_features_to_same_quarter_last_week_fsfp,1,1,1.0,0.0,0.0,1.0,17,17,17,447,1
002049,201813,2018-03-26,13,2018Q1,1,2018Q1,201813,2018Q1,2,1,2015Q1-2017Q4,2018Q1,2018Q1,2018Q1,same_quarter_last_week_features_to_same_quarter_last_week_fsfp,1,0,0.0,0.0,0.0,1.0,17,17,17,448,0
002053,201813,2018-03-26,13,2018Q1,1,2018Q1,201813,2018Q1,2,1,2015Q1-2017Q4,2018Q1,2018Q1,2018Q1,same_quarter_last_week_features_to_same_quarter_last_week_fsfp,1,0,0.0,0.0,0.0,1.0,17,17,17,452,1
002055,201813,2018-03-26,13,2018Q1,1,2018Q1,201813,2018Q1,2,1,2015Q1-2017Q4,2018Q1,2018Q1,2018Q1,same_quarter_last_week_features_to_same_quarter_last_week_fsfp,1,1,1.0,0.0,0.0,1.0,17,17,17,454,1
002057,201813,2018-03-26,13,2018Q1,1,2018Q1,201813,2018Q1,2,1,2015Q1-2017Q4,2018Q1,2018Q1,2018Q1,same_quarter_last_week_features_to_same_quarter_last_week_fsfp,1,2,2.0,0.0,0.0,1.0,17,17,17,456,2
002060,201813,2018-03-26,13,2018Q1,1,2018Q1,201813,2018Q1,2,1,2015Q1-2017Q4,2018Q1,2018Q1,2018Q1,same_quarter_last_week_features_to_same_quarter_last_week_fsfp,1,1,1.0,0.0,0.0,1.0,17,17,17,459,1
002061,201813,2018-03-26,13,2018Q1,1,2018Q1,201813,2018Q1,2,1,2015Q1-2017Q4,2018Q1,2018Q1,2018Q1,same_quarter_last_week_features_to_same_quarter_last_week_fsfp,1,1,1.0,0.0,0.0,1.0,17,17,17,460,0
002062,201813,2018-03-26,13,2018Q1,1,2018Q1,201813,2018Q1,2,1,2015Q1-2017Q4,2018Q1,2018Q1,2018Q1,same_quarter_last_week_features_to_same_quarter_last_week_fsfp,1,1,1.0,0.0,0.0,1.0,17,17,17,461,1
002063,201813,2018-03-26,13,2018Q1,1,2018Q1,201813,2018Q1,2,1,2015Q1-2017Q4,2018Q1,2018Q1,2018Q1,same_quarter_last_week_features_to_same_quarter_last_week_fsfp,1,2,2.0,0.0,0.0,1.0,17,17,17,462,2
002064,201813,2018-03-26,13,2018Q1,1,2018Q1,201813,2018Q1,2,1,2015Q1-2017Q4,2018Q1,2018Q1,2018Q1,same_quarter_last_week_features_to_same_quarter_last_week_fsfp,1,0,0.0,0.0,0.0,1.0,17,17,17,463,0
002066,201813,2018-03-26,13,2018Q1,1,2018Q1,201813,2018Q1,2,1,2015Q1-2017Q4,2018Q1,2018Q1,2018Q1,same_quarter_last_week_features_to_same_quarter_last_week_fsfp,1,2,2.0,0.0,0.0,1.0,17,17,17,465,1
002068,201813,2018-03-26,13,2018Q1,1,2018Q1,201813,2018Q1,2,1,2015Q1-2017Q4,2018Q1,2018Q1,2018Q1,same_quarter_last_week_features_to_same_quarter_last_week_fsfp,1,1,1.0,0.0,0.0,1.0,17,17,17,467,1
002069,201813,2018-03-26,13,2018Q1,1,2018Q1,201813,2018Q1,2,1,2015Q1-2017Q4,2018Q1,2018Q1,2018Q1,same_quarter_last_week_features_to_same_quarter_last_week_fsfp,1,2,2.0,0.0,0.0,1.0,17,17,17,468,2
002074,201813,2018-03-26,13,2018Q1,1,2018Q1,201813,2018Q1,2,1,2015Q1-2017Q4,2018Q1,2018Q1,2018Q1,same_quarter_last_week_features_to_same_quarter_last_week_fsfp,1,0,0.0,0.0,0.0,1.0,17,17,17,470,0
002076,201813,2018-03-26,13,2018Q1,1,2018Q1,201813,2018Q1,2,1,2015Q1-2017Q4,2018Q1,2018Q1,2018Q1,same_quarter_last_week_features_to_same_quarter_last_week_fsfp,1,1,1.0,0.0,0.0,1.0,17,17,17,471,0
002077,201813,2018-03-26,13,2018Q1,1,2018Q1,201813,2018Q1,2,1,2015Q1-2017Q4,2018Q1,2018Q1,2018Q1,same_quarter_last_week_features_to_same_quarter_last_week_fsfp,1,1,1.0,0.0,0.0,1.0,17,17,17,472,1
002078,201813,2018-03-26,13,2018Q1,1,2018Q1,201813,2018Q1,2,1,2015Q1-2017Q4,2018Q1,2018Q1,2018Q1,same_quarter_last_week_features_to_same_quarter_last_week_fsfp,1,0,0.0,0.0,0.0,1.0,17,17,17,473,0
002084,201813,2018-03-26,13,2018Q1,1,2018Q1,201813,2018Q1,2,1,2015Q1-2017Q4,2018Q1,2018Q1,2018Q1,same_quarter_last_week_features_to_same_quarter_last_week_fsfp,1,0,0.0,0.0,0.0,1.0,17,17,17,478,0
002085,201809,2018-02-26,9,2018Q1,1,2018Q1,201809,2018Q1,2,1,2015Q1-2017Q4,2018Q1,2018Q1,2018Q1,same_quarter_last_week_features_to_same_quarter_last_week_fsfp,1,0,0.0,0.0,0.0,1.0,17,17,17,479,0
002088,201813,2018-03-26,13,2018Q1,1,2018Q1,201813,2018Q1,2,1,2015Q1-2017Q4,2018Q1,2018Q1,2018Q1,same_quarter_last_week_features_to_same_quarter_last_week_fsfp,1,0,0.0,0.0,0.0,1.0,17,17,17,481,0
002092,201813,2018-03-26,13,2018Q1,1,2018Q1,201813,2018Q1,2,1,2015Q1-2017Q4,2018Q1,2018Q1,2018Q1,same_quarter_last_week_features_to_same_quarter_last_week_fsfp,1,2,2.0,0.0,0.0,1.0,17,17,17,484,2
002093,201813,2018-03-26,13,2018Q1,1,2018Q1,201813,2018Q1,2,1,2015Q1-2017Q4,2018Q1,2018Q1,2018Q1,same_quarter_last_week_features_to_same_quarter_last_week_fsfp,1,0,0.0,0.0,0.0,1.0,17,17,17,485,0
002096,201813,2018-03-26,13,2018Q1,1,2018Q1,201813,2018Q1,2,1,2015Q1-2017Q4,2018Q1,2018Q1,2018Q1,same_quarter_last_week_features_to_same_quarter_last_week_fsfp,1,0,0.0,0.0,0.0,1.0,17,17,17,488,0
002101,201813,2018-03-26,13,2018Q1,1,2018Q1,201813,2018Q1,2,1,2015Q1-2017Q4,2018Q1,2018Q1,2018Q1,same_quarter_last_week_features_to_same_quarter_last_week_fsfp,1,1,1.0,0.0,0.0,1.0,17,17,17,492,0
002102,201813,2018-03-26,13,2018Q1,1,2018Q1,201813,2018Q1,2,1,2015Q1-2017Q4,2018Q1,2018Q1,2018Q1,same_quarter_last_week_features_to_same_quarter_last_week_fsfp,1,0,0.0,0.0,0.0,1.0,17,17,17,493,0
002105,201813,2018-03-26,13,2018Q1,1,2018Q1,201813,2018Q1,2,1,2015Q1-2017Q4,2018Q1,2018Q1,2018Q1,same_quarter_last_week_features_to_same_quarter_last_week_fsfp,1,1,1.0,0.0,0.0,1.0,17,17,17,495,1
002106,201813,2018-03-26,13,2018Q1,1,2018Q1,201813,2018Q1,2,1,2015Q1-2017Q4,2018Q1,2018Q1,2018Q1,same_quarter_last_week_features_to_same_quarter_last_week_fsfp,1,0,0.0,0.0,0.0,1.0,17,17,17,496,0
002110,201812,2018-03-19,12,2018Q1,1,2018Q1,201812,2018Q1,2,1,2015Q1-2017Q4,2018Q1,2018Q1,2018Q1,same_quarter_last_week_features_to_same_quarter_last_week_fsfp,1,0,0.0,0.0,0.0,1.0,17,17,17,500,1
002111,201813,2018-03-26,13,2018Q1,1,2018Q1,201813,2018Q1,2,1,2015Q1-2017Q4,2018Q1,2018Q1,2018Q1,same_quarter_last_week_features_to_same_quarter_last_week_fsfp,1,0,0.0,0.0,0.0,1.0,17,17,17,501,0
002112,201813,2018-03-26,13,2018Q1,1,2018Q1,201813,2018Q1,2,1,2015Q1-2017Q4,2018Q1,2018Q1,2018Q1,same_quarter_last_week_features_to_same_quarter_last_week_fsfp,1,1,1.0,0.0,0.0,1.0,17,17,17,502,1
002123,201813,2018-03-26,13,2018Q1,1,2018Q1,201813,2018Q1,2,1,2015Q1-2017Q4,2018Q1,2018Q1,2018Q1,same_quarter_last_week_features_to_same_quarter_last_week_fsfp,1,0,0.0,0.0,0.0,1.0,17,17,17,510,0
002124,201813,2018-03-26,13,2018Q1,1,2018Q1,201813,2018Q1,2,1,2015Q1-2017Q4,2018Q1,2018Q1,2018Q1,same_quarter_last_week_features_to_same_quarter_last_week_fsfp,1,0,0.0,0.0,0.0,1.0,17,17,17,511,0
002129,201813,2018-03-26,13,2018Q1,1,2018Q1,201813,2018Q1,2,1,2015Q1-2017Q4,2018Q1,2018Q1,2018Q1,same_quarter_last_week_features_to_same_quarter_last_week_fsfp,1,0,0.0,0.0,0.0,1.0,17,17,17,516,0
002132,201813,2018-03-26,13,2018Q1,1,2018Q1,201813,2018Q1,2,1,2015Q1-2017Q4,2018Q1,2018Q1,2018Q1,same_quarter_last_week_features_to_same_quarter_last_week_fsfp,1,0,0.0,0.0,0.0,1.0,17,17,17,519,0
002133,201813,2018-03-26,13,2018Q1,1,2018Q1,201813,2018Q1,2,1,2015Q1-2017Q4,2018Q1,2018Q1,2018Q1,same_quarter_last_week_features_to_same_quarter_last_week_fsfp,1,2,2.0,0.0,0.0,1.0,17,17,17,520,2
002134,201813,2018-03-26,13,2018Q1,1,2018Q1,201813,2018Q1,2,1,2015Q1-2017Q4,2018Q1,2018Q1,2018Q1,same_quarter_last_week_features_to_same_quarter_last_week_fsfp,1,1,1.0,0.0,0.0,1.0,17,17,17,521,0
002135,201813,2018-03-26,13,2018Q1,1,2018Q1,201813,2018Q1,2,1,2015Q1-2017Q4,2018Q1,2018Q1,2018Q1,same_quarter_last_week_features_to_same_quarter_last_week_fsfp,1,1,1.0,0.0,0.0,1.0,17,17,17,522,1
002137,201813,2018-03-26,13,2018Q1,1,2018Q1,201813,2018Q1,2,1,2015Q1-2017Q4,2018Q1,2018Q1,2018Q1,same_quarter_last_week_features_to_same_quarter_last_week_fsfp,1,0,0.0,0.0,0.0,1.0,17,17,17,524,0
002138,201813,2018-03-26,13,2018Q1,1,2018Q1,201813,2018Q1,2,1,2015Q1-2017Q4,2018Q1,2018Q1,2018Q1,same_quarter_last_week_features_to_same_quarter_last_week_fsfp,1,0,0.0,0.0,0.0,1.0,17,17,17,525,0
002139,201813,2018-03-26,13,2018Q1,1,2018Q1,201813,2018Q1,2,1,2015Q1-2017Q4,2018Q1,2018Q1,2018Q1,same_quarter_last_week_features_to_same_quarter_last_week_fsfp,1,0,0.0,0.0,0.0,1.0,17,17,17,526,0
002140,201813,2018-03-26,13,2018Q1,1,2018Q1,201813,2018Q1,2,1,2015Q1-2017Q4,2018Q1,2018Q1,2018Q1,same_quarter_last_week_features_to_same_quarter_last_week_fsfp,1,1,1.0,0.0,0.0,1.0,17,17,17,527,1
002141,201813,2018-03-26,13,2018Q1,1,2018Q1,201813,2018Q1,2,1,2015Q1-2017Q4,2018Q1,2018Q1,2018Q1,same_quarter_last_week_features_to_same_quarter_last_week_fsfp,1,0,0.0,0.0,0.0,1.0,17,17,17,528,0
002146,201813,2018-03-26,13,2018Q1,1,2018Q1,201813,2018Q1,2,1,2015Q1-2017Q4,2018Q1,2018Q1,2018Q1,same_quarter_last_week_features_to_same_quarter_last_week_fsfp,1,1,1.0,0.0,0.0,1.0,17,17,17,532,1
002152,201813,2018-03-26,13,2018Q1,1,2018Q1,201813,2018Q1,2,1,2015Q1-2017Q4,2018Q1,2018Q1,2018Q1,same_quarter_last_week_features_to_same_quarter_last_week_fsfp,1,0,0.0,0.0,0.0,1.0,17,17,17,537,0
002153,201813,2018-03-26,13,2018Q1,1,2018Q1,201813,2018Q1,2,1,2015Q1-2017Q4,2018Q1,2018Q1,2018Q1,same_quarter_last_week_features_to_same_quarter_last_week_fsfp,1,0,0.0,0.0,0.0,1.0,17,17,17,538,0
002155,201813,2018-03-26,13,2018Q1,1,2018Q1,201813,2018Q1,2,1,2015Q1-2017Q4,2018Q1,2018Q1,2018Q1,same_quarter_last_week_features_to_same_quarter_last_week_fsfp,1,0,0.0,0.0,0.0,1.0,17,17,17,540,0
002158,201813,2018-03-26,13,2018Q1,1,2018Q1,201813,2018Q1,2,1,2015Q1-2017Q4,2018Q1,2018Q1,2018Q1,same_quarter_last_week_features_to_same_quarter_last_week_fsfp,1,2,2.0,0.0,0.0,1.0,17,17,17,543,2
002161,201805,2018-01-29,5,2018Q1,1,2018Q1,201805,2018Q1,2,1,2015Q1-2017Q4,2018Q1,2018Q1,2018Q1,same_quarter_last_week_features_to_same_quarter_last_week_fsfp,1,2,2.0,0.0,0.0,1.0,17,17,17,546,2
002162,201813,2018-03-26,13,2018Q1,1,2018Q1,201813,2018Q1,2,1,2015Q1-2017Q4,2018Q1,2018Q1,2018Q1,same_quarter_last_week_features_to_same_quarter_last_week_fsfp,1,1,1.0,0.0,0.0,1.0,17,17,17,547,1
002165,201813,2018-03-26,13,2018Q1,1,2018Q1,201813,2018Q1,2,1,2015Q1-2017Q4,2018Q1,2018Q1,2018Q1,same_quarter_last_week_features_to_same_quarter_last_week_fsfp,1,2,2.0,0.0,0.0,1.0,17,17,17,549,2
002167,201813,2018-03-26,13,2018Q1,1,2018Q1,201813,2018Q1,2,1,2015Q1-2017Q4,2018Q1,2018Q1,2018Q1,same_quarter_last_week_features_to_same_quarter_last_week_fsfp,1,1,1.0,0.0,0.0,1.0,17,17,17,551,1
002169,201813,2018-03-26,13,2018Q1,1,2018Q1,201813,2018Q1,2,1,2015Q1-2017Q4,2018Q1,2018Q1,2018Q1,same_quarter_last_week_features_to_same_quarter_last_week_fsfp,1,0,0.0,0.0,0.0,1.0,17,17,17,552,0
002170,201813,2018-03-26,13,2018Q1,1,2018Q1,201813,2018Q1,2,1,2015Q1-2017Q4,2018Q1,2018Q1,2018Q1,same_quarter_last_week_features_to_same_quarter_last_week_fsfp,1,1,1.0,0.0,0.0,1.0,17,17,17,553,1
002171,201813,2018-03-26,13,2018Q1,1,2018Q1,201813,2018Q1,2,1,2015Q1-2017Q4,2018Q1,2018Q1,2018Q1,same_quarter_last_week_features_to_same_quarter_last_week_fsfp,1,1,1.0,0.0,0.0,1.0,17,17,17,554,1
002176,201813,2018-03-26,13,2018Q1,1,2018Q1,201813,2018Q1,2,1,2015Q1-2017Q4,2018Q1,2018Q1,2018Q1,same_quarter_last_week_features_to_same_quarter_last_week_fsfp,1,1,1.0,0.0,0.0,1.0,17,17,17,559,1
002178,201813,2018-03-26,13,2018Q1,1,2018Q1,201813,2018Q1,2,1,2015Q1-2017Q4,2018Q1,2018Q1,2018Q1,same_quarter_last_week_features_to_same_quarter_last_week_fsfp,1,0,0.0,0.0,0.0,1.0,17,17,17,561,0
002179,201813,2018-03-26,13,2018Q1,1,2018Q1,201813,2018Q1,2,1,2015Q1-2017Q4,2018Q1,2018Q1,2018Q1,same_quarter_last_week_features_to_same_quarter_last_week_fsfp,1,0,0.0,0.0,0.0,1.0,17,17,17,562,0
002180,201813,2018-03-26,13,2018Q1,1,2018Q1,201813,2018Q1,2,1,2015Q1-2017Q4,2018Q1,2018Q1,2018Q1,same_quarter_last_week_features_to_same_quarter_last_week_fsfp,1,0,0.0,0.0,0.0,1.0,17,17,17,563,0
002181,201813,2018-03-26,13,2018Q1,1,2018Q1,201813,2018Q1,2,1,2015Q1-2017Q4,2018Q1,2018Q1,2018Q1,same_quarter_last_week_features_to_same_quarter_last_week_fsfp,1,2,2.0,0.0,0.0,1.0,17,17,17,564,1
002183,201813,2018-03-26,13,2018Q1,1,2018Q1,201813,2018Q1,2,1,2015Q1-2017Q4,2018Q1,2018Q1,2018Q1,same_quarter_last_week_features_to_same_quarter_last_week_fsfp,1,1,1.0,0.0,0.0,1.0,17,17,17,566,1
002184,201813,2018-03-26,13,2018Q1,1,2018Q1,201813,2018Q1,2,1,2015Q1-2017Q4,2018Q1,2018Q1,2018Q1,same_quarter_last_week_features_to_same_quarter_last_week_fsfp,1,1,1.0,0.0,0.0,1.0,17,17,17,567,1
002185,201813,2018-03-26,13,2018Q1,1,2018Q1,201813,2018Q1,2,1,2015Q1-2017Q4,2018Q1,2018Q1,2018Q1,same_quarter_last_week_features_to_same_quarter_last_week_fsfp,1,0,0.0,0.0,0.0,1.0,17,17,17,568,0
002192,201813,2018-03-26,13,2018Q1,1,2018Q1,201813,2018Q1,2,1,2015Q1-2017Q4,2018Q1,2018Q1,2018Q1,same_quarter_last_week_features_to_same_quarter_last_week_fsfp,1,1,1.0,0.0,0.0,1.0,17,17,17,575,1
002194,201813,2018-03-26,13,2018Q1,1,2018Q1,201813,2018Q1,2,1,2015Q1-2017Q4,2018Q1,2018Q1,2018Q1,same_quarter_last_week_features_to_same_quarter_last_week_fsfp,1,1,1.0,0.0,0.0,1.0,17,17,17,577,1
002195,201813,2018-03-26,13,2018Q1,1,2018Q1,201813,2018Q1,2,1,2015Q1-2017Q4,2018Q1,2018Q1,2018Q1,same_quarter_last_week_features_to_same_quarter_last_week_fsfp,1,0,0.0,0.0,0.0,1.0,17,17,17,578,0
002197,201813,2018-03-26,13,2018Q1,1,2018Q1,201813,2018Q1,2,1,2015Q1-2017Q4,2018Q1,2018Q1,2018Q1,same_quarter_last_week_features_to_same_quarter_last_week_fsfp,1,2,2.0,0.0,0.0,1.0,17,17,17,580,2
002199,201813,2018-03-26,13,2018Q1,1,2018Q1,201813,2018Q1,2,1,2015Q1-2017Q4,2018Q1,2018Q1,2018Q1,same_quarter_last_week_features_to_same_quarter_last_week_fsfp,1,0,0.0,0.0,0.0,1.0,17,17,17,582,0
002201,201813,2018-03-26,13,2018Q1,1,2018Q1,201813,2018Q1,2,1,2015Q1-2017Q4,2018Q1,2018Q1,2018Q1,same_quarter_last_week_features_to_same_quarter_last_week_fsfp,1,1,1.0,0.0,0.0,1.0,17,17,17,584,1
002203,201813,2018-03-26,13,2018Q1,1,2018Q1,201813,2018Q1,2,1,2015Q1-2017Q4,2018Q1,2018Q1,2018Q1,same_quarter_last_week_features_to_same_quarter_last_week_fsfp,1,0,0.0,0.0,0.0,1.0,17,17,17,586,0
002205,201813,2018-03-26,13,2018Q1,1,2018Q1,201813,2018Q1,2,1,2015Q1-2017Q4,2018Q1,2018Q1,2018Q1,same_quarter_last_week_features_to_same_quarter_last_week_fsfp,1,0,0.0,0.0,0.0,1.0,17,17,17,588,0
002207,201813,2018-03-26,13,2018Q1,1,2018Q1,201813,2018Q1,2,1,2015Q1-2017Q4,2018Q1,2018Q1,2018Q1,same_quarter_last_week_features_to_same_quarter_last_week_fsfp,1,0,0.0,0.0,0.0,1.0,17,17,17,590,0
002210,201812,2018-03-19,12,2018Q1,1,2018Q1,201812,2018Q1,2,1,2015Q1-2017Q4,2018Q1,2018Q1,2018Q1,same_quarter_last_week_features_to_same_quarter_last_week_fsfp,1,0,0.0,0.0,0.0,1.0,17,17,17,593,1
002212,201805,2018-01-29,5,2018Q1,1,2018Q1,201805,2018Q1,2,1,2015Q1-2017Q4,2018Q1,2018Q1,2018Q1,same_quarter_last_week_features_to_same_quarter_last_week_fsfp,1,1,1.0,0.0,0.0,1.0,17,17,17,595,1
002215,201813,2018-03-26,13,2018Q1,1,2018Q1,201813,2018Q1,2,1,2015Q1-2017Q4,2018Q1,2018Q1,2018Q1,same_quarter_last_week_features_to_same_quarter_last_week_fsfp,1,1,1.0,0.0,0.0,1.0,17,17,17,598,1
002218,201813,2018-03-26,13,2018Q1,1,2018Q1,201813,2018Q1,2,1,2015Q1-2017Q4,2018Q1,2018Q1,2018Q1,same_quarter_last_week_features_to_same_quarter_last_week_fsfp,1,0,0.0,0.0,0.0,1.0,17,17,17,601,0
002221,201813,2018-03-26,13,2018Q1,1,2018Q1,201813,2018Q1,2,1,2015Q1-2017Q4,2018Q1,2018Q1,2018Q1,same_quarter_last_week_features_to_same_quarter_last_week_fsfp,1,1,1.0,0.0,0.0,1.0,17,17,17,602,1
002223,201813,2018-03-26,13,2018Q1,1,2018Q1,201813,2018Q1,2,1,2015Q1-2017Q4,2018Q1,2018Q1,2018Q1,same_quarter_last_week_features_to_same_quarter_last_week_fsfp,1,0,0.0,0.0,0.0,1.0,17,17,17,604,1
002226,201813,2018-03-26,13,2018Q1,1,2018Q1,201813,2018Q1,2,1,2015Q1-2017Q4,2018Q1,2018Q1,2018Q1,same_quarter_last_week_features_to_same_quarter_last_week_fsfp,1,1,1.0,0.0,0.0,1.0,17,17,17,607,2
002227,201813,2018-03-26,13,2018Q1,1,2018Q1,201813,2018Q1,2,1,2015Q1-2017Q4,2018Q1,2018Q1,2018Q1,same_quarter_last_week_features_to_same_quarter_last_week_fsfp,1,0,0.0,0.0,0.0,1.0,17,17,17,608,0
002228,201813,2018-03-26,13,2018Q1,1,2018Q1,201813,2018Q1,2,1,2015Q1-2017Q4,2018Q1,2018Q1,2018Q1,same_quarter_last_week_features_to_same_quarter_last_week_fsfp,1,0,0.0,0.0,0.0,1.0,17,17,17,609,1
002230,201813,2018-03-26,13,2018Q1,1,2018Q1,201813,2018Q1,2,1,2015Q1-2017Q4,2018Q1,2018Q1,2018Q1,same_quarter_last_week_features_to_same_quarter_last_week_fsfp,1,0,0.0,0.0,0.0,1.0,17,17,17,611,0
002232,201813,2018-03-26,13,2018Q1,1,2018Q1,201813,2018Q1,2,1,2015Q1-2017Q4,2018Q1,2018Q1,2018Q1,same_quarter_last_week_features_to_same_quarter_last_week_fsfp,1,1,1.0,0.0,0.0,1.0,17,17,17,613,1
002241,201813,2018-03-26,13,2018Q1,1,2018Q1,201813,2018Q1,2,1,2015Q1-2017Q4,2018Q1,2018Q1,2018Q1,same_quarter_last_week_features_to_same_quarter_last_week_fsfp,1,0,0.0,0.0,0.0,1.0,17,17,17,622,0
002245,201813,2018-03-26,13,2018Q1,1,2018Q1,201813,2018Q1,2,1,2015Q1-2017Q4,2018Q1,2018Q1,2018Q1,same_quarter_last_week_features_to_same_quarter_last_week_fsfp,1,1,1.0,0.0,0.0,1.0,17,17,17,626,0
002247,201813,2018-03-26,13,2018Q1,1,2018Q1,201813,2018Q1,2,1,2015Q1-2017Q4,2018Q1,2018Q1,2018Q1,same_quarter_last_week_features_to_same_quarter_last_week_fsfp,1,1,1.0,0.0,0.0,1.0,17,17,17,628,1
002249,201813,2018-03-26,13,2018Q1,1,2018Q1,201813,2018Q1,2,1,2015Q1-2017Q4,2018Q1,2018Q1,2018Q1,same_quarter_last_week_features_to_same_quarter_last_week_fsfp,1,1,1.0,0.0,0.0,1.0,17,17,17,630,1
002250,201813,2018-03-26,13,2018Q1,1,2018Q1,201813,2018Q1,2,1,2015Q1-2017Q4,2018Q1,2018Q1,2018Q1,same_quarter_last_week_features_to_same_quarter_last_week_fsfp,1,1,1.0,0.0,0.0,1.0,17,17,17,631,1
002252,201808,2018-02-19,8,2018Q1,1,2018Q1,201808,2018Q1,2,1,2015Q1-2017Q4,2018Q1,2018Q1,2018Q1,same_quarter_last_week_features_to_same_quarter_last_week_fsfp,1,0,0.0,0.0,0.0,1.0,17,17,17,633,0
002255,201813,2018-03-26,13,2018Q1,1,2018Q1,201813,2018Q1,2,1,2015Q1-2017Q4,2018Q1,2018Q1,2018Q1,same_quarter_last_week_features_to_same_quarter_last_week_fsfp,1,0,0.0,0.0,0.0,1.0,17,17,17,636,0
002256,201809,2018-02-26,9,2018Q1,1,2018Q1,201809,2018Q1,2,1,2015Q1-2017Q4,2018Q1,2018Q1,2018Q1,same_quarter_last_week_features_to_same_quarter_last_week_fsfp,1,1,1.0,0.0,0.0,1.0,17,17,17,637,1
002258,201813,2018-03-26,13,2018Q1,1,2018Q1,201813,2018Q1,2,1,2015Q1-2017Q4,2018Q1,2018Q1,2018Q1,same_quarter_last_week_features_to_same_quarter_last_week_fsfp,1,1,1.0,0.0,0.0,1.0,17,17,17,638,1
002262,201813,2018-03-26,13,2018Q1,1,2018Q1,201813,2018Q1,2,1,2015Q1-2017Q4,2018Q1,2018Q1,2018Q1,same_quarter_last_week_features_to_same_quarter_last_week_fsfp,1,0,0.0,0.0,0.0,1.0,17,17,17,641,0
002263,201808,2018-02-19,8,2018Q1,1,2018Q1,201808,2018Q1,2,1,2015Q1-2017Q4,2018Q1,2018Q1,2018Q1,same_quarter_last_week_features_to_same_quarter_last_week_fsfp,1,1,1.0,0.0,0.0,1.0,17,17,17,642,1
002266,201813,2018-03-26,13,2018Q1,1,2018Q1,201813,2018Q1,2,1,2015Q1-2017Q4,2018Q1,2018Q1,2018Q1,same_quarter_last_week_features_to_same_quarter_last_week_fsfp,1,0,0.0,0.0,0.0,1.0,17,17,17,645,0
002267,201813,2018-03-26,13,2018Q1,1,2018Q1,201813,2018Q1,2,1,2015Q1-2017Q4,2018Q1,2018Q1,2018Q1,same_quarter_last_week_features_to_same_quarter_last_week_fsfp,1,1,1.0,0.0,0.0,1.0,17,17,17,646,2
002270,201813,2018-03-26,13,2018Q1,1,2018Q1,201813,2018Q1,2,1,2015Q1-2017Q4,2018Q1,2018Q1,2018Q1,same_quarter_last_week_features_to_same_quarter_last_week_fsfp,1,0,0.0,0.0,0.0,1.0,17,17,17,649,0
002271,201813,2018-03-26,13,2018Q1,1,2018Q1,201813,2018Q1,2,1,2015Q1-2017Q4,2018Q1,2018Q1,2018Q1,same_quarter_last_week_features_to_same_quarter_last_week_fsfp,1,1,1.0,0.0,0.0,1.0,17,17,17,650,1
002272,201813,2018-03-26,13,2018Q1,1,2018Q1,201813,2018Q1,2,1,2015Q1-2017Q4,2018Q1,2018Q1,2018Q1,same_quarter_last_week_features_to_same_quarter_last_week_fsfp,1,2,2.0,0.0,0.0,1.0,17,17,17,651,2
002273,201813,2018-03-26,13,2018Q1,1,2018Q1,201813,2018Q1,2,1,2015Q1-2017Q4,2018Q1,2018Q1,2018Q1,same_quarter_last_week_features_to_same_quarter_last_week_fsfp,1,0,0.0,0.0,0.0,1.0,17,17,17,652,0
002274,201813,2018-03-26,13,2018Q1,1,2018Q1,201813,2018Q1,2,1,2015Q1-2017Q4,2018Q1,2018Q1,2018Q1,same_quarter_last_week_features_to_same_quarter_last_week_fsfp,1,0,0.0,0.0,0.0,1.0,17,17,17,653,0
002281,201813,2018-03-26,13,2018Q1,1,2018Q1,201813,2018Q1,2,1,2015Q1-2017Q4,2018Q1,2018Q1,2018Q1,same_quarter_last_week_features_to_same_quarter_last_week_fsfp,1,0,0.0,0.0,0.0,1.0,17,17,17,659,0
000011,201813,2018-03-26,13,2018Q1,1,2018Q1,201813,2018Q1,2,1,2015Q1-2017Q4,2018Q1,2018Q1,2018Q1,same_quarter_last_week_features_to_same_quarter_last_week_fsfp,2,1,1.0,0.0,0.0,1.0,17,17,17,4,1
000021,201813,2018-03-26,13,2018Q1,1,2018Q1,201813,2018Q1,2,1,2015Q1-2017Q4,2018Q1,2018Q1,2018Q1,same_quarter_last_week_features_to_same_quarter_last_week_fsfp,2,0,0.0,0.0,0.0,1.0,17,17,17,8,0
000039,201813,2018-03-26,13,2018Q1,1,2018Q1,201813,2018Q1,2,1,2015Q1-2017Q4,2018Q1,2018Q1,2018Q1,same_quarter_last_week_features_to_same_quarter_last_week_fsfp,2,1,1.0,0.0,0.0,1.0,17,17,17,12,1
000088,201813,2018-03-26,13,2018Q1,1,2018Q1,201813,2018Q1,2,1,2015Q1-2017Q4,2018Q1,2018Q1,2018Q1,same_quarter_last_week_features_to_same_quarter_last_week_fsfp,2,1,1.0,0.0,0.0,1.0,17,17,17,23,1
000417,201813,2018-03-26,13,2018Q1,1,2018Q1,201813,2018Q1,2,1,2015Q1-2017Q4,2018Q1,2018Q1,2018Q1,same_quarter_last_week_features_to_same_quarter_last_week_fsfp,2,1,1.0,0.0,0.0,1.0,17,17,17,33,0
000426,201813,2018-03-26,13,2018Q1,1,2018Q1,201813,2018Q1,2,1,2015Q1-2017Q4,2018Q1,2018Q1,2018Q1,same_quarter_last_week_features_to_same_quarter_last_week_fsfp,2,0,0.0,0.0,0.0,1.0,17,17,17,37,0
000430,201813,2018-03-26,13,2018Q1,1,2018Q1,201813,2018Q1,2,1,2015Q1-2017Q4,2018Q1,2018Q1,2018Q1,same_quarter_last_week_features_to_same_quarter_last_week_fsfp,2,0,0.0,0.0,0.0,1.0,17,17,17,39,0
000513,201813,2018-03-26,13,2018Q1,1,2018Q1,201813,2018Q1,2,1,2015Q1-2017Q4,2018Q1,2018Q1,2018Q1,same_quarter_last_week_features_to_same_quarter_last_week_fsfp,2,0,0.0,0.0,0.0,1.0,17,17,17,47,0
000521,201813,2018-03-26,13,2018Q1,1,2018Q1,201813,2018Q1,2,1,2015Q1-2017Q4,2018Q1,2018Q1,2018Q1,same_quarter_last_week_features_to_same_quarter_last_week_fsfp,2,1,1.0,0.0,0.0,1.0,17,17,17,50,0
000529,201813,2018-03-26,13,2018Q1,1,2018Q1,201813,2018Q1,2,1,2015Q1-2017Q4,2018Q1,2018Q1,2018Q1,same_quarter_last_week_features_to_same_quarter_last_week_fsfp,2,1,1.0,0.0,0.0,1.0,17,17,17,53,0
000530,201813,2018-03-26,13,2018Q1,1,2018Q1,201813,2018Q1,2,1,2015Q1-2017Q4,2018Q1,2018Q1,2018Q1,same_quarter_last_week_features_to_same_quarter_last_week_fsfp,2,0,0.0,0.0,0.0,1.0,17,17,17,54,0
000539,201813,2018-03-26,13,2018Q1,1,2018Q1,201813,2018Q1,2,1,2015Q1-2017Q4,2018Q1,2018Q1,2018Q1,same_quarter_last_week_features_to_same_quarter_last_week_fsfp,2,0,0.0,0.0,0.0,1.0,17,17,17,60,0
000548,201813,2018-03-26,13,2018Q1,1,2018Q1,201813,2018Q1,2,1,2015Q1-2017Q4,2018Q1,2018Q1,2018Q1,same_quarter_last_week_features_to_same_quarter_last_week_fsfp,2,1,1.0,0.0,0.0,1.0,17,17,17,65,1
000568,201813,2018-03-26,13,2018Q1,1,2018Q1,201813,2018Q1,2,1,2015Q1-2017Q4,2018Q1,2018Q1,2018Q1,same_quarter_last_week_features_to_same_quarter_last_week_fsfp,2,0,0.0,0.0,0.0,1.0,17,17,17,75,0
000595,201813,2018-03-26,13,2018Q1,1,2018Q1,201813,2018Q1,2,1,2015Q1-2017Q4,2018Q1,2018Q1,2018Q1,same_quarter_last_week_features_to_same_quarter_last_week_fsfp,2,0,0.0,0.0,0.0,1.0,17,17,17,81,0
000597,201813,2018-03-26,13,2018Q1,1,2018Q1,201813,2018Q1,2,1,2015Q1-2017Q4,2018Q1,2018Q1,2018Q1,same_quarter_last_week_features_to_same_quarter_last_week_fsfp,2,1,1.0,0.0,0.0,1.0,17,17,17,82,1
000625,201813,2018-03-26,13,2018Q1,1,2018Q1,201813,2018Q1,2,1,2015Q1-2017Q4,2018Q1,2018Q1,2018Q1,same_quarter_last_week_features_to_same_quarter_last_week_fsfp,2,0,0.0,0.0,0.0,1.0,17,17,17,92,1
000628,201813,2018-03-26,13,2018Q1,1,2018Q1,201813,2018Q1,2,1,2015Q1-2017Q4,2018Q1,2018Q1,2018Q1,same_quarter_last_week_features_to_same_quarter_last_week_fsfp,2,1,1.0,0.0,0.0,1.0,17,17,17,95,1
000656,201813,2018-03-26,13,2018Q1,1,2018Q1,201813,2018Q1,2,1,2015Q1-2017Q4,2018Q1,2018Q1,2018Q1,same_quarter_last_week_features_to_same_quarter_last_week_fsfp,2,0,0.0,0.0,0.0,1.0,17,17,17,102,0
000659,201813,2018-03-26,13,2018Q1,1,2018Q1,201813,2018Q1,2,1,2015Q1-2017Q4,2018Q1,2018Q1,2018Q1,same_quarter_last_week_features_to_same_quarter_last_week_fsfp,2,0,0.0,0.0,0.0,1.0,17,17,17,104,2
000663,201813,2018-03-26,13,2018Q1,1,2018Q1,201813,2018Q1,2,1,2015Q1-2017Q4,2018Q1,2018Q1,2018Q1,same_quarter_last_week_features_to_same_quarter_last_week_fsfp,2,1,1.0,0.0,0.0,1.0,17,17,17,106,0
000669,201813,2018-03-26,13,2018Q1,1,2018Q1,201813,2018Q1,2,1,2015Q1-2017Q4,2018Q1,2018Q1,2018Q1,same_quarter_last_week_features_to_same_quarter_last_week_fsfp,2,0,0.0,0.0,0.0,1.0,17,17,17,109,0
000672,201813,2018-03-26,13,2018Q1,1,2018Q1,201813,2018Q1,2,1,2015Q1-2017Q4,2018Q1,2018Q1,2018Q1,same_quarter_last_week_features_to_same_quarter_last_week_fsfp,2,1,1.0,0.0,0.0,1.0,17,17,17,111,1
000679,201813,2018-03-26,13,2018Q1,1,2018Q1,201813,2018Q1,2,1,2015Q1-2017Q4,2018Q1,2018Q1,2018Q1,same_quarter_last_week_features_to_same_quarter_last_week_fsfp,2,1,1.0,0.0,0.0,1.0,17,17,17,113,1
000688,201813,2018-03-26,13,2018Q1,1,2018Q1,201813,2018Q1,2,1,2015Q1-2017Q4,2018Q1,2018Q1,2018Q1,same_quarter_last_week_features_to_same_quarter_last_week_fsfp,2,0,0.0,0.0,0.0,1.0,17,17,17,118,0
000695,201813,2018-03-26,13,2018Q1,1,2018Q1,201813,2018Q1,2,1,2015Q1-2017Q4,2018Q1,2018Q1,2018Q1,same_quarter_last_week_features_to_same_quarter_last_week_fsfp,2,1,1.0,0.0,0.0,1.0,17,17,17,119,1
000703,201801,2018-01-01,1,2018Q1,1,2018Q1,201801,2018Q1,2,1,2015Q1-2017Q4,2018Q1,2018Q1,2018Q1,same_quarter_last_week_features_to_same_quarter_last_week_fsfp,2,0,0.0,0.0,0.0,1.0,17,17,17,124,0
000723,201813,2018-03-26,13,2018Q1,1,2018Q1,201813,2018Q1,2,1,2015Q1-2017Q4,2018Q1,2018Q1,2018Q1,same_quarter_last_week_features_to_same_quarter_last_week_fsfp,2,0,0.0,0.0,0.0,1.0,17,17,17,134,1
000728,201813,2018-03-26,13,2018Q1,1,2018Q1,201813,2018Q1,2,1,2015Q1-2017Q4,2018Q1,2018Q1,2018Q1,same_quarter_last_week_features_to_same_quarter_last_week_fsfp,2,1,1.0,0.0,0.0,1.0,17,17,17,136,1
000729,201813,2018-03-26,13,2018Q1,1,2018Q1,201813,2018Q1,2,1,2015Q1-2017Q4,2018Q1,2018Q1,2018Q1,same_quarter_last_week_features_to_same_quarter_last_week_fsfp,2,0,0.0,0.0,0.0,1.0,17,17,17,137,0
000758,201813,2018-03-26,13,2018Q1,1,2018Q1,201813,2018Q1,2,1,2015Q1-2017Q4,2018Q1,2018Q1,2018Q1,same_quarter_last_week_features_to_same_quarter_last_week_fsfp,2,1,1.0,0.0,0.0,1.0,17,17,17,146,2
000759,201813,2018-03-26,13,2018Q1,1,2018Q1,201813,2018Q1,2,1,2015Q1-2017Q4,2018Q1,2018Q1,2018Q1,same_quarter_last_week_features_to_same_quarter_last_week_fsfp,2,1,1.0,0.0,0.0,1.0,17,17,17,147,1
000801,201813,2018-03-26,13,2018Q1,1,2018Q1,201813,2018Q1,2,1,2015Q1-2017Q4,2018Q1,2018Q1,2018Q1,same_quarter_last_week_features_to_same_quarter_last_week_fsfp,2,0,0.0,0.0,0.0,1.0,17,17,17,159,0
000802,201813,2018-03-26,13,2018Q1,1,2018Q1,201813,2018Q1,2,1,2015Q1-2017Q4,2018Q1,2018Q1,2018Q1,same_quarter_last_week_features_to_same_quarter_last_week_fsfp,2,1,1.0,0.0,0.0,1.0,17,17,17,160,1
000825,201813,2018-03-26,13,2018Q1,1,2018Q1,201813,2018Q1,2,1,2015Q1-2017Q4,2018Q1,2018Q1,2018Q1,same_quarter_last_week_features_to_same_quarter_last_week_fsfp,2,0,0.0,0.0,0.0,1.0,17,17,17,169,0
000852,201813,2018-03-26,13,2018Q1,1,2018Q1,201813,2018Q1,2,1,2015Q1-2017Q4,2018Q1,2018Q1,2018Q1,same_quarter_last_week_features_to_same_quarter_last_week_fsfp,2,1,1.0,0.0,0.0,1.0,17,17,17,176,1
000903,201813,2018-03-26,13,2018Q1,1,2018Q1,201813,2018Q1,2,1,2015Q1-2017Q4,2018Q1,2018Q1,2018Q1,same_quarter_last_week_features_to_same_quarter_last_week_fsfp,2,1,1.0,0.0,0.0,1.0,17,17,17,193,1
000911,201813,2018-03-26,13,2018Q1,1,2018Q1,201813,2018Q1,2,1,2015Q1-2017Q4,2018Q1,2018Q1,2018Q1,same_quarter_last_week_features_to_same_quarter_last_week_fsfp,2,0,0.0,0.0,0.0,1.0,17,17,17,195,0
000920,201813,2018-03-26,13,2018Q1,1,2018Q1,201813,2018Q1,2,1,2015Q1-2017Q4,2018Q1,2018Q1,2018Q1,same_quarter_last_week_features_to_same_quarter_last_week_fsfp,2,1,1.0,0.0,0.0,1.0,17,17,17,196,0
000927,201813,2018-03-26,13,2018Q1,1,2018Q1,201813,2018Q1,2,1,2015Q1-2017Q4,2018Q1,2018Q1,2018Q1,same_quarter_last_week_features_to_same_quarter_last_week_fsfp,2,1,1.0,0.0,0.0,1.0,17,17,17,198,2
000937,201813,2018-03-26,13,2018Q1,1,2018Q1,201813,2018Q1,2,1,2015Q1-2017Q4,2018Q1,2018Q1,2018Q1,same_quarter_last_week_features_to_same_quarter_last_week_fsfp,2,0,0.0,0.0,0.0,1.0,17,17,17,205,1
000968,201813,2018-03-26,13,2018Q1,1,2018Q1,201813,2018Q1,2,1,2015Q1-2017Q4,2018Q1,2018Q1,2018Q1,same_quarter_last_week_features_to_same_quarter_last_week_fsfp,2,0,0.0,0.0,0.0,1.0,17,17,17,215,0
000989,201813,2018-03-26,13,2018Q1,1,2018Q1,201813,2018Q1,2,1,2015Q1-2017Q4,2018Q1,2018Q1,2018Q1,same_quarter_last_week_features_to_same_quarter_last_week_fsfp,2,1,1.0,0.0,0.0,1.0,17,17,17,222,2
000993,201813,2018-03-26,13,2018Q1,1,2018Q1,201813,2018Q1,2,1,2015Q1-2017Q4,2018Q1,2018Q1,2018Q1,same_quarter_last_week_features_to_same_quarter_last_week_fsfp,2,0,0.0,0.0,0.0,1.0,17,17,17,223,1
001696,201813,2018-03-26,13,2018Q1,1,2018Q1,201813,2018Q1,2,1,2015Q1-2017Q4,2018Q1,2018Q1,2018Q1,same_quarter_last_week_features_to_same_quarter_last_week_fsfp,2,0,0.0,0.0,0.0,1.0,17,17,17,226,0
002022,201813,2018-03-26,13,2018Q1,1,2018Q1,201813,2018Q1,2,1,2015Q1-2017Q4,2018Q1,2018Q1,2018Q1,same_quarter_last_week_features_to_same_quarter_last_week_fsfp,2,2,2.0,0.0,0.0,1.0,17,17,17,242,1
002029,201813,2018-03-26,13,2018Q1,1,2018Q1,201813,2018Q1,2,1,2015Q1-2017Q4,2018Q1,2018Q1,2018Q1,same_quarter_last_week_features_to_same_quarter_last_week_fsfp,2,1,1.0,0.0,0.0,1.0,17,17,17,245,1
002030,201813,2018-03-26,13,2018Q1,1,2018Q1,201813,2018Q1,2,1,2015Q1-2017Q4,2018Q1,2018Q1,2018Q1,same_quarter_last_week_features_to_same_quarter_last_week_fsfp,2,1,1.0,0.0,0.0,1.0,17,17,17,246,1
002051,201813,2018-03-26,13,2018Q1,1,2018Q1,201813,2018Q1,2,1,2015Q1-2017Q4,2018Q1,2018Q1,2018Q1,same_quarter_last_week_features_to_same_quarter_last_week_fsfp,2,1,1.0,0.0,0.0,1.0,17,17,17,259,1
002052,201813,2018-03-26,13,2018Q1,1,2018Q1,201813,2018Q1,2,1,2015Q1-2017Q4,2018Q1,2018Q1,2018Q1,same_quarter_last_week_features_to_same_quarter_last_week_fsfp,2,0,0.0,0.0,0.0,1.0,17,17,17,260,2
002056,201813,2018-03-26,13,2018Q1,1,2018Q1,201813,2018Q1,2,1,2015Q1-2017Q4,2018Q1,2018Q1,2018Q1,same_quarter_last_week_features_to_same_quarter_last_week_fsfp,2,0,0.0,0.0,0.0,1.0,17,17,17,262,0
002067,201813,2018-03-26,13,2018Q1,1,2018Q1,201813,2018Q1,2,1,2015Q1-2017Q4,2018Q1,2018Q1,2018Q1,same_quarter_last_week_features_to_same_quarter_last_week_fsfp,2,0,0.0,0.0,0.0,1.0,17,17,17,266,1
002079,201813,2018-03-26,13,2018Q1,1,2018Q1,201813,2018Q1,2,1,2015Q1-2017Q4,2018Q1,2018Q1,2018Q1,same_quarter_last_week_features_to_same_quarter_last_week_fsfp,2,1,1.0,0.0,0.0,1.0,17,17,17,268,0
002080,201813,2018-03-26,13,2018Q1,1,2018Q1,201813,2018Q1,2,1,2015Q1-2017Q4,2018Q1,2018Q1,2018Q1,same_quarter_last_week_features_to_same_quarter_last_week_fsfp,2,0,0.0,0.0,0.0,1.0,17,17,17,269,0
002086,201813,2018-03-26,13,2018Q1,1,2018Q1,201813,2018Q1,2,1,2015Q1-2017Q4,2018Q1,2018Q1,2018Q1,same_quarter_last_week_features_to_same_quarter_last_week_fsfp,2,0,0.0,0.0,0.0,1.0,17,17,17,272,1
002090,201813,2018-03-26,13,2018Q1,1,2018Q1,201813,2018Q1,2,1,2015Q1-2017Q4,2018Q1,2018Q1,2018Q1,same_quarter_last_week_features_to_same_quarter_last_week_fsfp,2,0,0.0,0.0,0.0,1.0,17,17,17,273,1
002094,201813,2018-03-26,13,2018Q1,1,2018Q1,201813,2018Q1,2,1,2015Q1-2017Q4,2018Q1,2018Q1,2018Q1,same_quarter_last_week_features_to_same_quarter_last_week_fsfp,2,1,1.0,0.0,0.0,1.0,17,17,17,275,1
002099,201813,2018-03-26,13,2018Q1,1,2018Q1,201813,2018Q1,2,1,2015Q1-2017Q4,2018Q1,2018Q1,2018Q1,same_quarter_last_week_features_to_same_quarter_last_week_fsfp,2,1,1.0,0.0,0.0,1.0,17,17,17,278,1
002107,201813,2018-03-26,13,2018Q1,1,2018Q1,201813,2018Q1,2,1,2015Q1-2017Q4,2018Q1,2018Q1,2018Q1,same_quarter_last_week_features_to_same_quarter_last_week_fsfp,2,1,1.0,0.0,0.0,1.0,17,17,17,281,2
002114,201813,2018-03-26,13,2018Q1,1,2018Q1,201813,2018Q1,2,1,2015Q1-2017Q4,2018Q1,2018Q1,2018Q1,same_quarter_last_week_features_to_same_quarter_last_week_fsfp,2,1,1.0,0.0,0.0,1.0,17,17,17,284,1
002115,201813,2018-03-26,13,2018Q1,1,2018Q1,201813,2018Q1,2,1,2015Q1-2017Q4,2018Q1,2018Q1,2018Q1,same_quarter_last_week_features_to_same_quarter_last_week_fsfp,2,1,1.0,0.0,0.0,1.0,17,17,17,285,1
002116,201813,2018-03-26,13,2018Q1,1,2018Q1,201813,2018Q1,2,1,2015Q1-2017Q4,2018Q1,2018Q1,2018Q1,same_quarter_last_week_features_to_same_quarter_last_week_fsfp,2,1,1.0,0.0,0.0,1.0,17,17,17,286,1
002119,201813,2018-03-26,13,2018Q1,1,2018Q1,201813,2018Q1,2,1,2015Q1-2017Q4,2018Q1,2018Q1,2018Q1,same_quarter_last_week_features_to_same_quarter_last_week_fsfp,2,1,1.0,0.0,0.0,1.0,17,17,17,288,1
002120,201813,2018-03-26,13,2018Q1,1,2018Q1,201813,2018Q1,2,1,2015Q1-2017Q4,2018Q1,2018Q1,2018Q1,same_quarter_last_week_features_to_same_quarter_last_week_fsfp,2,0,0.0,0.0,0.0,1.0,17,17,17,289,0
002121,201805,2018-01-29,5,2018Q1,1,2018Q1,201805,2018Q1,2,1,2015Q1-2017Q4,2018Q1,2018Q1,2018Q1,same_quarter_last_week_features_to_same_quarter_last_week_fsfp,2,0,0.0,0.0,0.0,1.0,17,17,17,290,1
002136,201813,2018-03-26,13,2018Q1,1,2018Q1,201813,2018Q1,2,1,2015Q1-2017Q4,2018Q1,2018Q1,2018Q1,same_quarter_last_week_features_to_same_quarter_last_week_fsfp,2,1,1.0,0.0,0.0,1.0,17,17,17,297,2
002144,201813,2018-03-26,13,2018Q1,1,2018Q1,201813,2018Q1,2,1,2015Q1-2017Q4,2018Q1,2018Q1,2018Q1,same_quarter_last_week_features_to_same_quarter_last_week_fsfp,2,0,0.0,0.0,0.0,1.0,17,17,17,299,0
002151,201813,2018-03-26,13,2018Q1,1,2018Q1,201813,2018Q1,2,1,2015Q1-2017Q4,2018Q1,2018Q1,2018Q1,same_quarter_last_week_features_to_same_quarter_last_week_fsfp,2,0,0.0,0.0,0.0,1.0,17,17,17,304,1
002154,201813,2018-03-26,13,2018Q1,1,2018Q1,201813,2018Q1,2,1,2015Q1-2017Q4,2018Q1,2018Q1,2018Q1,same_quarter_last_week_features_to_same_quarter_last_week_fsfp,2,0,0.0,0.0,0.0,1.0,17,17,17,305,1
002156,201813,2018-03-26,13,2018Q1,1,2018Q1,201813,2018Q1,2,1,2015Q1-2017Q4,2018Q1,2018Q1,2018Q1,same_quarter_last_week_features_to_same_quarter_last_week_fsfp,2,0,0.0,0.0,0.0,1.0,17,17,17,306,0
002189,201813,2018-03-26,13,2018Q1,1,2018Q1,201813,2018Q1,2,1,2015Q1-2017Q4,2018Q1,2018Q1,2018Q1,same_quarter_last_week_features_to_same_quarter_last_week_fsfp,2,1,1.0,0.0,0.0,1.0,17,17,17,321,1
002200,201813,2018-03-26,13,2018Q1,1,2018Q1,201813,2018Q1,2,1,2015Q1-2017Q4,2018Q1,2018Q1,2018Q1,same_quarter_last_week_features_to_same_quarter_last_week_fsfp,2,1,1.0,0.0,0.0,1.0,17,17,17,327,0
002209,201813,2018-03-26,13,2018Q1,1,2018Q1,201813,2018Q1,2,1,2015Q1-2017Q4,2018Q1,2018Q1,2018Q1,same_quarter_last_week_features_to_same_quarter_last_week_fsfp,2,1,1.0,0.0,0.0,1.0,17,17,17,332,2
002213,201813,2018-03-26,13,2018Q1,1,2018Q1,201813,2018Q1,2,1,2015Q1-2017Q4,2018Q1,2018Q1,2018Q1,same_quarter_last_week_features_to_same_quarter_last_week_fsfp,2,0,0.0,0.0,0.0,1.0,17,17,17,334,0
002216,201813,2018-03-26,13,2018Q1,1,2018Q1,201813,2018Q1,2,1,2015Q1-2017Q4,2018Q1,2018Q1,2018Q1,same_quarter_last_week_features_to_same_quarter_last_week_fsfp,2,0,0.0,0.0,0.0,1.0,17,17,17,336,1
002225,201813,2018-03-26,13,2018Q1,1,2018Q1,201813,2018Q1,2,1,2015Q1-2017Q4,2018Q1,2018Q1,2018Q1,same_quarter_last_week_features_to_same_quarter_last_week_fsfp,2,1,1.0,0.0,0.0,1.0,17,17,17,340,2
002231,201813,2018-03-26,13,2018Q1,1,2018Q1,201813,2018Q1,2,1,2015Q1-2017Q4,2018Q1,2018Q1,2018Q1,same_quarter_last_week_features_to_same_quarter_last_week_fsfp,2,0,0.0,0.0,0.0,1.0,17,17,17,342,0
002244,201813,2018-03-26,13,2018Q1,1,2018Q1,201813,2018Q1,2,1,2015Q1-2017Q4,2018Q1,2018Q1,2018Q1,same_quarter_last_week_features_to_same_quarter_last_week_fsfp,2,0,0.0,0.0,0.0,1.0,17,17,17,353,0
002276,201813,2018-03-26,13,2018Q1,1,2018Q1,201813,2018Q1,2,1,2015Q1-2017Q4,2018Q1,2018Q1,2018Q1,same_quarter_last_week_features_to_same_quarter_last_week_fsfp,2,0,0.0,0.0,0.0,1.0,17,17,17,366,2
002277,201813,2018-03-26,13,2018Q1,1,2018Q1,201813,2018Q1,2,1,2015Q1-2017Q4,2018Q1,2018Q1,2018Q1,same_quarter_last_week_features_to_same_quarter_last_week_fsfp,2,1,1.0,0.0,0.0,1.0,17,17,17,367,1
002289,201813,2018-03-26,13,2018Q1,1,2018Q1,201813,2018Q1,2,1,2015Q1-2017Q4,2018Q1,2018Q1,2018Q1,same_quarter_last_week_features_to_same_quarter_last_week_fsfp,2,0,0.0,0.0,0.0,1.0,17,17,17,376,0
002297,201813,2018-03-26,13,2018Q1,1,2018Q1,201813,2018Q1,2,1,2015Q1-2017Q4,2018Q1,2018Q1,2018Q1,same_quarter_last_week_features_to_same_quarter_last_week_fsfp,2,0,0.0,0.0,0.0,1.0,17,17,17,384,0
002298,201813,2018-03-26,13,2018Q1,1,2018Q1,201813,2018Q1,2,1,2015Q1-2017Q4,2018Q1,2018Q1,2018Q1,same_quarter_last_week_features_to_same_quarter_last_week_fsfp,2,0,0.0,0.0,0.0,1.0,17,17,17,385,0
002299,201813,2018-03-26,13,2018Q1,1,2018Q1,201813,2018Q1,2,1,2015Q1-2017Q4,2018Q1,2018Q1,2018Q1,same_quarter_last_week_features_to_same_quarter_last_week_fsfp,2,0,0.0,0.0,0.0,1.0,17,17,17,386,0
002301,201805,2018-01-29,5,2018Q1,1,2018Q1,201805,2018Q1,2,1,2015Q1-2017Q4,2018Q1,2018Q1,2018Q1,same_quarter_last_week_features_to_same_quarter_last_week_fsfp,2,0,0.0,0.0,0.0,1.0,17,17,17,388,0
002302,201813,2018-03-26,13,2018Q1,1,2018Q1,201813,2018Q1,2,1,2015Q1-2017Q4,2018Q1,2018Q1,2018Q1,same_quarter_last_week_features_to_same_quarter_last_week_fsfp,2,0,0.0,0.0,0.0,1.0,17,17,17,389,0
002304,201813,2018-03-26,13,2018Q1,1,2018Q1,201813,2018Q1,2,1,2015Q1-2017Q4,2018Q1,2018Q1,2018Q1,same_quarter_last_week_features_to_same_quarter_last_week_fsfp,2,0,0.0,0.0,0.0,1.0,17,17,17,391,0
002307,201813,2018-03-26,13,2018Q1,1,2018Q1,201813,2018Q1,2,1,2015Q1-2017Q4,2018Q1,2018Q1,2018Q1,same_quarter_last_week_features_to_same_quarter_last_week_fsfp,2,0,0.0,0.0,0.0,1.0,17,17,17,394,0
002309,201805,2018-01-29,5,2018Q1,1,2018Q1,201805,2018Q1,2,1,2015Q1-2017Q4,2018Q1,2018Q1,2018Q1,same_quarter_last_week_features_to_same_quarter_last_week_fsfp,2,0,0.0,0.0,0.0,1.0,17,17,17,395,0
002310,201813,2018-03-26,13,2018Q1,1,2018Q1,201813,2018Q1,2,1,2015Q1-2017Q4,2018Q1,2018Q1,2018Q1,same_quarter_last_week_features_to_same_quarter_last_week_fsfp,2,0,0.0,0.0,0.0,1.0,17,17,17,396,0
002311,201813,2018-03-26,13,2018Q1,1,2018Q1,201813,2018Q1,2,1,2015Q1-2017Q4,2018Q1,2018Q1,2018Q1,same_quarter_last_week_features_to_same_quarter_last_week_fsfp,2,0,0.0,0.0,0.0,1.0,17,17,17,397,0
002313,201813,2018-03-26,13,2018Q1,1,2018Q1,201813,2018Q1,2,1,2015Q1-2017Q4,2018Q1,2018Q1,2018Q1,same_quarter_last_week_features_to_same_quarter_last_week_fsfp,2,0,0.0,0.0,0.0,1.0,17,17,17,398,0
002314,201813,2018-03-26,13,2018Q1,1,2018Q1,201813,2018Q1,2,1,2015Q1-2017Q4,2018Q1,2018Q1,2018Q1,same_quarter_last_week_features_to_same_quarter_last_week_fsfp,2,0,0.0,0.0,0.0,1.0,17,17,17,399,0
002315,201813,2018-03-26,13,2018Q1,1,2018Q1,201813,2018Q1,2,1,2015Q1-2017Q4,2018Q1,2018Q1,2018Q1,same_quarter_last_week_features_to_same_quarter_last_week_fsfp,2,0,0.0,0.0,0.0,1.0,17,17,17,400,0
002316,201813,2018-03-26,13,2018Q1,1,2018Q1,201813,2018Q1,2,1,2015Q1-2017Q4,2018Q1,2018Q1,2018Q1,same_quarter_last_week_features_to_same_quarter_last_week_fsfp,2,0,0.0,0.0,0.0,1.0,17,17,17,401,0
002318,201813,2018-03-26,13,2018Q1,1,2018Q1,201813,2018Q1,2,1,2015Q1-2017Q4,2018Q1,2018Q1,2018Q1,same_quarter_last_week_features_to_same_quarter_last_week_fsfp,2,0,0.0,0.0,0.0,1.0,17,17,17,403,0
002324,201813,2018-03-26,13,2018Q1,1,2018Q1,201813,2018Q1,2,1,2015Q1-2017Q4,2018Q1,2018Q1,2018Q1,same_quarter_last_week_features_to_same_quarter_last_week_fsfp,2,0,0.0,0.0,0.0,1.0,17,17,17,409,0
002326,201813,2018-03-26,13,2018Q1,1,2018Q1,201813,2018Q1,2,1,2015Q1-2017Q4,2018Q1,2018Q1,2018Q1,same_quarter_last_week_features_to_same_quarter_last_week_fsfp,2,0,0.0,0.0,0.0,1.0,17,17,17,410,0
002329,201813,2018-03-26,13,2018Q1,1,2018Q1,201813,2018Q1,2,1,2015Q1-2017Q4,2018Q1,2018Q1,2018Q1,same_quarter_last_week_features_to_same_quarter_last_week_fsfp,2,0,0.0,0.0,0.0,1.0,17,17,17,413,0
002334,201813,2018-03-26,13,2018Q1,1,2018Q1,201813,2018Q1,2,1,2015Q1-2017Q4,2018Q1,2018Q1,2018Q1,same_quarter_last_week_features_to_same_quarter_last_week_fsfp,2,0,0.0,0.0,0.0,1.0,17,17,17,418,0
002335,201813,2018-03-26,13,2018Q1,1,2018Q1,201813,2018Q1,2,1,2015Q1-2017Q4,2018Q1,2018Q1,2018Q1,same_quarter_last_week_features_to_same_quarter_last_week_fsfp,2,0,0.0,0.0,0.0,1.0,17,17,17,419,0
002336,201813,2018-03-26,13,2018Q1,1,2018Q1,201813,2018Q1,2,1,2015Q1-2017Q4,2018Q1,2018Q1,2018Q1,same_quarter_last_week_features_to_same_quarter_last_week_fsfp,2,0,0.0,0.0,0.0,1.0,17,17,17,420,0
002337,201813,2018-03-26,13,2018Q1,1,2018Q1,201813,2018Q1,2,1,2015Q1-2017Q4,2018Q1,2018Q1,2018Q1,same_quarter_last_week_features_to_same_quarter_last_week_fsfp,2,0,0.0,0.0,0.0,1.0,17,17,17,421,0
002339,201813,2018-03-26,13,2018Q1,1,2018Q1,201813,2018Q1,2,1,2015Q1-2017Q4,2018Q1,2018Q1,2018Q1,same_quarter_last_week_features_to_same_quarter_last_week_fsfp,2,0,0.0,0.0,0.0,1.0,17,17,17,423,0
002340,201813,2018-03-26,13,2018Q1,1,2018Q1,201813,2018Q1,2,1,2015Q1-2017Q4,2018Q1,2018Q1,2018Q1,same_quarter_last_week_features_to_same_quarter_last_week_fsfp,2,0,0.0,0.0,0.0,1.0,17,17,17,424,0
002342,201813,2018-03-26,13,2018Q1,1,2018Q1,201813,2018Q1,2,1,2015Q1-2017Q4,2018Q1,2018Q1,2018Q1,same_quarter_last_week_features_to_same_quarter_last_week_fsfp,2,0,0.0,0.0,0.0,1.0,17,17,17,425,0
002347,201813,2018-03-26,13,2018Q1,1,2018Q1,201813,2018Q1,2,1,2015Q1-2017Q4,2018Q1,2018Q1,2018Q1,same_quarter_last_week_features_to_same_quarter_last_week_fsfp,2,0,0.0,0.0,0.0,1.0,17,17,17,429,0
002351,201813,2018-03-26,13,2018Q1,1,2018Q1,201813,2018Q1,2,1,2015Q1-2017Q4,2018Q1,2018Q1,2018Q1,same_quarter_last_week_features_to_same_quarter_last_week_fsfp,2,0,0.0,0.0,0.0,1.0,17,17,17,433,0
002354,201813,2018-03-26,13,2018Q1,1,2018Q1,201813,2018Q1,2,1,2015Q1-2017Q4,2018Q1,2018Q1,2018Q1,same_quarter_last_week_features_to_same_quarter_last_week_fsfp,2,0,0.0,0.0,0.0,1.0,17,17,17,436,0
002356,201813,2018-03-26,13,2018Q1,1,2018Q1,201813,2018Q1,2,1,2015Q1-2017Q4,2018Q1,2018Q1,2018Q1,same_quarter_last_week_features_to_same_quarter_last_week_fsfp,2,0,0.0,0.0,0.0,1.0,17,17,17,438,0
002358,201813,2018-03-26,13,2018Q1,1,2018Q1,201813,2018Q1,2,1,2015Q1-2017Q4,2018Q1,2018Q1,2018Q1,same_quarter_last_week_features_to_same_quarter_last_week_fsfp,2,0,0.0,0.0,0.0,1.0,17,17,17,439,0
002361,201813,2018-03-26,13,2018Q1,1,2018Q1,201813,2018Q1,2,1,2015Q1-2017Q4,2018Q1,2018Q1,2018Q1,same_quarter_last_week_features_to_same_quarter_last_week_fsfp,2,0,0.0,0.0,0.0,1.0,17,17,17,441,0
002362,201813,2018-03-26,13,2018Q1,1,2018Q1,201813,2018Q1,2,1,2015Q1-2017Q4,2018Q1,2018Q1,2018Q1,same_quarter_last_week_features_to_same_quarter_last_week_fsfp,2,0,0.0,0.0,0.0,1.0,17,17,17,442,0
002364,201813,2018-03-26,13,2018Q1,1,2018Q1,201813,2018Q1,2,1,2015Q1-2017Q4,2018Q1,2018Q1,2018Q1,same_quarter_last_week_features_to_same_quarter_last_week_fsfp,2,0,0.0,0.0,0.0,1.0,17,17,17,444,0
002365,201813,2018-03-26,13,2018Q1,1,2018Q1,201813,2018Q1,2,1,2015Q1-2017Q4,2018Q1,2018Q1,2018Q1,same_quarter_last_week_features_to_same_quarter_last_week_fsfp,2,0,0.0,0.0,0.0,1.0,17,17,17,445,0
002367,201813,2018-03-26,13,2018Q1,1,2018Q1,201813,2018Q1,2,1,2015Q1-2017Q4,2018Q1,2018Q1,2018Q1,same_quarter_last_week_features_to_same_quarter_last_week_fsfp,2,0,0.0,0.0,0.0,1.0,17,17,17,446,0
002369,201813,2018-03-26,13,2018Q1,1,2018Q1,201813,2018Q1,2,1,2015Q1-2017Q4,2018Q1,2018Q1,2018Q1,same_quarter_last_week_features_to_same_quarter_last_week_fsfp,2,0,0.0,0.0,0.0,1.0,17,17,17,448,0
002370,201813,2018-03-26,13,2018Q1,1,2018Q1,201813,2018Q1,2,1,2015Q1-2017Q4,2018Q1,2018Q1,2018Q1,same_quarter_last_week_features_to_same_quarter_last_week_fsfp,2,0,0.0,0.0,0.0,1.0,17,17,17,449,0
002371,201813,2018-03-26,13,2018Q1,1,2018Q1,201813,2018Q1,2,1,2015Q1-2017Q4,2018Q1,2018Q1,2018Q1,same_quarter_last_week_features_to_same_quarter_last_week_fsfp,2,0,0.0,0.0,0.0,1.0,17,17,17,450,0
002372,201813,2018-03-26,13,2018Q1,1,2018Q1,201813,2018Q1,2,1,2015Q1-2017Q4,2018Q1,2018Q1,2018Q1,same_quarter_last_week_features_to_same_quarter_last_week_fsfp,2,0,0.0,0.0,0.0,1.0,17,17,17,451,0
002373,201813,2018-03-26,13,2018Q1,1,2018Q1,201813,2018Q1,2,1,2015Q1-2017Q4,2018Q1,2018Q1,2018Q1,same_quarter_last_week_features_to_same_quarter_last_week_fsfp,2,0,0.0,0.0,0.0,1.0,17,17,17,452,0
002374,201813,2018-03-26,13,2018Q1,1,2018Q1,201813,2018Q1,2,1,2015Q1-2017Q4,2018Q1,2018Q1,2018Q1,same_quarter_last_week_features_to_same_quarter_last_week_fsfp,2,0,0.0,0.0,0.0,1.0,17,17,17,453,0
002377,201813,2018-03-26,13,2018Q1,1,2018Q1,201813,2018Q1,2,1,2015Q1-2017Q4,2018Q1,2018Q1,2018Q1,same_quarter_last_week_features_to_same_quarter_last_week_fsfp,2,0,0.0,0.0,0.0,1.0,17,17,17,456,0
002378,201813,2018-03-26,13,2018Q1,1,2018Q1,201813,2018Q1,2,1,2015Q1-2017Q4,2018Q1,2018Q1,2018Q1,same_quarter_last_week_features_to_same_quarter_last_week_fsfp,2,0,0.0,0.0,0.0,1.0,17,17,17,457,0
002380,201813,2018-03-26,13,2018Q1,1,2018Q1,201813,2018Q1,2,1,2015Q1-2017Q4,2018Q1,2018Q1,2018Q1,same_quarter_last_week_features_to_same_quarter_last_week_fsfp,2,0,0.0,0.0,0.0,1.0,17,17,17,459,0
002381,201813,2018-03-26,13,2018Q1,1,2018Q1,201813,2018Q1,2,1,2015Q1-2017Q4,2018Q1,2018Q1,2018Q1,same_quarter_last_week_features_to_same_quarter_last_week_fsfp,2,0,0.0,0.0,0.0,1.0,17,17,17,460,0
002383,201813,2018-03-26,13,2018Q1,1,2018Q1,201813,2018Q1,2,1,2015Q1-2017Q4,2018Q1,2018Q1,2018Q1,same_quarter_last_week_features_to_same_quarter_last_week_fsfp,2,0,0.0,0.0,0.0,1.0,17,17,17,462,0
002385,201813,2018-03-26,13,2018Q1,1,2018Q1,201813,2018Q1,2,1,2015Q1-2017Q4,2018Q1,2018Q1,2018Q1,same_quarter_last_week_features_to_same_quarter_last_week_fsfp,2,0,0.0,0.0,0.0,1.0,17,17,17,464,0
002386,201813,2018-03-26,13,2018Q1,1,2018Q1,201813,2018Q1,2,1,2015Q1-2017Q4,2018Q1,2018Q1,2018Q1,same_quarter_last_week_features_to_same_quarter_last_week_fsfp,2,0,0.0,0.0,0.0,1.0,17,17,17,465,0
002388,201813,2018-03-26,13,2018Q1,1,2018Q1,201813,2018Q1,2,1,2015Q1-2017Q4,2018Q1,2018Q1,2018Q1,same_quarter_last_week_features_to_same_quarter_last_week_fsfp,2,0,0.0,0.0,0.0,1.0,17,17,17,467,0
002394,201813,2018-03-26,13,2018Q1,1,2018Q1,201813,2018Q1,2,1,2015Q1-2017Q4,2018Q1,2018Q1,2018Q1,same_quarter_last_week_features_to_same_quarter_last_week_fsfp,2,0,0.0,0.0,0.0,1.0,17,17,17,473,0
002397,201813,2018-03-26,13,2018Q1,1,2018Q1,201813,2018Q1,2,1,2015Q1-2017Q4,2018Q1,2018Q1,2018Q1,same_quarter_last_week_features_to_same_quarter_last_week_fsfp,2,0,0.0,0.0,0.0,1.0,17,17,17,476,0
002398,201813,2018-03-26,13,2018Q1,1,2018Q1,201813,2018Q1,2,1,2015Q1-2017Q4,2018Q1,2018Q1,2018Q1,same_quarter_last_week_features_to_same_quarter_last_week_fsfp,2,0,0.0,0.0,0.0,1.0,17,17,17,477,0
002399,201813,2018-03-26,13,2018Q1,1,2018Q1,201813,2018Q1,2,1,2015Q1-2017Q4,2018Q1,2018Q1,2018Q1,same_quarter_last_week_features_to_same_quarter_last_week_fsfp,2,0,0.0,0.0,0.0,1.0,17,17,17,478,0
002402,201813,2018-03-26,13,2018Q1,1,2018Q1,201813,2018Q1,2,1,2015Q1-2017Q4,2018Q1,2018Q1,2018Q1,same_quarter_last_week_features_to_same_quarter_last_week_fsfp,2,0,0.0,0.0,0.0,1.0,17,17,17,481,0
002405,201813,2018-03-26,13,2018Q1,1,2018Q1,201813,2018Q1,2,1,2015Q1-2017Q4,2018Q1,2018Q1,2018Q1,same_quarter_last_week_features_to_same_quarter_last_week_fsfp,2,0,0.0,0.0,0.0,1.0,17,17,17,484,0
002406,201813,2018-03-26,13,2018Q1,1,2018Q1,201813,2018Q1,2,1,2015Q1-2017Q4,2018Q1,2018Q1,2018Q1,same_quarter_last_week_features_to_same_quarter_last_week_fsfp,2,1,1.0,0.0,0.0,1.0,17,17,17,485,0
002407,201813,2018-03-26,13,2018Q1,1,2018Q1,201813,2018Q1,2,1,2015Q1-2017Q4,2018Q1,2018Q1,2018Q1,same_quarter_last_week_features_to_same_quarter_last_week_fsfp,2,0,0.0,0.0,0.0,1.0,17,17,17,486,0
002409,201813,2018-03-26,13,2018Q1,1,2018Q1,201813,2018Q1,2,1,2015Q1-2017Q4,2018Q1,2018Q1,2018Q1,same_quarter_last_week_features_to_same_quarter_last_week_fsfp,2,0,0.0,0.0,0.0,1.0,17,17,17,488,0
002410,201813,2018-03-26,13,2018Q1,1,2018Q1,201813,2018Q1,2,1,2015Q1-2017Q4,2018Q1,2018Q1,2018Q1,same_quarter_last_week_features_to_same_quarter_last_week_fsfp,2,0,0.0,0.0,0.0,1.0,17,17,17,489,0
002413,201805,2018-01-29,5,2018Q1,1,2018Q1,201805,2018Q1,2,1,2015Q1-2017Q4,2018Q1,2018Q1,2018Q1,same_quarter_last_week_features_to_same_quarter_last_week_fsfp,2,0,0.0,0.0,0.0,1.0,17,17,17,491,0
002415,201813,2018-03-26,13,2018Q1,1,2018Q1,201813,2018Q1,2,1,2015Q1-2017Q4,2018Q1,2018Q1,2018Q1,same_quarter_last_week_features_to_same_quarter_last_week_fsfp,2,0,0.0,0.0,0.0,1.0,17,17,17,493,0
002418,201813,2018-03-26,13,2018Q1,1,2018Q1,201813,2018Q1,2,1,2015Q1-2017Q4,2018Q1,2018Q1,2018Q1,same_quarter_last_week_features_to_same_quarter_last_week_fsfp,2,0,0.0,0.0,0.0,1.0,17,17,17,495,0
002421,201813,2018-03-26,13,2018Q1,1,2018Q1,201813,2018Q1,2,1,2015Q1-2017Q4,2018Q1,2018Q1,2018Q1,same_quarter_last_week_features_to_same_quarter_last_week_fsfp,2,0,0.0,0.0,0.0,1.0,17,17,17,498,0
002422,201813,2018-03-26,13,2018Q1,1,2018Q1,201813,2018Q1,2,1,2015Q1-2017Q4,2018Q1,2018Q1,2018Q1,same_quarter_last_week_features_to_same_quarter_last_week_fsfp,2,0,0.0,0.0,0.0,1.0,17,17,17,499,0
002424,201813,2018-03-26,13,2018Q1,1,2018Q1,201813,2018Q1,2,1,2015Q1-2017Q4,2018Q1,2018Q1,2018Q1,same_quarter_last_week_features_to_same_quarter_last_week_fsfp,2,0,0.0,0.0,0.0,1.0,17,17,17,500,0
002426,201813,2018-03-26,13,2018Q1,1,2018Q1,201813,2018Q1,2,1,2015Q1-2017Q4,2018Q1,2018Q1,2018Q1,same_quarter_last_week_features_to_same_quarter_last_week_fsfp,2,0,0.0,0.0,0.0,1.0,17,17,17,502,0
002429,201813,2018-03-26,13,2018Q1,1,2018Q1,201813,2018Q1,2,1,2015Q1-2017Q4,2018Q1,2018Q1,2018Q1,same_quarter_last_week_features_to_same_quarter_last_week_fsfp,2,0,0.0,0.0,0.0,1.0,17,17,17,505,0
002430,201813,2018-03-26,13,2018Q1,1,2018Q1,201813,2018Q1,2,1,2015Q1-2017Q4,2018Q1,2018Q1,2018Q1,same_quarter_last_week_features_to_same_quarter_last_week_fsfp,2,0,0.0,0.0,0.0,1.0,17,17,17,506,0
002434,201813,2018-03-26,13,2018Q1,1,2018Q1,201813,2018Q1,2,1,2015Q1-2017Q4,2018Q1,2018Q1,2018Q1,same_quarter_last_week_features_to_same_quarter_last_week_fsfp,2,0,0.0,0.0,0.0,1.0,17,17,17,509,0
002436,201813,2018-03-26,13,2018Q1,1,2018Q1,201813,2018Q1,2,1,2015Q1-2017Q4,2018Q1,2018Q1,2018Q1,same_quarter_last_week_features_to_same_quarter_last_week_fsfp,2,0,0.0,0.0,0.0,1.0,17,17,17,510,0
002437,201806,2018-02-05,6,2018Q1,1,2018Q1,201806,2018Q1,2,1,2015Q1-2017Q4,2018Q1,2018Q1,2018Q1,same_quarter_last_week_features_to_same_quarter_last_week_fsfp,2,1,1.0,0.0,0.0,1.0,17,17,17,511,0
002441,201813,2018-03-26,13,2018Q1,1,2018Q1,201813,2018Q1,2,1,2015Q1-2017Q4,2018Q1,2018Q1,2018Q1,same_quarter_last_week_features_to_same_quarter_last_week_fsfp,2,0,0.0,0.0,0.0,1.0,17,17,17,515,0
002444,201813,2018-03-26,13,2018Q1,1,2018Q1,201813,2018Q1,2,1,2015Q1-2017Q4,2018Q1,2018Q1,2018Q1,same_quarter_last_week_features_to_same_quarter_last_week_fsfp,2,0,0.0,0.0,0.0,1.0,17,17,17,518,0
002446,201813,2018-03-26,13,2018Q1,1,2018Q1,201813,2018Q1,2,1,2015Q1-2017Q4,2018Q1,2018Q1,2018Q1,same_quarter_last_week_features_to_same_quarter_last_week_fsfp,2,0,0.0,0.0,0.0,1.0,17,17,17,520,0
002451,201805,2018-01-29,5,2018Q1,1,2018Q1,201805,2018Q1,2,1,2015Q1-2017Q4,2018Q1,2018Q1,2018Q1,same_quarter_last_week_features_to_same_quarter_last_week_fsfp,2,0,0.0,0.0,0.0,1.0,17,17,17,523,0
002452,201813,2018-03-26,13,2018Q1,1,2018Q1,201813,2018Q1,2,1,2015Q1-2017Q4,2018Q1,2018Q1,2018Q1,same_quarter_last_week_features_to_same_quarter_last_week_fsfp,2,0,0.0,0.0,0.0,1.0,17,17,17,524,0
002453,201813,2018-03-26,13,2018Q1,1,2018Q1,201813,2018Q1,2,1,2015Q1-2017Q4,2018Q1,2018Q1,2018Q1,same_quarter_last_week_features_to_same_quarter_last_week_fsfp,2,2,2.0,0.0,0.0,1.0,17,17,17,525,0
002459,201813,2018-03-26,13,2018Q1,1,2018Q1,201813,2018Q1,2,1,2015Q1-2017Q4,2018Q1,2018Q1,2018Q1,same_quarter_last_week_features_to_same_quarter_last_week_fsfp,2,0,0.0,0.0,0.0,1.0,17,17,17,531,0
002460,201813,2018-03-26,13,2018Q1,1,2018Q1,201813,2018Q1,2,1,2015Q1-2017Q4,2018Q1,2018Q1,2018Q1,same_quarter_last_week_features_to_same_quarter_last_week_fsfp,2,0,0.0,0.0,0.0,1.0,17,17,17,532,0
002465,201813,2018-03-26,13,2018Q1,1,2018Q1,201813,2018Q1,2,1,2015Q1-2017Q4,2018Q1,2018Q1,2018Q1,same_quarter_last_week_features_to_same_quarter_last_week_fsfp,2,0,0.0,0.0,0.0,1.0,17,17,17,536,0
002466,201813,2018-03-26,13,2018Q1,1,2018Q1,201813,2018Q1,2,1,2015Q1-2017Q4,2018Q1,2018Q1,2018Q1,same_quarter_last_week_features_to_same_quarter_last_week_fsfp,2,0,0.0,0.0,0.0,1.0,17,17,17,537,0
002467,201813,2018-03-26,13,2018Q1,1,2018Q1,201813,2018Q1,2,1,2015Q1-2017Q4,2018Q1,2018Q1,2018Q1,same_quarter_last_week_features_to_same_quarter_last_week_fsfp,2,0,0.0,0.0,0.0,1.0,17,17,17,538,0
002468,201813,2018-03-26,13,2018Q1,1,2018Q1,201813,2018Q1,2,1,2015Q1-2017Q4,2018Q1,2018Q1,2018Q1,same_quarter_last_week_features_to_same_quarter_last_week_fsfp,2,0,0.0,0.0,0.0,1.0,17,17,17,539,0
002471,201813,2018-03-26,13,2018Q1,1,2018Q1,201813,2018Q1,2,1,2015Q1-2017Q4,2018Q1,2018Q1,2018Q1,same_quarter_last_week_features_to_same_quarter_last_week_fsfp,2,1,1.0,0.0,0.0,1.0,17,17,17,542,0
002472,201813,2018-03-26,13,2018Q1,1,2018Q1,201813,2018Q1,2,1,2015Q1-2017Q4,2018Q1,2018Q1,2018Q1,same_quarter_last_week_features_to_same_quarter_last_week_fsfp,2,1,1.0,0.0,0.0,1.0,17,17,17,543,1
002474,201813,2018-03-26,13,2018Q1,1,2018Q1,201813,2018Q1,2,1,2015Q1-2017Q4,2018Q1,2018Q1,2018Q1,same_quarter_last_week_features_to_same_quarter_last_week_fsfp,2,1,1.0,0.0,0.0,1.0,17,17,17,544,1
002475,201813,2018-03-26,13,2018Q1,1,2018Q1,201813,2018Q1,2,1,2015Q1-2017Q4,2018Q1,2018Q1,2018Q1,same_quarter_last_week_features_to_same_quarter_last_week_fsfp,2,0,0.0,0.0,0.0,1.0,17,17,17,545,0
002478,201813,2018-03-26,13,2018Q1,1,2018Q1,201813,2018Q1,2,1,2015Q1-2017Q4,2018Q1,2018Q1,2018Q1,same_quarter_last_week_features_to_same_quarter_last_week_fsfp,2,1,1.0,0.0,0.0,1.0,17,17,17,547,1
002479,201813,2018-03-26,13,2018Q1,1,2018Q1,201813,2018Q1,2,1,2015Q1-2017Q4,2018Q1,2018Q1,2018Q1,same_quarter_last_week_features_to_same_quarter_last_week_fsfp,2,0,0.0,0.0,0.0,1.0,17,17,17,548,0
002480,201813,2018-03-26,13,2018Q1,1,2018Q1,201813,2018Q1,2,1,2015Q1-2017Q4,2018Q1,2018Q1,2018Q1,same_quarter_last_week_features_to_same_quarter_last_week_fsfp,2,1,1.0,0.0,0.0,1.0,17,17,17,549,1
002481,201813,2018-03-26,13,2018Q1,1,2018Q1,201813,2018Q1,2,1,2015Q1-2017Q4,2018Q1,2018Q1,2018Q1,same_quarter_last_week_features_to_same_quarter_last_week_fsfp,2,1,1.0,0.0,0.0,1.0,17,17,17,550,1
002483,201813,2018-03-26,13,2018Q1,1,2018Q1,201813,2018Q1,2,1,2015Q1-2017Q4,2018Q1,2018Q1,2018Q1,same_quarter_last_week_features_to_same_quarter_last_week_fsfp,2,0,0.0,0.0,0.0,1.0,17,17,17,552,1
002484,201813,2018-03-26,13,2018Q1,1,2018Q1,201813,2018Q1,2,1,2015Q1-2017Q4,2018Q1,2018Q1,2018Q1,same_quarter_last_week_features_to_same_quarter_last_week_fsfp,2,2,2.0,0.0,0.0,1.0,17,17,17,553,2
002486,201813,2018-03-26,13,2018Q1,1,2018Q1,201813,2018Q1,2,1,2015Q1-2017Q4,2018Q1,2018Q1,2018Q1,same_quarter_last_week_features_to_same_quarter_last_week_fsfp,2,2,2.0,0.0,0.0,1.0,17,17,17,555,2
002487,201813,2018-03-26,13,2018Q1,1,2018Q1,201813,2018Q1,2,1,2015Q1-2017Q4,2018Q1,2018Q1,2018Q1,same_quarter_last_week_features_to_same_quarter_last_week_fsfp,2,0,0.0,0.0,0.0,1.0,17,17,17,556,1
002488,201813,2018-03-26,13,2018Q1,1,2018Q1,201813,2018Q1,2,1,2015Q1-2017Q4,2018Q1,2018Q1,2018Q1,same_quarter_last_week_features_to_same_quarter_last_week_fsfp,2,1,1.0,0.0,0.0,1.0,17,17,17,557,1
002493,201813,2018-03-26,13,2018Q1,1,2018Q1,201813,2018Q1,2,1,2015Q1-2017Q4,2018Q1,2018Q1,2018Q1,same_quarter_last_week_features_to_same_quarter_last_week_fsfp,2,0,0.0,0.0,0.0,1.0,17,17,17,562,0
002500,201813,2018-03-26,13,2018Q1,1,2018Q1,201813,2018Q1,2,1,2015Q1-2017Q4,2018Q1,2018Q1,2018Q1,same_quarter_last_week_features_to_same_quarter_last_week_fsfp,2,0,0.0,0.0,0.0,1.0,17,17,17,568,0
002506,201813,2018-03-26,13,2018Q1,1,2018Q1,201813,2018Q1,2,1,2015Q1-2017Q4,2018Q1,2018Q1,2018Q1,same_quarter_last_week_features_to_same_quarter_last_week_fsfp,2,2,2.0,0.0,0.0,1.0,17,17,17,570,2
002512,201813,2018-03-26,13,2018Q1,1,2018Q1,201813,2018Q1,2,1,2015Q1-2017Q4,2018Q1,2018Q1,2018Q1,same_quarter_last_week_features_to_same_quarter_last_week_fsfp,2,2,2.0,0.0,0.0,1.0,17,17,17,575,2
002513,201813,2018-03-26,13,2018Q1,1,2018Q1,201813,2018Q1,2,1,2015Q1-2017Q4,2018Q1,2018Q1,2018Q1,same_quarter_last_week_features_to_same_quarter_last_week_fsfp,2,1,1.0,0.0,0.0,1.0,17,17,17,576,1
002515,201810,2018-03-05,10,2018Q1,1,2018Q1,201810,2018Q1,2,1,2015Q1-2017Q4,2018Q1,2018Q1,2018Q1,same_quarter_last_week_features_to_same_quarter_last_week_fsfp,2,1,1.0,0.0,0.0,1.0,17,17,17,578,1
002517,201813,2018-03-26,13,2018Q1,1,2018Q1,201813,2018Q1,2,1,2015Q1-2017Q4,2018Q1,2018Q1,2018Q1,same_quarter_last_week_features_to_same_quarter_last_week_fsfp,2,0,0.0,0.0,0.0,1.0,17,17,17,580,0
002521,201813,2018-03-26,13,2018Q1,1,2018Q1,201813,2018Q1,2,1,2015Q1-2017Q4,2018Q1,2018Q1,2018Q1,same_quarter_last_week_features_to_same_quarter_last_week_fsfp,2,0,0.0,0.0,0.0,1.0,17,17,17,583,0
002523,201813,2018-03-26,13,2018Q1,1,2018Q1,201813,2018Q1,2,1,2015Q1-2017Q4,2018Q1,2018Q1,2018Q1,same_quarter_last_week_features_to_same_quarter_last_week_fsfp,2,2,2.0,0.0,0.0,1.0,17,17,17,585,2
002527,201813,2018-03-26,13,2018Q1,1,2018Q1,201813,2018Q1,2,1,2015Q1-2017Q4,2018Q1,2018Q1,2018Q1,same_quarter_last_week_features_to_same_quarter_last_week_fsfp,2,1,1.0,0.0,0.0,1.0,17,17,17,587,1
002528,201813,2018-03-26,13,2018Q1,1,2018Q1,201813,2018Q1,2,1,2015Q1-2017Q4,2018Q1,2018Q1,2018Q1,same_quarter_last_week_features_to_same_quarter_last_week_fsfp,2,0,0.0,0.0,0.0,1.0,17,17,17,588,1
002529,201813,2018-03-26,13,2018Q1,1,2018Q1,201813,2018Q1,2,1,2015Q1-2017Q4,2018Q1,2018Q1,2018Q1,same_quarter_last_week_features_to_same_quarter_last_week_fsfp,2,0,0.0,0.0,0.0,1.0,17,17,17,589,0
002530,201813,2018-03-26,13,2018Q1,1,2018Q1,201813,2018Q1,2,1,2015Q1-2017Q4,2018Q1,2018Q1,2018Q1,same_quarter_last_week_features_to_same_quarter_last_week_fsfp,2,1,1.0,0.0,0.0,1.0,17,17,17,590,1
002532,201809,2018-02-26,9,2018Q1,1,2018Q1,201809,2018Q1,2,1,2015Q1-2017Q4,2018Q1,2018Q1,2018Q1,same_quarter_last_week_features_to_same_quarter_last_week_fsfp,2,0,0.0,0.0,0.0,1.0,17,17,17,592,0
002534,201813,2018-03-26,13,2018Q1,1,2018Q1,201813,2018Q1,2,1,2015Q1-2017Q4,2018Q1,2018Q1,2018Q1,same_quarter_last_week_features_to_same_quarter_last_week_fsfp,2,0,0.0,0.0,0.0,1.0,17,17,17,594,0
002537,201813,2018-03-26,13,2018Q1,1,2018Q1,201813,2018Q1,2,1,2015Q1-2017Q4,2018Q1,2018Q1,2018Q1,same_quarter_last_week_features_to_same_quarter_last_week_fsfp,2,2,2.0,0.0,0.0,1.0,17,17,17,597,2
002538,201813,2018-03-26,13,2018Q1,1,2018Q1,201813,2018Q1,2,1,2015Q1-2017Q4,2018Q1,2018Q1,2018Q1,same_quarter_last_week_features_to_same_quarter_last_week_fsfp,2,1,1.0,0.0,0.0,1.0,17,17,17,598,2
002539,201813,2018-03-26,13,2018Q1,1,2018Q1,201813,2018Q1,2,1,2015Q1-2017Q4,2018Q1,2018Q1,2018Q1,same_quarter_last_week_features_to_same_quarter_last_week_fsfp,2,1,1.0,0.0,0.0,1.0,17,17,17,599,1
002540,201813,2018-03-26,13,2018Q1,1,2018Q1,201813,2018Q1,2,1,2015Q1-2017Q4,2018Q1,2018Q1,2018Q1,same_quarter_last_week_features_to_same_quarter_last_week_fsfp,2,1,1.0,0.0,0.0,1.0,17,17,17,600,1
002543,201813,2018-03-26,13,2018Q1,1,2018Q1,201813,2018Q1,2,1,2015Q1-2017Q4,2018Q1,2018Q1,2018Q1,same_quarter_last_week_features_to_same_quarter_last_week_fsfp,2,1,1.0,0.0,0.0,1.0,17,17,17,603,1
002544,201813,2018-03-26,13,2018Q1,1,2018Q1,201813,2018Q1,2,1,2015Q1-2017Q4,2018Q1,2018Q1,2018Q1,same_quarter_last_week_features_to_same_quarter_last_week_fsfp,2,0,0.0,0.0,0.0,1.0,17,17,17,604,0
002547,201813,2018-03-26,13,2018Q1,1,2018Q1,201813,2018Q1,2,1,2015Q1-2017Q4,2018Q1,2018Q1,2018Q1,same_quarter_last_week_features_to_same_quarter_last_week_fsfp,2,1,1.0,0.0,0.0,1.0,17,17,17,606,1
002551,201813,2018-03-26,13,2018Q1,1,2018Q1,201813,2018Q1,2,1,2015Q1-2017Q4,2018Q1,2018Q1,2018Q1,same_quarter_last_week_features_to_same_quarter_last_week_fsfp,2,1,1.0,0.0,0.0,1.0,17,17,17,610,1
002554,201813,2018-03-26,13,2018Q1,1,2018Q1,201813,2018Q1,2,1,2015Q1-2017Q4,2018Q1,2018Q1,2018Q1,same_quarter_last_week_features_to_same_quarter_last_week_fsfp,2,1,1.0,0.0,0.0,1.0,17,17,17,613,1
002555,201813,2018-03-26,13,2018Q1,1,2018Q1,201813,2018Q1,2,1,2015Q1-2017Q4,2018Q1,2018Q1,2018Q1,same_quarter_last_week_features_to_same_quarter_last_week_fsfp,2,1,1.0,0.0,0.0,1.0,17,17,17,614,1
002556,201813,2018-03-26,13,2018Q1,1,2018Q1,201813,2018Q1,2,1,2015Q1-2017Q4,2018Q1,2018Q1,2018Q1,same_quarter_last_week_features_to_same_quarter_last_week_fsfp,2,2,2.0,0.0,0.0,1.0,17,17,17,615,2
002558,201813,2018-03-26,13,2018Q1,1,2018Q1,201813,2018Q1,2,1,2015Q1-2017Q4,2018Q1,2018Q1,2018Q1,same_quarter_last_week_features_to_same_quarter_last_week_fsfp,2,0,0.0,0.0,0.0,1.0,17,17,17,617,1
002562,201813,2018-03-26,13,2018Q1,1,2018Q1,201813,2018Q1,2,1,2015Q1-2017Q4,2018Q1,2018Q1,2018Q1,same_quarter_last_week_features_to_same_quarter_last_week_fsfp,2,0,0.0,0.0,0.0,1.0,17,17,17,621,2
002565,201813,2018-03-26,13,2018Q1,1,2018Q1,201813,2018Q1,2,1,2015Q1-2017Q4,2018Q1,2018Q1,2018Q1,same_quarter_last_week_features_to_same_quarter_last_week_fsfp,2,2,2.0,0.0,0.0,1.0,17,17,17,624,2
002569,201813,2018-03-26,13,2018Q1,1,2018Q1,201813,2018Q1,2,1,2015Q1-2017Q4,2018Q1,2018Q1,2018Q1,same_quarter_last_week_features_to_same_quarter_last_week_fsfp,2,0,0.0,0.0,0.0,1.0,17,17,17,628,0
002571,201813,2018-03-26,13,2018Q1,1,2018Q1,201813,2018Q1,2,1,2015Q1-2017Q4,2018Q1,2018Q1,2018Q1,same_quarter_last_week_features_to_same_quarter_last_week_fsfp,2,2,2.0,0.0,0.0,1.0,17,17,17,630,2
002577,201813,2018-03-26,13,2018Q1,1,2018Q1,201813,2018Q1,2,1,2015Q1-2017Q4,2018Q1,2018Q1,2018Q1,same_quarter_last_week_features_to_same_quarter_last_week_fsfp,2,1,1.0,0.0,0.0,1.0,17,17,17,635,1
002582,201813,2018-03-26,13,2018Q1,1,2018Q1,201813,2018Q1,2,1,2015Q1-2017Q4,2018Q1,2018Q1,2018Q1,same_quarter_last_week_features_to_same_quarter_last_week_fsfp,2,1,1.0,0.0,0.0,1.0,17,17,17,639,1
002583,201813,2018-03-26,13,2018Q1,1,2018Q1,201813,2018Q1,2,1,2015Q1-2017Q4,2018Q1,2018Q1,2018Q1,same_quarter_last_week_features_to_same_quarter_last_week_fsfp,2,1,1.0,0.0,0.0,1.0,17,17,17,640,1
002585,201813,2018-03-26,13,2018Q1,1,2018Q1,201813,2018Q1,2,1,2015Q1-2017Q4,2018Q1,2018Q1,2018Q1,same_quarter_last_week_features_to_same_quarter_last_week_fsfp,2,1,1.0,0.0,0.0,1.0,17,17,17,642,1
002587,201813,2018-03-26,13,2018Q1,1,2018Q1,201813,2018Q1,2,1,2015Q1-2017Q4,2018Q1,2018Q1,2018Q1,same_quarter_last_week_features_to_same_quarter_last_week_fsfp,2,1,1.0,0.0,0.0,1.0,17,17,17,644,1
002588,201813,2018-03-26,13,2018Q1,1,2018Q1,201813,2018Q1,2,1,2015Q1-2017Q4,2018Q1,2018Q1,2018Q1,same_quarter_last_week_features_to_same_quarter_last_week_fsfp,2,1,1.0,0.0,0.0,1.0,17,17,17,645,1
002591,201813,2018-03-26,13,2018Q1,1,2018Q1,201813,2018Q1,2,1,2015Q1-2017Q4,2018Q1,2018Q1,2018Q1,same_quarter_last_week_features_to_same_quarter_last_week_fsfp,2,0,0.0,0.0,0.0,1.0,17,17,17,648,0
002595,201813,2018-03-26,13,2018Q1,1,2018Q1,201813,2018Q1,2,1,2015Q1-2017Q4,2018Q1,2018Q1,2018Q1,same_quarter_last_week_features_to_same_quarter_last_week_fsfp,2,0,0.0,0.0,0.0,1.0,17,17,17,651,0
002597,201813,2018-03-26,13,2018Q1,1,2018Q1,201813,2018Q1,2,1,2015Q1-2017Q4,2018Q1,2018Q1,2018Q1,same_quarter_last_week_features_to_same_quarter_last_week_fsfp,2,2,2.0,0.0,0.0,1.0,17,17,17,653,2
002601,201811,2018-03-12,11,2018Q1,1,2018Q1,201811,2018Q1,2,1,2015Q1-2017Q4,2018Q1,2018Q1,2018Q1,same_quarter_last_week_features_to_same_quarter_last_week_fsfp,2,0,0.0,0.0,0.0,1.0,17,17,17,657,0
002603,201813,2018-03-26,13,2018Q1,1,2018Q1,201813,2018Q1,2,1,2015Q1-2017Q4,2018Q1,2018Q1,2018Q1,same_quarter_last_week_features_to_same_quarter_last_week_fsfp,2,0,0.0,0.0,0.0,1.0,17,17,17,659,0
002606,201813,2018-03-26,13,2018Q1,1,2018Q1,201813,2018Q1,2,1,2015Q1-2017Q4,2018Q1,2018Q1,2018Q1,same_quarter_last_week_features_to_same_quarter_last_week_fsfp,2,1,1.0,0.0,0.0,1.0,17,17,17,661,1
002608,201813,2018-03-26,13,2018Q1,1,2018Q1,201813,2018Q1,2,1,2015Q1-2017Q4,2018Q1,2018Q1,2018Q1,same_quarter_last_week_features_to_same_quarter_last_week_fsfp,2,0,0.0,0.0,0.0,1.0,17,17,17,663,0
002611,201813,2018-03-26,13,2018Q1,1,2018Q1,201813,2018Q1,2,1,2015Q1-2017Q4,2018Q1,2018Q1,2018Q1,same_quarter_last_week_features_to_same_quarter_last_week_fsfp,2,1,1.0,0.0,0.0,1.0,17,17,17,665,1
002612,201813,2018-03-26,13,2018Q1,1,2018Q1,201813,2018Q1,2,1,2015Q1-2017Q4,2018Q1,2018Q1,2018Q1,same_quarter_last_week_features_to_same_quarter_last_week_fsfp,2,0,0.0,0.0,0.0,1.0,17,17,17,666,0
002613,201813,2018-03-26,13,2018Q1,1,2018Q1,201813,2018Q1,2,1,2015Q1-2017Q4,2018Q1,2018Q1,2018Q1,same_quarter_last_week_features_to_same_quarter_last_week_fsfp,2,2,2.0,0.0,0.0,1.0,17,17,17,667,2
002616,201813,2018-03-26,13,2018Q1,1,2018Q1,201813,2018Q1,2,1,2015Q1-2017Q4,2018Q1,2018Q1,2018Q1,same_quarter_last_week_features_to_same_quarter_last_week_fsfp,2,2,2.0,0.0,0.0,1.0,17,17,17,670,2
002620,201813,2018-03-26,13,2018Q1,1,2018Q1,201813,2018Q1,2,1,2015Q1-2017Q4,2018Q1,2018Q1,2018Q1,same_quarter_last_week_features_to_same_quarter_last_week_fsfp,2,2,2.0,0.0,0.0,1.0,17,17,17,672,2
002622,201805,2018-01-29,5,2018Q1,1,2018Q1,201805,2018Q1,2,1,2015Q1-2017Q4,2018Q1,2018Q1,2018Q1,same_quarter_last_week_features_to_same_quarter_last_week_fsfp,2,0,0.0,0.0,0.0,1.0,17,17,17,673,0
002623,201813,2018-03-26,13,2018Q1,1,2018Q1,201813,2018Q1,2,1,2015Q1-2017Q4,2018Q1,2018Q1,2018Q1,same_quarter_last_week_features_to_same_quarter_last_week_fsfp,2,1,1.0,0.0,0.0,1.0,17,17,17,674,1
002624,201813,2018-03-26,13,2018Q1,1,2018Q1,201813,2018Q1,2,1,2015Q1-2017Q4,2018Q1,2018Q1,2018Q1,same_quarter_last_week_features_to_same_quarter_last_week_fsfp,2,1,1.0,0.0,0.0,1.0,17,17,17,675,0
002627,201813,2018-03-26,13,2018Q1,1,2018Q1,201813,2018Q1,2,1,2015Q1-2017Q4,2018Q1,2018Q1,2018Q1,same_quarter_last_week_features_to_same_quarter_last_week_fsfp,2,1,1.0,0.0,0.0,1.0,17,17,17,678,1
002628,201813,2018-03-26,13,2018Q1,1,2018Q1,201813,2018Q1,2,1,2015Q1-2017Q4,2018Q1,2018Q1,2018Q1,same_quarter_last_week_features_to_same_quarter_last_week_fsfp,2,1,1.0,0.0,0.0,1.0,17,17,17,679,2
002631,201813,2018-03-26,13,2018Q1,1,2018Q1,201813,2018Q1,2,1,2015Q1-2017Q4,2018Q1,2018Q1,2018Q1,same_quarter_last_week_features_to_same_quarter_last_week_fsfp,2,1,1.0,0.0,0.0,1.0,17,17,17,682,1
002635,201813,2018-03-26,13,2018Q1,1,2018Q1,201813,2018Q1,2,1,2015Q1-2017Q4,2018Q1,2018Q1,2018Q1,same_quarter_last_week_features_to_same_quarter_last_week_fsfp,2,1,1.0,0.0,0.0,1.0,17,17,17,686,1
002636,201813,2018-03-26,13,2018Q1,1,2018Q1,201813,2018Q1,2,1,2015Q1-2017Q4,2018Q1,2018Q1,2018Q1,same_quarter_last_week_features_to_same_quarter_last_week_fsfp,2,0,0.0,0.0,0.0,1.0,17,17,17,687,2
002637,201813,2018-03-26,13,2018Q1,1,2018Q1,201813,2018Q1,2,1,2015Q1-2017Q4,2018Q1,2018Q1,2018Q1,same_quarter_last_week_features_to_same_quarter_last_week_fsfp,2,0,0.0,0.0,0.0,1.0,17,17,17,688,0
002639,201813,2018-03-26,13,2018Q1,1,2018Q1,201813,2018Q1,2,1,2015Q1-2017Q4,2018Q1,2018Q1,2018Q1,same_quarter_last_week_features_to_same_quarter_last_week_fsfp,2,1,1.0,0.0,0.0,1.0,17,17,17,690,1
002640,201813,2018-03-26,13,2018Q1,1,2018Q1,201813,2018Q1,2,1,2015Q1-2017Q4,2018Q1,2018Q1,2018Q1,same_quarter_last_week_features_to_same_quarter_last_week_fsfp,2,1,1.0,0.0,0.0,1.0,17,17,17,691,1
002642,201813,2018-03-26,13,2018Q1,1,2018Q1,201813,2018Q1,2,1,2015Q1-2017Q4,2018Q1,2018Q1,2018Q1,same_quarter_last_week_features_to_same_quarter_last_week_fsfp,2,2,2.0,0.0,0.0,1.0,17,17,17,693,2
002645,201813,2018-03-26,13,2018Q1,1,2018Q1,201813,2018Q1,2,1,2015Q1-2017Q4,2018Q1,2018Q1,2018Q1,same_quarter_last_week_features_to_same_quarter_last_week_fsfp,2,0,0.0,0.0,0.0,1.0,17,17,17,696,0
002647,201803,2018-01-15,3,2018Q1,1,2018Q1,201803,2018Q1,2,1,2015Q1-2017Q4,2018Q1,2018Q1,2018Q1,same_quarter_last_week_features_to_same_quarter_last_week_fsfp,2,0,0.0,0.0,0.0,1.0,17,17,17,698,0
002648,201813,2018-03-26,13,2018Q1,1,2018Q1,201813,2018Q1,2,1,2015Q1-2017Q4,2018Q1,2018Q1,2018Q1,same_quarter_last_week_features_to_same_quarter_last_week_fsfp,2,0,0.0,0.0,0.0,1.0,17,17,17,699,0
002649,201813,2018-03-26,13,2018Q1,1,2018Q1,201813,2018Q1,2,1,2015Q1-2017Q4,2018Q1,2018Q1,2018Q1,same_quarter_last_week_features_to_same_quarter_last_week_fsfp,2,0,0.0,0.0,0.0,1.0,17,17,17,700,2
002653,201813,2018-03-26,13,2018Q1,1,2018Q1,201813,2018Q1,2,1,2015Q1-2017Q4,2018Q1,2018Q1,2018Q1,same_quarter_last_week_features_to_same_quarter_last_week_fsfp,2,0,0.0,0.0,0.0,1.0,17,17,17,704,0
002654,201813,2018-03-26,13,2018Q1,1,2018Q1,201813,2018Q1,2,1,2015Q1-2017Q4,2018Q1,2018Q1,2018Q1,same_quarter_last_week_features_to_same_quarter_last_week_fsfp,2,2,2.0,0.0,0.0,1.0,17,17,17,705,2
002655,201813,2018-03-26,13,2018Q1,1,2018Q1,201813,2018Q1,2,1,2015Q1-2017Q4,2018Q1,2018Q1,2018Q1,same_quarter_last_week_features_to_same_quarter_last_week_fsfp,2,1,1.0,0.0,0.0,1.0,17,17,17,706,1
002656,201805,2018-01-29,5,2018Q1,1,2018Q1,201805,2018Q1,2,1,2015Q1-2017Q4,2018Q1,2018Q1,2018Q1,same_quarter_last_week_features_to_same_quarter_last_week_fsfp,2,0,0.0,0.0,0.0,1.0,17,17,17,707,0
002658,201813,2018-03-26,13,2018Q1,1,2018Q1,201813,2018Q1,2,1,2015Q1-2017Q4,2018Q1,2018Q1,2018Q1,same_quarter_last_week_features_to_same_quarter_last_week_fsfp,2,0,0.0,0.0,0.0,1.0,17,17,17,709,1
002660,201813,2018-03-26,13,2018Q1,1,2018Q1,201813,2018Q1,2,1,2015Q1-2017Q4,2018Q1,2018Q1,2018Q1,same_quarter_last_week_features_to_same_quarter_last_week_fsfp,2,1,1.0,0.0,0.0,1.0,17,17,17,711,1
002664,201813,2018-03-26,13,2018Q1,1,2018Q1,201813,2018Q1,2,1,2015Q1-2017Q4,2018Q1,2018Q1,2018Q1,same_quarter_last_week_features_to_same_quarter_last_week_fsfp,2,1,1.0,0.0,0.0,1.0,17,17,17,715,0
002666,201813,2018-03-26,13,2018Q1,1,2018Q1,201813,2018Q1,2,1,2015Q1-2017Q4,2018Q1,2018Q1,2018Q1,same_quarter_last_week_features_to_same_quarter_last_week_fsfp,2,0,0.0,0.0,0.0,1.0,17,17,17,716,0
002667,201813,2018-03-26,13,2018Q1,1,2018Q1,201813,2018Q1,2,1,2015Q1-2017Q4,2018Q1,2018Q1,2018Q1,same_quarter_last_week_features_to_same_quarter_last_week_fsfp,2,0,0.0,0.0,0.0,1.0,17,17,17,717,0
002668,201813,2018-03-26,13,2018Q1,1,2018Q1,201813,2018Q1,2,1,2015Q1-2017Q4,2018Q1,2018Q1,2018Q1,same_quarter_last_week_features_to_same_quarter_last_week_fsfp,2,0,0.0,0.0,0.0,1.0,17,17,17,718,0
002670,201813,2018-03-26,13,2018Q1,1,2018Q1,201813,2018Q1,2,1,2015Q1-2017Q4,2018Q1,2018Q1,2018Q1,same_quarter_last_week_features_to_same_quarter_last_week_fsfp,2,2,2.0,0.0,0.0,1.0,17,17,17,720,0
002671,201813,2018-03-26,13,2018Q1,1,2018Q1,201813,2018Q1,2,1,2015Q1-2017Q4,2018Q1,2018Q1,2018Q1,same_quarter_last_week_features_to_same_quarter_last_week_fsfp,2,0,0.0,0.0,0.0,1.0,17,17,17,721,2
002678,201813,2018-03-26,13,2018Q1,1,2018Q1,201813,2018Q1,2,1,2015Q1-2017Q4,2018Q1,2018Q1,2018Q1,same_quarter_last_week_features_to_same_quarter_last_week_fsfp,2,0,0.0,0.0,0.0,1.0,17,17,17,728,0
002682,201813,2018-03-26,13,2018Q1,1,2018Q1,201813,2018Q1,2,1,2015Q1-2017Q4,2018Q1,2018Q1,2018Q1,same_quarter_last_week_features_to_same_quarter_last_week_fsfp,2,1,1.0,0.0,0.0,1.0,17,17,17,731,1
002685,201813,2018-03-26,13,2018Q1,1,2018Q1,201813,2018Q1,2,1,2015Q1-2017Q4,2018Q1,2018Q1,2018Q1,same_quarter_last_week_features_to_same_quarter_last_week_fsfp,2,1,1.0,0.0,0.0,1.0,17,17,17,733,1
002687,201813,2018-03-26,13,2018Q1,1,2018Q1,201813,2018Q1,2,1,2015Q1-2017Q4,2018Q1,2018Q1,2018Q1,same_quarter_last_week_features_to_same_quarter_last_week_fsfp,2,2,2.0,0.0,0.0,1.0,17,17,17,735,2
002688,201813,2018-03-26,13,2018Q1,1,2018Q1,201813,2018Q1,2,1,2015Q1-2017Q4,2018Q1,2018Q1,2018Q1,same_quarter_last_week_features_to_same_quarter_last_week_fsfp,2,2,2.0,0.0,0.0,1.0,17,17,17,736,2
002690,201813,2018-03-26,13,2018Q1,1,2018Q1,201813,2018Q1,2,1,2015Q1-2017Q4,2018Q1,2018Q1,2018Q1,same_quarter_last_week_features_to_same_quarter_last_week_fsfp,2,1,1.0,0.0,0.0,1.0,17,17,17,738,1
002691,201813,2018-03-26,13,2018Q1,1,2018Q1,201813,2018Q1,2,1,2015Q1-2017Q4,2018Q1,2018Q1,2018Q1,same_quarter_last_week_features_to_same_quarter_last_week_fsfp,2,0,0.0,0.0,0.0,1.0,17,17,17,739,1
002693,201813,2018-03-26,13,2018Q1,1,2018Q1,201813,2018Q1,2,1,2015Q1-2017Q4,2018Q1,2018Q1,2018Q1,same_quarter_last_week_features_to_same_quarter_last_week_fsfp,2,0,0.0,0.0,0.0,1.0,17,17,17,741,0
002694,201813,2018-03-26,13,2018Q1,1,2018Q1,201813,2018Q1,2,1,2015Q1-2017Q4,2018Q1,2018Q1,2018Q1,same_quarter_last_week_features_to_same_quarter_last_week_fsfp,2,0,0.0,0.0,0.0,1.0,17,17,17,742,2
002695,201813,2018-03-26,13,2018Q1,1,2018Q1,201813,2018Q1,2,1,2015Q1-2017Q4,2018Q1,2018Q1,2018Q1,same_quarter_last_week_features_to_same_quarter_last_week_fsfp,2,2,2.0,0.0,0.0,1.0,17,17,17,743,2
002698,201813,2018-03-26,13,2018Q1,1,2018Q1,201813,2018Q1,2,1,2015Q1-2017Q4,2018Q1,2018Q1,2018Q1,same_quarter_last_week_features_to_same_quarter_last_week_fsfp,2,2,2.0,0.0,0.0,1.0,17,17,17,746,2
002703,201813,2018-03-26,13,2018Q1,1,2018Q1,201813,2018Q1,2,1,2015Q1-2017Q4,2018Q1,2018Q1,2018Q1,same_quarter_last_week_features_to_same_quarter_last_week_fsfp,2,0,0.0,0.0,0.0,1.0,17,17,17,750,1
002707,201813,2018-03-26,13,2018Q1,1,2018Q1,201813,2018Q1,2,1,2015Q1-2017Q4,2018Q1,2018Q1,2018Q1,same_quarter_last_week_features_to_same_quarter_last_week_fsfp,2,1,1.0,0.0,0.0,1.0,17,17,17,753,1
002709,201813,2018-03-26,13,2018Q1,1,2018Q1,201813,2018Q1,2,1,2015Q1-2017Q4,2018Q1,2018Q1,2018Q1,same_quarter_last_week_features_to_same_quarter_last_week_fsfp,2,0,0.0,0.0,0.0,1.0,17,17,17,755,0
002712,201813,2018-03-26,13,2018Q1,1,2018Q1,201813,2018Q1,2,1,2015Q1-2017Q4,2018Q1,2018Q1,2018Q1,same_quarter_last_week_features_to_same_quarter_last_week_fsfp,2,1,1.0,0.0,0.0,1.0,17,17,17,756,0
002714,201813,2018-03-26,13,2018Q1,1,2018Q1,201813,2018Q1,2,1,2015Q1-2017Q4,2018Q1,2018Q1,2018Q1,same_quarter_last_week_features_to_same_quarter_last_week_fsfp,2,0,0.0,0.0,0.0,1.0,17,17,17,758,0
002717,201813,2018-03-26,13,2018Q1,1,2018Q1,201813,2018Q1,2,1,2015Q1-2017Q4,2018Q1,2018Q1,2018Q1,same_quarter_last_week_features_to_same_quarter_last_week_fsfp,2,2,2.0,0.0,0.0,1.0,17,17,17,761,2
002722,201813,2018-03-26,13,2018Q1,1,2018Q1,201813,2018Q1,2,1,2015Q1-2017Q4,2018Q1,2018Q1,2018Q1,same_quarter_last_week_features_to_same_quarter_last_week_fsfp,2,0,0.0,0.0,0.0,1.0,17,17,17,765,0
002723,201813,2018-03-26,13,2018Q1,1,2018Q1,201813,2018Q1,2,1,2015Q1-2017Q4,2018Q1,2018Q1,2018Q1,same_quarter_last_week_features_to_same_quarter_last_week_fsfp,2,0,0.0,0.0,0.0,1.0,17,17,17,766,0
002728,201813,2018-03-26,13,2018Q1,1,2018Q1,201813,2018Q1,2,1,2015Q1-2017Q4,2018Q1,2018Q1,2018Q1,same_quarter_last_week_features_to_same_quarter_last_week_fsfp,2,0,0.0,0.0,0.0,1.0,17,17,17,771,1
002729,201813,2018-03-26,13,2018Q1,1,2018Q1,201813,2018Q1,2,1,2015Q1-2017Q4,2018Q1,2018Q1,2018Q1,same_quarter_last_week_features_to_same_quarter_last_week_fsfp,2,0,0.0,0.0,0.0,1.0,17,17,17,772,0
002730,201813,2018-03-26,13,2018Q1,1,2018Q1,201813,2018Q1,2,1,2015Q1-2017Q4,2018Q1,2018Q1,2018Q1,same_quarter_last_week_features_to_same_quarter_last_week_fsfp,2,2,2.0,0.0,0.0,1.0,17,17,17,773,2
002738,201813,2018-03-26,13,2018Q1,1,2018Q1,201813,2018Q1,2,1,2015Q1-2017Q4,2018Q1,2018Q1,2018Q1,same_quarter_last_week_features_to_same_quarter_last_week_fsfp,2,0,0.0,0.0,0.0,1.0,17,17,17,781,1
002743,201813,2018-03-26,13,2018Q1,1,2018Q1,201813,2018Q1,2,1,2015Q1-2017Q4,2018Q1,2018Q1,2018Q1,same_quarter_last_week_features_to_same_quarter_last_week_fsfp,2,0,0.0,0.0,0.0,1.0,17,17,17,784,1
002747,201813,2018-03-26,13,2018Q1,1,2018Q1,201813,2018Q1,2,1,2015Q1-2017Q4,2018Q1,2018Q1,2018Q1,same_quarter_last_week_features_to_same_quarter_last_week_fsfp,2,1,1.0,0.0,0.0,1.0,17,17,17,787,1
002756,201813,2018-03-26,13,2018Q1,1,2018Q1,201813,2018Q1,2,1,2015Q1-2017Q4,2018Q1,2018Q1,2018Q1,same_quarter_last_week_features_to_same_quarter_last_week_fsfp,2,0,0.0,0.0,0.0,1.0,17,17,17,794,0
002762,201813,2018-03-26,13,2018Q1,1,2018Q1,201813,2018Q1,2,1,2015Q1-2017Q4,2018Q1,2018Q1,2018Q1,same_quarter_last_week_features_to_same_quarter_last_week_fsfp,2,0,0.0,0.0,0.0,1.0,17,17,17,800,0
002765,201809,2018-02-26,9,2018Q1,1,2018Q1,201809,2018Q1,2,1,2015Q1-2017Q4,2018Q1,2018Q1,2018Q1,same_quarter_last_week_features_to_same_quarter_last_week_fsfp,2,0,0.0,0.0,0.0,1.0,17,17,17,802,0
002768,201813,2018-03-26,13,2018Q1,1,2018Q1,201813,2018Q1,2,1,2015Q1-2017Q4,2018Q1,2018Q1,2018Q1,same_quarter_last_week_features_to_same_quarter_last_week_fsfp,2,0,0.0,0.0,0.0,1.0,17,17,17,805,0
002772,201813,2018-03-26,13,2018Q1,1,2018Q1,201813,2018Q1,2,1,2015Q1-2017Q4,2018Q1,2018Q1,2018Q1,same_quarter_last_week_features_to_same_quarter_last_week_fsfp,2,2,2.0,0.0,0.0,1.0,17,17,17,808,1
002775,201812,2018-03-19,12,2018Q1,1,2018Q1,201812,2018Q1,2,1,2015Q1-2017Q4,2018Q1,2018Q1,2018Q1,same_quarter_last_week_features_to_same_quarter_last_week_fsfp,2,0,0.0,0.0,0.0,1.0,17,17,17,811,0
002777,201813,2018-03-26,13,2018Q1,1,2018Q1,201813,2018Q1,2,1,2015Q1-2017Q4,2018Q1,2018Q1,2018Q1,same_quarter_last_week_features_to_same_quarter_last_week_fsfp,2,1,1.0,0.0,0.0,1.0,17,17,17,812,2
002779,201813,2018-03-26,13,2018Q1,1,2018Q1,201813,2018Q1,2,1,2015Q1-2017Q4,2018Q1,2018Q1,2018Q1,same_quarter_last_week_features_to_same_quarter_last_week_fsfp,2,0,0.0,0.0,0.0,1.0,17,17,17,814,0
002780,201813,2018-03-26,13,2018Q1,1,2018Q1,201813,2018Q1,2,1,2015Q1-2017Q4,2018Q1,2018Q1,2018Q1,same_quarter_last_week_features_to_same_quarter_last_week_fsfp,2,0,0.0,0.0,0.0,1.0,17,17,17,815,0
002783,201813,2018-03-26,13,2018Q1,1,2018Q1,201813,2018Q1,2,1,2015Q1-2017Q4,2018Q1,2018Q1,2018Q1,same_quarter_last_week_features_to_same_quarter_last_week_fsfp,2,1,1.0,0.0,0.0,1.0,17,17,17,817,2
002785,201813,2018-03-26,13,2018Q1,1,2018Q1,201813,2018Q1,2,1,2015Q1-2017Q4,2018Q1,2018Q1,2018Q1,same_quarter_last_week_features_to_same_quarter_last_week_fsfp,2,1,1.0,0.0,0.0,1.0,17,17,17,818,1
000014,201813,2018-03-26,13,2018Q1,1,2018Q1,201813,2018Q1,2,1,2015Q1-2017Q4,2018Q1,2018Q1,2018Q1,same_quarter_last_week_features_to_same_quarter_last_week_fsfp,3,1,1.0,0.0,0.0,1.0,17,17,17,4,1
000025,201813,2018-03-26,13,2018Q1,1,2018Q1,201813,2018Q1,2,1,2015Q1-2017Q4,2018Q1,2018Q1,2018Q1,same_quarter_last_week_features_to_same_quarter_last_week_fsfp,3,1,1.0,0.0,0.0,1.0,17,17,17,7,2
000151,201813,2018-03-26,13,2018Q1,1,2018Q1,201813,2018Q1,2,1,2015Q1-2017Q4,2018Q1,2018Q1,2018Q1,same_quarter_last_week_features_to_same_quarter_last_week_fsfp,3,1,1.0,0.0,0.0,1.0,17,17,17,21,1
000419,201813,2018-03-26,13,2018Q1,1,2018Q1,201813,2018Q1,2,1,2015Q1-2017Q4,2018Q1,2018Q1,2018Q1,same_quarter_last_week_features_to_same_quarter_last_week_fsfp,3,1,1.0,0.0,0.0,1.0,17,17,17,29,1
000421,201813,2018-03-26,13,2018Q1,1,2018Q1,201813,2018Q1,2,1,2015Q1-2017Q4,2018Q1,2018Q1,2018Q1,same_quarter_last_week_features_to_same_quarter_last_week_fsfp,3,1,1.0,0.0,0.0,1.0,17,17,17,30,0
000488,201813,2018-03-26,13,2018Q1,1,2018Q1,201813,2018Q1,2,1,2015Q1-2017Q4,2018Q1,2018Q1,2018Q1,same_quarter_last_week_features_to_same_quarter_last_week_fsfp,3,0,0.0,0.0,0.0,1.0,17,17,17,33,1
000501,201813,2018-03-26,13,2018Q1,1,2018Q1,201813,2018Q1,2,1,2015Q1-2017Q4,2018Q1,2018Q1,2018Q1,same_quarter_last_week_features_to_same_quarter_last_week_fsfp,3,0,0.0,0.0,0.0,1.0,17,17,17,35,1
000505,201813,2018-03-26,13,2018Q1,1,2018Q1,201813,2018Q1,2,1,2015Q1-2017Q4,2018Q1,2018Q1,2018Q1,same_quarter_last_week_features_to_same_quarter_last_week_fsfp,3,1,1.0,0.0,0.0,1.0,17,17,17,36,0
000517,201813,2018-03-26,13,2018Q1,1,2018Q1,201813,2018Q1,2,1,2015Q1-2017Q4,2018Q1,2018Q1,2018Q1,same_quarter_last_week_features_to_same_quarter_last_week_fsfp,3,1,1.0,0.0,0.0,1.0,17,17,17,40,1
000526,201812,2018-03-19,12,2018Q1,1,2018Q1,201812,2018Q1,2,1,2015Q1-2017Q4,2018Q1,2018Q1,2018Q1,same_quarter_last_week_features_to_same_quarter_last_week_fsfp,3,1,1.0,0.0,0.0,1.0,17,17,17,43,1
000547,201813,2018-03-26,13,2018Q1,1,2018Q1,201813,2018Q1,2,1,2015Q1-2017Q4,2018Q1,2018Q1,2018Q1,same_quarter_last_week_features_to_same_quarter_last_week_fsfp,3,1,1.0,0.0,0.0,1.0,17,17,17,52,1
000565,201813,2018-03-26,13,2018Q1,1,2018Q1,201813,2018Q1,2,1,2015Q1-2017Q4,2018Q1,2018Q1,2018Q1,same_quarter_last_week_features_to_same_quarter_last_week_fsfp,3,1,1.0,0.0,0.0,1.0,17,17,17,60,2
000570,201813,2018-03-26,13,2018Q1,1,2018Q1,201813,2018Q1,2,1,2015Q1-2017Q4,2018Q1,2018Q1,2018Q1,same_quarter_last_week_features_to_same_quarter_last_week_fsfp,3,1,1.0,0.0,0.0,1.0,17,17,17,62,0
000571,201813,2018-03-26,13,2018Q1,1,2018Q1,201813,2018Q1,2,1,2015Q1-2017Q4,2018Q1,2018Q1,2018Q1,same_quarter_last_week_features_to_same_quarter_last_week_fsfp,3,2,2.0,0.0,0.0,1.0,17,17,17,63,2
000601,201813,2018-03-26,13,2018Q1,1,2018Q1,201813,2018Q1,2,1,2015Q1-2017Q4,2018Q1,2018Q1,2018Q1,same_quarter_last_week_features_to_same_quarter_last_week_fsfp,3,0,0.0,0.0,0.0,1.0,17,17,17,68,1
000620,201813,2018-03-26,13,2018Q1,1,2018Q1,201813,2018Q1,2,1,2015Q1-2017Q4,2018Q1,2018Q1,2018Q1,same_quarter_last_week_features_to_same_quarter_last_week_fsfp,3,1,1.0,0.0,0.0,1.0,17,17,17,75,1
000631,201813,2018-03-26,13,2018Q1,1,2018Q1,201813,2018Q1,2,1,2015Q1-2017Q4,2018Q1,2018Q1,2018Q1,same_quarter_last_week_features_to_same_quarter_last_week_fsfp,3,0,0.0,0.0,0.0,1.0,17,17,17,78,0
000632,201813,2018-03-26,13,2018Q1,1,2018Q1,201813,2018Q1,2,1,2015Q1-2017Q4,2018Q1,2018Q1,2018Q1,same_quarter_last_week_features_to_same_quarter_last_week_fsfp,3,1,1.0,0.0,0.0,1.0,17,17,17,79,0
000661,201813,2018-03-26,13,2018Q1,1,2018Q1,201813,2018Q1,2,1,2015Q1-2017Q4,2018Q1,2018Q1,2018Q1,same_quarter_last_week_features_to_same_quarter_last_week_fsfp,3,0,0.0,0.0,0.0,1.0,17,17,17,85,0
000668,201813,2018-03-26,13,2018Q1,1,2018Q1,201813,2018Q1,2,1,2015Q1-2017Q4,2018Q1,2018Q1,2018Q1,same_quarter_last_week_features_to_same_quarter_last_week_fsfp,3,1,1.0,0.0,0.0,1.0,17,17,17,87,0
000682,201813,2018-03-26,13,2018Q1,1,2018Q1,201813,2018Q1,2,1,2015Q1-2017Q4,2018Q1,2018Q1,2018Q1,same_quarter_last_week_features_to_same_quarter_last_week_fsfp,3,1,1.0,0.0,0.0,1.0,17,17,17,91,2
000712,201813,2018-03-26,13,2018Q1,1,2018Q1,201813,2018Q1,2,1,2015Q1-2017Q4,2018Q1,2018Q1,2018Q1,same_quarter_last_week_features_to_same_quarter_last_week_fsfp,3,1,1.0,0.0,0.0,1.0,17,17,17,98,2
000716,201813,2018-03-26,13,2018Q1,1,2018Q1,201813,2018Q1,2,1,2015Q1-2017Q4,2018Q1,2018Q1,2018Q1,same_quarter_last_week_features_to_same_quarter_last_week_fsfp,3,0,0.0,0.0,0.0,1.0,17,17,17,100,1
000717,201813,2018-03-26,13,2018Q1,1,2018Q1,201813,2018Q1,2,1,2015Q1-2017Q4,2018Q1,2018Q1,2018Q1,same_quarter_last_week_features_to_same_quarter_last_week_fsfp,3,1,1.0,0.0,0.0,1.0,17,17,17,101,2
000721,201813,2018-03-26,13,2018Q1,1,2018Q1,201813,2018Q1,2,1,2015Q1-2017Q4,2018Q1,2018Q1,2018Q1,same_quarter_last_week_features_to_same_quarter_last_week_fsfp,3,1,1.0,0.0,0.0,1.0,17,17,17,105,1
000786,201813,2018-03-26,13,2018Q1,1,2018Q1,201813,2018Q1,2,1,2015Q1-2017Q4,2018Q1,2018Q1,2018Q1,same_quarter_last_week_features_to_same_quarter_last_week_fsfp,3,0,0.0,0.0,0.0,1.0,17,17,17,119,0
000797,201813,2018-03-26,13,2018Q1,1,2018Q1,201813,2018Q1,2,1,2015Q1-2017Q4,2018Q1,2018Q1,2018Q1,same_quarter_last_week_features_to_same_quarter_last_week_fsfp,3,1,1.0,0.0,0.0,1.0,17,17,17,123,1
000799,201813,2018-03-26,13,2018Q1,1,2018Q1,201813,2018Q1,2,1,2015Q1-2017Q4,2018Q1,2018Q1,2018Q1,same_quarter_last_week_features_to_same_quarter_last_week_fsfp,3,1,1.0,0.0,0.0,1.0,17,17,17,125,1
000807,201813,2018-03-26,13,2018Q1,1,2018Q1,201813,2018Q1,2,1,2015Q1-2017Q4,2018Q1,2018Q1,2018Q1,same_quarter_last_week_features_to_same_quarter_last_week_fsfp,3,0,0.0,0.0,0.0,1.0,17,17,17,127,0
000822,201813,2018-03-26,13,2018Q1,1,2018Q1,201813,2018Q1,2,1,2015Q1-2017Q4,2018Q1,2018Q1,2018Q1,same_quarter_last_week_features_to_same_quarter_last_week_fsfp,3,1,1.0,0.0,0.0,1.0,17,17,17,134,1
000830,201813,2018-03-26,13,2018Q1,1,2018Q1,201813,2018Q1,2,1,2015Q1-2017Q4,2018Q1,2018Q1,2018Q1,same_quarter_last_week_features_to_same_quarter_last_week_fsfp,3,0,0.0,0.0,0.0,1.0,17,17,17,136,1
000856,201813,2018-03-26,13,2018Q1,1,2018Q1,201813,2018Q1,2,1,2015Q1-2017Q4,2018Q1,2018Q1,2018Q1,same_quarter_last_week_features_to_same_quarter_last_week_fsfp,3,1,1.0,0.0,0.0,1.0,17,17,17,141,2
000868,201813,2018-03-26,13,2018Q1,1,2018Q1,201813,2018Q1,2,1,2015Q1-2017Q4,2018Q1,2018Q1,2018Q1,same_quarter_last_week_features_to_same_quarter_last_week_fsfp,3,1,1.0,0.0,0.0,1.0,17,17,17,144,1
000885,201813,2018-03-26,13,2018Q1,1,2018Q1,201813,2018Q1,2,1,2015Q1-2017Q4,2018Q1,2018Q1,2018Q1,same_quarter_last_week_features_to_same_quarter_last_week_fsfp,3,1,1.0,0.0,0.0,1.0,17,17,17,151,1
000897,201813,2018-03-26,13,2018Q1,1,2018Q1,201813,2018Q1,2,1,2015Q1-2017Q4,2018Q1,2018Q1,2018Q1,same_quarter_last_week_features_to_same_quarter_last_week_fsfp,3,1,1.0,0.0,0.0,1.0,17,17,17,156,1
000926,201813,2018-03-26,13,2018Q1,1,2018Q1,201813,2018Q1,2,1,2015Q1-2017Q4,2018Q1,2018Q1,2018Q1,same_quarter_last_week_features_to_same_quarter_last_week_fsfp,3,0,0.0,0.0,0.0,1.0,17,17,17,158,1
000932,201813,2018-03-26,13,2018Q1,1,2018Q1,201813,2018Q1,2,1,2015Q1-2017Q4,2018Q1,2018Q1,2018Q1,same_quarter_last_week_features_to_same_quarter_last_week_fsfp,3,0,0.0,0.0,0.0,1.0,17,17,17,162,0
000938,201813,2018-03-26,13,2018Q1,1,2018Q1,201813,2018Q1,2,1,2015Q1-2017Q4,2018Q1,2018Q1,2018Q1,same_quarter_last_week_features_to_same_quarter_last_week_fsfp,3,0,0.0,0.0,0.0,1.0,17,17,17,165,0
000949,201813,2018-03-26,13,2018Q1,1,2018Q1,201813,2018Q1,2,1,2015Q1-2017Q4,2018Q1,2018Q1,2018Q1,same_quarter_last_week_features_to_same_quarter_last_week_fsfp,3,1,1.0,0.0,0.0,1.0,17,17,17,167,0
000952,201813,2018-03-26,13,2018Q1,1,2018Q1,201813,2018Q1,2,1,2015Q1-2017Q4,2018Q1,2018Q1,2018Q1,same_quarter_last_week_features_to_same_quarter_last_week_fsfp,3,1,1.0,0.0,0.0,1.0,17,17,17,168,1
000958,201813,2018-03-26,13,2018Q1,1,2018Q1,201813,2018Q1,2,1,2015Q1-2017Q4,2018Q1,2018Q1,2018Q1,same_quarter_last_week_features_to_same_quarter_last_week_fsfp,3,0,0.0,0.0,0.0,1.0,17,17,17,171,0
000965,201813,2018-03-26,13,2018Q1,1,2018Q1,201813,2018Q1,2,1,2015Q1-2017Q4,2018Q1,2018Q1,2018Q1,same_quarter_last_week_features_to_same_quarter_last_week_fsfp,3,1,1.0,0.0,0.0,1.0,17,17,17,173,1
000972,201813,2018-03-26,13,2018Q1,1,2018Q1,201813,2018Q1,2,1,2015Q1-2017Q4,2018Q1,2018Q1,2018Q1,same_quarter_last_week_features_to_same_quarter_last_week_fsfp,3,1,1.0,0.0,0.0,1.0,17,17,17,175,0
000980,201813,2018-03-26,13,2018Q1,1,2018Q1,201813,2018Q1,2,1,2015Q1-2017Q4,2018Q1,2018Q1,2018Q1,same_quarter_last_week_features_to_same_quarter_last_week_fsfp,3,0,0.0,0.0,0.0,1.0,17,17,17,176,1
002001,201813,2018-03-26,13,2018Q1,1,2018Q1,201813,2018Q1,2,1,2015Q1-2017Q4,2018Q1,2018Q1,2018Q1,same_quarter_last_week_features_to_same_quarter_last_week_fsfp,3,0,0.0,0.0,0.0,1.0,17,17,17,182,0
002003,201813,2018-03-26,13,2018Q1,1,2018Q1,201813,2018Q1,2,1,2015Q1-2017Q4,2018Q1,2018Q1,2018Q1,same_quarter_last_week_features_to_same_quarter_last_week_fsfp,3,1,1.0,0.0,0.0,1.0,17,17,17,183,1
002008,201813,2018-03-26,13,2018Q1,1,2018Q1,201813,2018Q1,2,1,2015Q1-2017Q4,2018Q1,2018Q1,2018Q1,same_quarter_last_week_features_to_same_quarter_last_week_fsfp,3,1,1.0,0.0,0.0,1.0,17,17,17,187,0
002011,201813,2018-03-26,13,2018Q1,1,2018Q1,201813,2018Q1,2,1,2015Q1-2017Q4,2018Q1,2018Q1,2018Q1,same_quarter_last_week_features_to_same_quarter_last_week_fsfp,3,0,0.0,0.0,0.0,1.0,17,17,17,188,1
002015,201813,2018-03-26,13,2018Q1,1,2018Q1,201813,2018Q1,2,1,2015Q1-2017Q4,2018Q1,2018Q1,2018Q1,same_quarter_last_week_features_to_same_quarter_last_week_fsfp,3,0,0.0,0.0,0.0,1.0,17,17,17,191,0
002019,201813,2018-03-26,13,2018Q1,1,2018Q1,201813,2018Q1,2,1,2015Q1-2017Q4,2018Q1,2018Q1,2018Q1,same_quarter_last_week_features_to_same_quarter_last_week_fsfp,3,0,0.0,0.0,0.0,1.0,17,17,17,194,1
002040,201813,2018-03-26,13,2018Q1,1,2018Q1,201813,2018Q1,2,1,2015Q1-2017Q4,2018Q1,2018Q1,2018Q1,same_quarter_last_week_features_to_same_quarter_last_week_fsfp,3,1,1.0,0.0,0.0,1.0,17,17,17,205,1
002041,201813,2018-03-26,13,2018Q1,1,2018Q1,201813,2018Q1,2,1,2015Q1-2017Q4,2018Q1,2018Q1,2018Q1,same_quarter_last_week_features_to_same_quarter_last_week_fsfp,3,0,0.0,0.0,0.0,1.0,17,17,17,206,1
002073,201813,2018-03-26,13,2018Q1,1,2018Q1,201813,2018Q1,2,1,2015Q1-2017Q4,2018Q1,2018Q1,2018Q1,same_quarter_last_week_features_to_same_quarter_last_week_fsfp,3,1,1.0,0.0,0.0,1.0,17,17,17,215,2
002083,201813,2018-03-26,13,2018Q1,1,2018Q1,201813,2018Q1,2,1,2015Q1-2017Q4,2018Q1,2018Q1,2018Q1,same_quarter_last_week_features_to_same_quarter_last_week_fsfp,3,0,0.0,0.0,0.0,1.0,17,17,17,217,2
002108,201813,2018-03-26,13,2018Q1,1,2018Q1,201813,2018Q1,2,1,2015Q1-2017Q4,2018Q1,2018Q1,2018Q1,same_quarter_last_week_features_to_same_quarter_last_week_fsfp,3,1,1.0,0.0,0.0,1.0,17,17,17,223,1
002126,201813,2018-03-26,13,2018Q1,1,2018Q1,201813,2018Q1,2,1,2015Q1-2017Q4,2018Q1,2018Q1,2018Q1,same_quarter_last_week_features_to_same_quarter_last_week_fsfp,3,1,1.0,0.0,0.0,1.0,17,17,17,227,1
002128,201811,2018-03-12,11,2018Q1,1,2018Q1,201811,2018Q1,2,1,2015Q1-2017Q4,2018Q1,2018Q1,2018Q1,same_quarter_last_week_features_to_same_quarter_last_week_fsfp,3,1,1.0,0.0,0.0,1.0,17,17,17,229,1
002130,201813,2018-03-26,13,2018Q1,1,2018Q1,201813,2018Q1,2,1,2015Q1-2017Q4,2018Q1,2018Q1,2018Q1,same_quarter_last_week_features_to_same_quarter_last_week_fsfp,3,1,1.0,0.0,0.0,1.0,17,17,17,230,1
002159,201813,2018-03-26,13,2018Q1,1,2018Q1,201813,2018Q1,2,1,2015Q1-2017Q4,2018Q1,2018Q1,2018Q1,same_quarter_last_week_features_to_same_quarter_last_week_fsfp,3,1,1.0,0.0,0.0,1.0,17,17,17,238,1
002166,201813,2018-03-26,13,2018Q1,1,2018Q1,201813,2018Q1,2,1,2015Q1-2017Q4,2018Q1,2018Q1,2018Q1,same_quarter_last_week_features_to_same_quarter_last_week_fsfp,3,0,0.0,0.0,0.0,1.0,17,17,17,241,1
002202,201813,2018-03-26,13,2018Q1,1,2018Q1,201813,2018Q1,2,1,2015Q1-2017Q4,2018Q1,2018Q1,2018Q1,same_quarter_last_week_features_to_same_quarter_last_week_fsfp,3,0,0.0,0.0,0.0,1.0,17,17,17,256,1
002208,201813,2018-03-26,13,2018Q1,1,2018Q1,201813,2018Q1,2,1,2015Q1-2017Q4,2018Q1,2018Q1,2018Q1,same_quarter_last_week_features_to_same_quarter_last_week_fsfp,3,1,1.0,0.0,0.0,1.0,17,17,17,259,2
002214,201813,2018-03-26,13,2018Q1,1,2018Q1,201813,2018Q1,2,1,2015Q1-2017Q4,2018Q1,2018Q1,2018Q1,same_quarter_last_week_features_to_same_quarter_last_week_fsfp,3,0,0.0,0.0,0.0,1.0,17,17,17,261,0
002235,201813,2018-03-26,13,2018Q1,1,2018Q1,201813,2018Q1,2,1,2015Q1-2017Q4,2018Q1,2018Q1,2018Q1,same_quarter_last_week_features_to_same_quarter_last_week_fsfp,3,2,2.0,0.0,0.0,1.0,17,17,17,268,2
002254,201813,2018-03-26,13,2018Q1,1,2018Q1,201813,2018Q1,2,1,2015Q1-2017Q4,2018Q1,2018Q1,2018Q1,same_quarter_last_week_features_to_same_quarter_last_week_fsfp,3,1,1.0,0.0,0.0,1.0,17,17,17,280,2
002279,201813,2018-03-26,13,2018Q1,1,2018Q1,201813,2018Q1,2,1,2015Q1-2017Q4,2018Q1,2018Q1,2018Q1,same_quarter_last_week_features_to_same_quarter_last_week_fsfp,3,1,1.0,0.0,0.0,1.0,17,17,17,289,1
002284,201813,2018-03-26,13,2018Q1,1,2018Q1,201813,2018Q1,2,1,2015Q1-2017Q4,2018Q1,2018Q1,2018Q1,same_quarter_last_week_features_to_same_quarter_last_week_fsfp,3,0,0.0,0.0,0.0,1.0,17,17,17,292,1
002285,201813,2018-03-26,13,2018Q1,1,2018Q1,201813,2018Q1,2,1,2015Q1-2017Q4,2018Q1,2018Q1,2018Q1,same_quarter_last_week_features_to_same_quarter_last_week_fsfp,3,1,1.0,0.0,0.0,1.0,17,17,17,293,1
002287,201813,2018-03-26,13,2018Q1,1,2018Q1,201813,2018Q1,2,1,2015Q1-2017Q4,2018Q1,2018Q1,2018Q1,same_quarter_last_week_features_to_same_quarter_last_week_fsfp,3,1,1.0,0.0,0.0,1.0,17,17,17,295,0
002305,201813,2018-03-26,13,2018Q1,1,2018Q1,201813,2018Q1,2,1,2015Q1-2017Q4,2018Q1,2018Q1,2018Q1,same_quarter_last_week_features_to_same_quarter_last_week_fsfp,3,1,1.0,0.0,0.0,1.0,17,17,17,305,0
002319,201813,2018-03-26,13,2018Q1,1,2018Q1,201813,2018Q1,2,1,2015Q1-2017Q4,2018Q1,2018Q1,2018Q1,same_quarter_last_week_features_to_same_quarter_last_week_fsfp,3,0,0.0,0.0,0.0,1.0,17,17,17,308,0
002322,201813,2018-03-26,13,2018Q1,1,2018Q1,201813,2018Q1,2,1,2015Q1-2017Q4,2018Q1,2018Q1,2018Q1,same_quarter_last_week_features_to_same_quarter_last_week_fsfp,3,0,0.0,0.0,0.0,1.0,17,17,17,311,0
002330,201813,2018-03-26,13,2018Q1,1,2018Q1,201813,2018Q1,2,1,2015Q1-2017Q4,2018Q1,2018Q1,2018Q1,same_quarter_last_week_features_to_same_quarter_last_week_fsfp,3,0,0.0,0.0,0.0,1.0,17,17,17,315,0
002343,201813,2018-03-26,13,2018Q1,1,2018Q1,201813,2018Q1,2,1,2015Q1-2017Q4,2018Q1,2018Q1,2018Q1,same_quarter_last_week_features_to_same_quarter_last_week_fsfp,3,0,0.0,0.0,0.0,1.0,17,17,17,320,0
002346,201813,2018-03-26,13,2018Q1,1,2018Q1,201813,2018Q1,2,1,2015Q1-2017Q4,2018Q1,2018Q1,2018Q1,same_quarter_last_week_features_to_same_quarter_last_week_fsfp,3,0,0.0,0.0,0.0,1.0,17,17,17,322,0
002349,201813,2018-03-26,13,2018Q1,1,2018Q1,201813,2018Q1,2,1,2015Q1-2017Q4,2018Q1,2018Q1,2018Q1,same_quarter_last_week_features_to_same_quarter_last_week_fsfp,3,1,1.0,0.0,0.0,1.0,17,17,17,324,0
002350,201813,2018-03-26,13,2018Q1,1,2018Q1,201813,2018Q1,2,1,2015Q1-2017Q4,2018Q1,2018Q1,2018Q1,same_quarter_last_week_features_to_same_quarter_last_week_fsfp,3,0,0.0,0.0,0.0,1.0,17,17,17,325,0
002375,201813,2018-03-26,13,2018Q1,1,2018Q1,201813,2018Q1,2,1,2015Q1-2017Q4,2018Q1,2018Q1,2018Q1,same_quarter_last_week_features_to_same_quarter_last_week_fsfp,3,0,0.0,0.0,0.0,1.0,17,17,17,332,0
002376,201813,2018-03-26,13,2018Q1,1,2018Q1,201813,2018Q1,2,1,2015Q1-2017Q4,2018Q1,2018Q1,2018Q1,same_quarter_last_week_features_to_same_quarter_last_week_fsfp,3,1,1.0,0.0,0.0,1.0,17,17,17,333,0
002379,201813,2018-03-26,13,2018Q1,1,2018Q1,201813,2018Q1,2,1,2015Q1-2017Q4,2018Q1,2018Q1,2018Q1,same_quarter_last_week_features_to_same_quarter_last_week_fsfp,3,0,0.0,0.0,0.0,1.0,17,17,17,334,0
002390,201813,2018-03-26,13,2018Q1,1,2018Q1,201813,2018Q1,2,1,2015Q1-2017Q4,2018Q1,2018Q1,2018Q1,same_quarter_last_week_features_to_same_quarter_last_week_fsfp,3,0,0.0,0.0,0.0,1.0,17,17,17,339,0
002395,201813,2018-03-26,13,2018Q1,1,2018Q1,201813,2018Q1,2,1,2015Q1-2017Q4,2018Q1,2018Q1,2018Q1,same_quarter_last_week_features_to_same_quarter_last_week_fsfp,3,0,0.0,0.0,0.0,1.0,17,17,17,343,0
002401,201813,2018-03-26,13,2018Q1,1,2018Q1,201813,2018Q1,2,1,2015Q1-2017Q4,2018Q1,2018Q1,2018Q1,same_quarter_last_week_features_to_same_quarter_last_week_fsfp,3,1,1.0,0.0,0.0,1.0,17,17,17,346,0
002404,201813,2018-03-26,13,2018Q1,1,2018Q1,201813,2018Q1,2,1,2015Q1-2017Q4,2018Q1,2018Q1,2018Q1,same_quarter_last_week_features_to_same_quarter_last_week_fsfp,3,1,1.0,0.0,0.0,1.0,17,17,17,348,0
002408,201813,2018-03-26,13,2018Q1,1,2018Q1,201813,2018Q1,2,1,2015Q1-2017Q4,2018Q1,2018Q1,2018Q1,same_quarter_last_week_features_to_same_quarter_last_week_fsfp,3,0,0.0,0.0,0.0,1.0,17,17,17,349,0
002412,201813,2018-03-26,13,2018Q1,1,2018Q1,201813,2018Q1,2,1,2015Q1-2017Q4,2018Q1,2018Q1,2018Q1,same_quarter_last_week_features_to_same_quarter_last_week_fsfp,3,0,0.0,0.0,0.0,1.0,17,17,17,350,0
002428,201813,2018-03-26,13,2018Q1,1,2018Q1,201813,2018Q1,2,1,2015Q1-2017Q4,2018Q1,2018Q1,2018Q1,same_quarter_last_week_features_to_same_quarter_last_week_fsfp,3,0,0.0,0.0,0.0,1.0,17,17,17,357,0
002432,201813,2018-03-26,13,2018Q1,1,2018Q1,201813,2018Q1,2,1,2015Q1-2017Q4,2018Q1,2018Q1,2018Q1,same_quarter_last_week_features_to_same_quarter_last_week_fsfp,3,0,0.0,0.0,0.0,1.0,17,17,17,359,0
002454,201813,2018-03-26,13,2018Q1,1,2018Q1,201813,2018Q1,2,1,2015Q1-2017Q4,2018Q1,2018Q1,2018Q1,same_quarter_last_week_features_to_same_quarter_last_week_fsfp,3,0,0.0,0.0,0.0,1.0,17,17,17,368,0
002455,201813,2018-03-26,13,2018Q1,1,2018Q1,201813,2018Q1,2,1,2015Q1-2017Q4,2018Q1,2018Q1,2018Q1,same_quarter_last_week_features_to_same_quarter_last_week_fsfp,3,0,0.0,0.0,0.0,1.0,17,17,17,369,0
002461,201813,2018-03-26,13,2018Q1,1,2018Q1,201813,2018Q1,2,1,2015Q1-2017Q4,2018Q1,2018Q1,2018Q1,same_quarter_last_week_features_to_same_quarter_last_week_fsfp,3,0,0.0,0.0,0.0,1.0,17,17,17,373,0
002470,201813,2018-03-26,13,2018Q1,1,2018Q1,201813,2018Q1,2,1,2015Q1-2017Q4,2018Q1,2018Q1,2018Q1,same_quarter_last_week_features_to_same_quarter_last_week_fsfp,3,0,0.0,0.0,0.0,1.0,17,17,17,377,0
002485,201813,2018-03-26,13,2018Q1,1,2018Q1,201813,2018Q1,2,1,2015Q1-2017Q4,2018Q1,2018Q1,2018Q1,same_quarter_last_week_features_to_same_quarter_last_week_fsfp,3,0,0.0,0.0,0.0,1.0,17,17,17,380,0
002508,201813,2018-03-26,13,2018Q1,1,2018Q1,201813,2018Q1,2,1,2015Q1-2017Q4,2018Q1,2018Q1,2018Q1,same_quarter_last_week_features_to_same_quarter_last_week_fsfp,3,0,0.0,0.0,0.0,1.0,17,17,17,392,0
002519,201813,2018-03-26,13,2018Q1,1,2018Q1,201813,2018Q1,2,1,2015Q1-2017Q4,2018Q1,2018Q1,2018Q1,same_quarter_last_week_features_to_same_quarter_last_week_fsfp,3,0,0.0,0.0,0.0,1.0,17,17,17,398,1
002526,201813,2018-03-26,13,2018Q1,1,2018Q1,201813,2018Q1,2,1,2015Q1-2017Q4,2018Q1,2018Q1,2018Q1,same_quarter_last_week_features_to_same_quarter_last_week_fsfp,3,2,2.0,0.0,0.0,1.0,17,17,17,400,2
002541,201813,2018-03-26,13,2018Q1,1,2018Q1,201813,2018Q1,2,1,2015Q1-2017Q4,2018Q1,2018Q1,2018Q1,same_quarter_last_week_features_to_same_quarter_last_week_fsfp,3,2,2.0,0.0,0.0,1.0,17,17,17,405,2
002546,201813,2018-03-26,13,2018Q1,1,2018Q1,201813,2018Q1,2,1,2015Q1-2017Q4,2018Q1,2018Q1,2018Q1,same_quarter_last_week_features_to_same_quarter_last_week_fsfp,3,0,0.0,0.0,0.0,1.0,17,17,17,407,0
002559,201813,2018-03-26,13,2018Q1,1,2018Q1,201813,2018Q1,2,1,2015Q1-2017Q4,2018Q1,2018Q1,2018Q1,same_quarter_last_week_features_to_same_quarter_last_week_fsfp,3,2,2.0,0.0,0.0,1.0,17,17,17,414,2
002567,201813,2018-03-26,13,2018Q1,1,2018Q1,201813,2018Q1,2,1,2015Q1-2017Q4,2018Q1,2018Q1,2018Q1,same_quarter_last_week_features_to_same_quarter_last_week_fsfp,3,1,1.0,0.0,0.0,1.0,17,17,17,420,1
002598,201813,2018-03-26,13,2018Q1,1,2018Q1,201813,2018Q1,2,1,2015Q1-2017Q4,2018Q1,2018Q1,2018Q1,same_quarter_last_week_features_to_same_quarter_last_week_fsfp,3,0,0.0,0.0,0.0,1.0,17,17,17,437,0
002602,201813,2018-03-26,13,2018Q1,1,2018Q1,201813,2018Q1,2,1,2015Q1-2017Q4,2018Q1,2018Q1,2018Q1,same_quarter_last_week_features_to_same_quarter_last_week_fsfp,3,0,0.0,0.0,0.0,1.0,17,17,17,440,2
002605,201813,2018-03-26,13,2018Q1,1,2018Q1,201813,2018Q1,2,1,2015Q1-2017Q4,2018Q1,2018Q1,2018Q1,same_quarter_last_week_features_to_same_quarter_last_week_fsfp,3,0,0.0,0.0,0.0,1.0,17,17,17,441,0
002625,201813,2018-03-26,13,2018Q1,1,2018Q1,201813,2018Q1,2,1,2015Q1-2017Q4,2018Q1,2018Q1,2018Q1,same_quarter_last_week_features_to_same_quarter_last_week_fsfp,3,1,1.0,0.0,0.0,1.0,17,17,17,447,1
002626,201813,2018-03-26,13,2018Q1,1,2018Q1,201813,2018Q1,2,1,2015Q1-2017Q4,2018Q1,2018Q1,2018Q1,same_quarter_last_week_features_to_same_quarter_last_week_fsfp,3,1,1.0,0.0,0.0,1.0,17,17,17,448,1
002646,201813,2018-03-26,13,2018Q1,1,2018Q1,201813,2018Q1,2,1,2015Q1-2017Q4,2018Q1,2018Q1,2018Q1,same_quarter_last_week_features_to_same_quarter_last_week_fsfp,3,0,0.0,0.0,0.0,1.0,17,17,17,458,0
002650,201810,2018-03-05,10,2018Q1,1,2018Q1,201810,2018Q1,2,1,2015Q1-2017Q4,2018Q1,2018Q1,2018Q1,same_quarter_last_week_features_to_same_quarter_last_week_fsfp,3,0,0.0,0.0,0.0,1.0,17,17,17,459,0
002651,201813,2018-03-26,13,2018Q1,1,2018Q1,201813,2018Q1,2,1,2015Q1-2017Q4,2018Q1,2018Q1,2018Q1,same_quarter_last_week_features_to_same_quarter_last_week_fsfp,3,0,0.0,0.0,0.0,1.0,17,17,17,460,2
002662,201805,2018-01-29,5,2018Q1,1,2018Q1,201805,2018Q1,2,1,2015Q1-2017Q4,2018Q1,2018Q1,2018Q1,same_quarter_last_week_features_to_same_quarter_last_week_fsfp,3,0,0.0,0.0,0.0,1.0,17,17,17,465,0
002676,201813,2018-03-26,13,2018Q1,1,2018Q1,201813,2018Q1,2,1,2015Q1-2017Q4,2018Q1,2018Q1,2018Q1,same_quarter_last_week_features_to_same_quarter_last_week_fsfp,3,0,0.0,0.0,0.0,1.0,17,17,17,472,2
002697,201813,2018-03-26,13,2018Q1,1,2018Q1,201813,2018Q1,2,1,2015Q1-2017Q4,2018Q1,2018Q1,2018Q1,same_quarter_last_week_features_to_same_quarter_last_week_fsfp,3,0,0.0,0.0,0.0,1.0,17,17,17,481,1
002701,201813,2018-03-26,13,2018Q1,1,2018Q1,201813,2018Q1,2,1,2015Q1-2017Q4,2018Q1,2018Q1,2018Q1,same_quarter_last_week_features_to_same_quarter_last_week_fsfp,3,1,1.0,0.0,0.0,1.0,17,17,17,483,2
002706,201813,2018-03-26,13,2018Q1,1,2018Q1,201813,2018Q1,2,1,2015Q1-2017Q4,2018Q1,2018Q1,2018Q1,same_quarter_last_week_features_to_same_quarter_last_week_fsfp,3,0,0.0,0.0,0.0,1.0,17,17,17,486,0
002716,201813,2018-03-26,13,2018Q1,1,2018Q1,201813,2018Q1,2,1,2015Q1-2017Q4,2018Q1,2018Q1,2018Q1,same_quarter_last_week_features_to_same_quarter_last_week_fsfp,3,0,0.0,0.0,0.0,1.0,17,17,17,490,0
002724,201813,2018-03-26,13,2018Q1,1,2018Q1,201813,2018Q1,2,1,2015Q1-2017Q4,2018Q1,2018Q1,2018Q1,same_quarter_last_week_features_to_same_quarter_last_week_fsfp,3,1,1.0,0.0,0.0,1.0,17,17,17,494,1
002726,201807,2018-02-12,7,2018Q1,1,2018Q1,201807,2018Q1,2,1,2015Q1-2017Q4,2018Q1,2018Q1,2018Q1,same_quarter_last_week_features_to_same_quarter_last_week_fsfp,3,0,0.0,0.0,0.0,1.0,17,17,17,496,0
002727,201813,2018-03-26,13,2018Q1,1,2018Q1,201813,2018Q1,2,1,2015Q1-2017Q4,2018Q1,2018Q1,2018Q1,same_quarter_last_week_features_to_same_quarter_last_week_fsfp,3,1,1.0,0.0,0.0,1.0,17,17,17,497,1
002737,201813,2018-03-26,13,2018Q1,1,2018Q1,201813,2018Q1,2,1,2015Q1-2017Q4,2018Q1,2018Q1,2018Q1,same_quarter_last_week_features_to_same_quarter_last_week_fsfp,3,1,1.0,0.0,0.0,1.0,17,17,17,504,1
002741,201813,2018-03-26,13,2018Q1,1,2018Q1,201813,2018Q1,2,1,2015Q1-2017Q4,2018Q1,2018Q1,2018Q1,same_quarter_last_week_features_to_same_quarter_last_week_fsfp,3,0,0.0,0.0,0.0,1.0,17,17,17,505,1
002745,201813,2018-03-26,13,2018Q1,1,2018Q1,201813,2018Q1,2,1,2015Q1-2017Q4,2018Q1,2018Q1,2018Q1,same_quarter_last_week_features_to_same_quarter_last_week_fsfp,3,1,1.0,0.0,0.0,1.0,17,17,17,507,1
002746,201813,2018-03-26,13,2018Q1,1,2018Q1,201813,2018Q1,2,1,2015Q1-2017Q4,2018Q1,2018Q1,2018Q1,same_quarter_last_week_features_to_same_quarter_last_week_fsfp,3,0,0.0,0.0,0.0,1.0,17,17,17,508,1
002753,201813,2018-03-26,13,2018Q1,1,2018Q1,201813,2018Q1,2,1,2015Q1-2017Q4,2018Q1,2018Q1,2018Q1,same_quarter_last_week_features_to_same_quarter_last_week_fsfp,3,1,1.0,0.0,0.0,1.0,17,17,17,513,1
002759,201813,2018-03-26,13,2018Q1,1,2018Q1,201813,2018Q1,2,1,2015Q1-2017Q4,2018Q1,2018Q1,2018Q1,same_quarter_last_week_features_to_same_quarter_last_week_fsfp,3,0,0.0,0.0,0.0,1.0,17,17,17,517,1
002763,201813,2018-03-26,13,2018Q1,1,2018Q1,201813,2018Q1,2,1,2015Q1-2017Q4,2018Q1,2018Q1,2018Q1,same_quarter_last_week_features_to_same_quarter_last_week_fsfp,3,0,0.0,0.0,0.0,1.0,17,17,17,520,0
002773,201813,2018-03-26,13,2018Q1,1,2018Q1,201813,2018Q1,2,1,2015Q1-2017Q4,2018Q1,2018Q1,2018Q1,same_quarter_last_week_features_to_same_quarter_last_week_fsfp,3,0,0.0,0.0,0.0,1.0,17,17,17,525,0
002778,201813,2018-03-26,13,2018Q1,1,2018Q1,201813,2018Q1,2,1,2015Q1-2017Q4,2018Q1,2018Q1,2018Q1,same_quarter_last_week_features_to_same_quarter_last_week_fsfp,3,0,0.0,0.0,0.0,1.0,17,17,17,527,0
002786,201813,2018-03-26,13,2018Q1,1,2018Q1,201813,2018Q1,2,1,2015Q1-2017Q4,2018Q1,2018Q1,2018Q1,same_quarter_last_week_features_to_same_quarter_last_week_fsfp,3,1,1.0,0.0,0.0,1.0,17,17,17,529,0
002789,201813,2018-03-26,13,2018Q1,1,2018Q1,201813,2018Q1,2,1,2015Q1-2017Q4,2018Q1,2018Q1,2018Q1,same_quarter_last_week_features_to_same_quarter_last_week_fsfp,3,0,0.0,0.0,0.0,1.0,17,17,17,532,0
002790,201813,2018-03-26,13,2018Q1,1,2018Q1,201813,2018Q1,2,1,2015Q1-2017Q4,2018Q1,2018Q1,2018Q1,same_quarter_last_week_features_to_same_quarter_last_week_fsfp,3,0,0.0,0.0,0.0,1.0,17,17,17,533,0
002791,201813,2018-03-26,13,2018Q1,1,2018Q1,201813,2018Q1,2,1,2015Q1-2017Q4,2018Q1,2018Q1,2018Q1,same_quarter_last_week_features_to_same_quarter_last_week_fsfp,3,2,2.0,0.0,0.0,1.0,17,17,17,534,2
002795,201813,2018-03-26,13,2018Q1,1,2018Q1,201813,2018Q1,2,1,2015Q1-2017Q4,2018Q1,2018Q1,2018Q1,same_quarter_last_week_features_to_same_quarter_last_week_fsfp,3,2,2.0,0.0,0.0,1.0,17,17,17,537,2
002797,201813,2018-03-26,13,2018Q1,1,2018Q1,201813,2018Q1,2,1,2015Q1-2017Q4,2018Q1,2018Q1,2018Q1,same_quarter_last_week_features_to_same_quarter_last_week_fsfp,3,1,1.0,0.0,0.0,1.0,17,17,17,539,1
002799,201809,2018-02-26,9,2018Q1,1,2018Q1,201809,2018Q1,2,1,2015Q1-2017Q4,2018Q1,2018Q1,2018Q1,same_quarter_last_week_features_to_same_quarter_last_week_fsfp,3,0,0.0,0.0,0.0,1.0,17,17,17,541,0
002805,201813,2018-03-26,13,2018Q1,1,2018Q1,201813,2018Q1,2,1,2015Q1-2017Q4,2018Q1,2018Q1,2018Q1,same_quarter_last_week_features_to_same_quarter_last_week_fsfp,3,2,2.0,0.0,0.0,1.0,17,17,17,546,2
002810,201813,2018-03-26,13,2018Q1,1,2018Q1,201813,2018Q1,2,1,2015Q1-2017Q4,2018Q1,2018Q1,2018Q1,same_quarter_last_week_features_to_same_quarter_last_week_fsfp,3,0,0.0,0.0,0.0,1.0,17,17,17,551,0
002813,201813,2018-03-26,13,2018Q1,1,2018Q1,201813,2018Q1,2,1,2015Q1-2017Q4,2018Q1,2018Q1,2018Q1,same_quarter_last_week_features_to_same_quarter_last_week_fsfp,3,1,1.0,0.0,0.0,1.0,17,17,17,554,1
002816,201813,2018-03-26,13,2018Q1,1,2018Q1,201813,2018Q1,2,1,2015Q1-2017Q4,2018Q1,2018Q1,2018Q1,same_quarter_last_week_features_to_same_quarter_last_week_fsfp,3,0,0.0,0.0,0.0,1.0,17,17,17,556,0
002818,201813,2018-03-26,13,2018Q1,1,2018Q1,201813,2018Q1,2,1,2015Q1-2017Q4,2018Q1,2018Q1,2018Q1,same_quarter_last_week_features_to_same_quarter_last_week_fsfp,3,0,0.0,0.0,0.0,1.0,17,17,17,558,0
002819,201813,2018-03-26,13,2018Q1,1,2018Q1,201813,2018Q1,2,1,2015Q1-2017Q4,2018Q1,2018Q1,2018Q1,same_quarter_last_week_features_to_same_quarter_last_week_fsfp,3,0,0.0,0.0,0.0,1.0,17,17,17,559,0
002821,201813,2018-03-26,13,2018Q1,1,2018Q1,201813,2018Q1,2,1,2015Q1-2017Q4,2018Q1,2018Q1,2018Q1,same_quarter_last_week_features_to_same_quarter_last_week_fsfp,3,0,0.0,0.0,0.0,1.0,17,17,17,561,0
002823,201813,2018-03-26,13,2018Q1,1,2018Q1,201813,2018Q1,2,1,2015Q1-2017Q4,2018Q1,2018Q1,2018Q1,same_quarter_last_week_features_to_same_quarter_last_week_fsfp,3,1,1.0,0.0,0.0,1.0,17,17,17,563,1
002824,201813,2018-03-26,13,2018Q1,1,2018Q1,201813,2018Q1,2,1,2015Q1-2017Q4,2018Q1,2018Q1,2018Q1,same_quarter_last_week_features_to_same_quarter_last_week_fsfp,3,2,2.0,0.0,0.0,1.0,17,17,17,564,2
002828,201813,2018-03-26,13,2018Q1,1,2018Q1,201813,2018Q1,2,1,2015Q1-2017Q4,2018Q1,2018Q1,2018Q1,same_quarter_last_week_features_to_same_quarter_last_week_fsfp,3,2,2.0,0.0,0.0,1.0,17,17,17,568,2
002831,201813,2018-03-26,13,2018Q1,1,2018Q1,201813,2018Q1,2,1,2015Q1-2017Q4,2018Q1,2018Q1,2018Q1,same_quarter_last_week_features_to_same_quarter_last_week_fsfp,3,0,0.0,0.0,0.0,1.0,17,17,17,571,0
002832,201813,2018-03-26,13,2018Q1,1,2018Q1,201813,2018Q1,2,1,2015Q1-2017Q4,2018Q1,2018Q1,2018Q1,same_quarter_last_week_features_to_same_quarter_last_week_fsfp,3,0,0.0,0.0,0.0,1.0,17,17,17,572,0
002839,201813,2018-03-26,13,2018Q1,1,2018Q1,201813,2018Q1,2,1,2015Q1-2017Q4,2018Q1,2018Q1,2018Q1,same_quarter_last_week_features_to_same_quarter_last_week_fsfp,3,2,2.0,0.0,0.0,1.0,17,17,17,577,2
002840,201813,2018-03-26,13,2018Q1,1,2018Q1,201813,2018Q1,2,1,2015Q1-2017Q4,2018Q1,2018Q1,2018Q1,same_quarter_last_week_features_to_same_quarter_last_week_fsfp,3,1,1.0,0.0,0.0,1.0,17,17,17,578,1
002843,201813,2018-03-26,13,2018Q1,1,2018Q1,201813,2018Q1,2,1,2015Q1-2017Q4,2018Q1,2018Q1,2018Q1,same_quarter_last_week_features_to_same_quarter_last_week_fsfp,3,1,1.0,0.0,0.0,1.0,17,17,17,581,1
002845,201813,2018-03-26,13,2018Q1,1,2018Q1,201813,2018Q1,2,1,2015Q1-2017Q4,2018Q1,2018Q1,2018Q1,same_quarter_last_week_features_to_same_quarter_last_week_fsfp,3,1,1.0,0.0,0.0,1.0,17,17,17,582,1
002847,201813,2018-03-26,13,2018Q1,1,2018Q1,201813,2018Q1,2,1,2015Q1-2017Q4,2018Q1,2018Q1,2018Q1,same_quarter_last_week_features_to_same_quarter_last_week_fsfp,3,0,0.0,0.0,0.0,1.0,17,17,17,584,1
002848,201813,2018-03-26,13,2018Q1,1,2018Q1,201813,2018Q1,2,1,2015Q1-2017Q4,2018Q1,2018Q1,2018Q1,same_quarter_last_week_features_to_same_quarter_last_week_fsfp,3,0,0.0,0.0,0.0,1.0,17,17,17,585,0
002849,201813,2018-03-26,13,2018Q1,1,2018Q1,201813,2018Q1,2,1,2015Q1-2017Q4,2018Q1,2018Q1,2018Q1,same_quarter_last_week_features_to_same_quarter_last_week_fsfp,3,1,1.0,0.0,0.0,1.0,17,17,17,586,1
002850,201813,2018-03-26,13,2018Q1,1,2018Q1,201813,2018Q1,2,1,2015Q1-2017Q4,2018Q1,2018Q1,2018Q1,same_quarter_last_week_features_to_same_quarter_last_week_fsfp,3,0,0.0,0.0,0.0,1.0,17,17,17,587,0
002855,201813,2018-03-26,13,2018Q1,1,2018Q1,201813,2018Q1,2,1,2015Q1-2017Q4,2018Q1,2018Q1,2018Q1,same_quarter_last_week_features_to_same_quarter_last_week_fsfp,3,0,0.0,0.0,0.0,1.0,17,17,17,590,0
002858,201813,2018-03-26,13,2018Q1,1,2018Q1,201813,2018Q1,2,1,2015Q1-2017Q4,2018Q1,2018Q1,2018Q1,same_quarter_last_week_features_to_same_quarter_last_week_fsfp,3,0,0.0,0.0,0.0,1.0,17,17,17,591,0
300001,201813,2018-03-26,13,2018Q1,1,2018Q1,201813,2018Q1,2,1,2015Q1-2017Q4,2018Q1,2018Q1,2018Q1,same_quarter_last_week_features_to_same_quarter_last_week_fsfp,3,0,0.0,0.0,0.0,1.0,17,17,17,594,0
300002,201813,2018-03-26,13,2018Q1,1,2018Q1,201813,2018Q1,2,1,2015Q1-2017Q4,2018Q1,2018Q1,2018Q1,same_quarter_last_week_features_to_same_quarter_last_week_fsfp,3,0,0.0,0.0,0.0,1.0,17,17,17,595,0
300003,201813,2018-03-26,13,2018Q1,1,2018Q1,201813,2018Q1,2,1,2015Q1-2017Q4,2018Q1,2018Q1,2018Q1,same_quarter_last_week_features_to_same_quarter_last_week_fsfp,3,0,0.0,0.0,0.0,1.0,17,17,17,596,0
300004,201805,2018-01-29,5,2018Q1,1,2018Q1,201805,2018Q1,2,1,2015Q1-2017Q4,2018Q1,2018Q1,2018Q1,same_quarter_last_week_features_to_same_quarter_last_week_fsfp,3,0,0.0,0.0,0.0,1.0,17,17,17,597,0
300005,201813,2018-03-26,13,2018Q1,1,2018Q1,201813,2018Q1,2,1,2015Q1-2017Q4,2018Q1,2018Q1,2018Q1,same_quarter_last_week_features_to_same_quarter_last_week_fsfp,3,1,1.0,0.0,0.0,1.0,17,17,17,598,1
300007,201813,2018-03-26,13,2018Q1,1,2018Q1,201813,2018Q1,2,1,2015Q1-2017Q4,2018Q1,2018Q1,2018Q1,same_quarter_last_week_features_to_same_quarter_last_week_fsfp,3,0,0.0,0.0,0.0,1.0,17,17,17,600,0
300008,201813,2018-03-26,13,2018Q1,1,2018Q1,201813,2018Q1,2,1,2015Q1-2017Q4,2018Q1,2018Q1,2018Q1,same_quarter_last_week_features_to_same_quarter_last_week_fsfp,3,2,2.0,0.0,0.0,1.0,17,17,17,601,2
300011,201813,2018-03-26,13,2018Q1,1,2018Q1,201813,2018Q1,2,1,2015Q1-2017Q4,2018Q1,2018Q1,2018Q1,same_quarter_last_week_features_to_same_quarter_last_week_fsfp,3,0,0.0,0.0,0.0,1.0,17,17,17,604,0
300012,201813,2018-03-26,13,2018Q1,1,2018Q1,201813,2018Q1,2,1,2015Q1-2017Q4,2018Q1,2018Q1,2018Q1,same_quarter_last_week_features_to_same_quarter_last_week_fsfp,3,0,0.0,0.0,0.0,1.0,17,17,17,605,0
300013,201813,2018-03-26,13,2018Q1,1,2018Q1,201813,2018Q1,2,1,2015Q1-2017Q4,2018Q1,2018Q1,2018Q1,same_quarter_last_week_features_to_same_quarter_last_week_fsfp,3,1,1.0,0.0,0.0,1.0,17,17,17,606,1
300014,201813,2018-03-26,13,2018Q1,1,2018Q1,201813,2018Q1,2,1,2015Q1-2017Q4,2018Q1,2018Q1,2018Q1,same_quarter_last_week_features_to_same_quarter_last_week_fsfp,3,0,0.0,0.0,0.0,1.0,17,17,17,607,0
300015,201813,2018-03-26,13,2018Q1,1,2018Q1,201813,2018Q1,2,1,2015Q1-2017Q4,2018Q1,2018Q1,2018Q1,same_quarter_last_week_features_to_same_quarter_last_week_fsfp,3,0,0.0,0.0,0.0,1.0,17,17,17,608,0
300016,201812,2018-03-19,12,2018Q1,1,2018Q1,201812,2018Q1,2,1,2015Q1-2017Q4,2018Q1,2018Q1,2018Q1,same_quarter_last_week_features_to_same_quarter_last_week_fsfp,3,1,1.0,0.0,0.0,1.0,17,17,17,609,1
300018,201813,2018-03-26,13,2018Q1,1,2018Q1,201813,2018Q1,2,1,2015Q1-2017Q4,2018Q1,2018Q1,2018Q1,same_quarter_last_week_features_to_same_quarter_last_week_fsfp,3,2,2.0,0.0,0.0,1.0,17,17,17,611,2
300019,201813,2018-03-26,13,2018Q1,1,2018Q1,201813,2018Q1,2,1,2015Q1-2017Q4,2018Q1,2018Q1,2018Q1,same_quarter_last_week_features_to_same_quarter_last_week_fsfp,3,2,2.0,0.0,0.0,1.0,17,17,17,612,2
300021,201813,2018-03-26,13,2018Q1,1,2018Q1,201813,2018Q1,2,1,2015Q1-2017Q4,2018Q1,2018Q1,2018Q1,same_quarter_last_week_features_to_same_quarter_last_week_fsfp,3,1,1.0,0.0,0.0,1.0,17,17,17,614,1
300022,201813,2018-03-26,13,2018Q1,1,2018Q1,201813,2018Q1,2,1,2015Q1-2017Q4,2018Q1,2018Q1,2018Q1,same_quarter_last_week_features_to_same_quarter_last_week_fsfp,3,0,0.0,0.0,0.0,1.0,17,17,17,615,0
300024,201813,2018-03-26,13,2018Q1,1,2018Q1,201813,2018Q1,2,1,2015Q1-2017Q4,2018Q1,2018Q1,2018Q1,same_quarter_last_week_features_to_same_quarter_last_week_fsfp,3,0,0.0,0.0,0.0,1.0,17,17,17,616,0
300026,201813,2018-03-26,13,2018Q1,1,2018Q1,201813,2018Q1,2,1,2015Q1-2017Q4,2018Q1,2018Q1,2018Q1,same_quarter_last_week_features_to_same_quarter_last_week_fsfp,3,1,1.0,0.0,0.0,1.0,17,17,17,618,1
300030,201813,2018-03-26,13,2018Q1,1,2018Q1,201813,2018Q1,2,1,2015Q1-2017Q4,2018Q1,2018Q1,2018Q1,same_quarter_last_week_features_to_same_quarter_last_week_fsfp,3,1,1.0,0.0,0.0,1.0,17,17,17,621,1
300035,201813,2018-03-26,13,2018Q1,1,2018Q1,201813,2018Q1,2,1,2015Q1-2017Q4,2018Q1,2018Q1,2018Q1,same_quarter_last_week_features_to_same_quarter_last_week_fsfp,3,1,1.0,0.0,0.0,1.0,17,17,17,625,1
300037,201813,2018-03-26,13,2018Q1,1,2018Q1,201813,2018Q1,2,1,2015Q1-2017Q4,2018Q1,2018Q1,2018Q1,same_quarter_last_week_features_to_same_quarter_last_week_fsfp,3,0,0.0,0.0,0.0,1.0,17,17,17,627,0
300039,201813,2018-03-26,13,2018Q1,1,2018Q1,201813,2018Q1,2,1,2015Q1-2017Q4,2018Q1,2018Q1,2018Q1,same_quarter_last_week_features_to_same_quarter_last_week_fsfp,3,1,1.0,0.0,0.0,1.0,17,17,17,628,0
300040,201813,2018-03-26,13,2018Q1,1,2018Q1,201813,2018Q1,2,1,2015Q1-2017Q4,2018Q1,2018Q1,2018Q1,same_quarter_last_week_features_to_same_quarter_last_week_fsfp,3,0,0.0,0.0,0.0,1.0,17,17,17,629,0
300043,201813,2018-03-26,13,2018Q1,1,2018Q1,201813,2018Q1,2,1,2015Q1-2017Q4,2018Q1,2018Q1,2018Q1,same_quarter_last_week_features_to_same_quarter_last_week_fsfp,3,0,0.0,0.0,0.0,1.0,17,17,17,632,1
300044,201813,2018-03-26,13,2018Q1,1,2018Q1,201813,2018Q1,2,1,2015Q1-2017Q4,2018Q1,2018Q1,2018Q1,same_quarter_last_week_features_to_same_quarter_last_week_fsfp,3,2,2.0,0.0,0.0,1.0,17,17,17,633,2
300045,201813,2018-03-26,13,2018Q1,1,2018Q1,201813,2018Q1,2,1,2015Q1-2017Q4,2018Q1,2018Q1,2018Q1,same_quarter_last_week_features_to_same_quarter_last_week_fsfp,3,0,0.0,0.0,0.0,1.0,17,17,17,634,0
300046,201813,2018-03-26,13,2018Q1,1,2018Q1,201813,2018Q1,2,1,2015Q1-2017Q4,2018Q1,2018Q1,2018Q1,same_quarter_last_week_features_to_same_quarter_last_week_fsfp,3,1,1.0,0.0,0.0,1.0,17,17,17,635,1
300047,201813,2018-03-26,13,2018Q1,1,2018Q1,201813,2018Q1,2,1,2015Q1-2017Q4,2018Q1,2018Q1,2018Q1,same_quarter_last_week_features_to_same_quarter_last_week_fsfp,3,1,1.0,0.0,0.0,1.0,17,17,17,636,1
300050,201813,2018-03-26,13,2018Q1,1,2018Q1,201813,2018Q1,2,1,2015Q1-2017Q4,2018Q1,2018Q1,2018Q1,same_quarter_last_week_features_to_same_quarter_last_week_fsfp,3,0,0.0,0.0,0.0,1.0,17,17,17,638,0
300051,201813,2018-03-26,13,2018Q1,1,2018Q1,201813,2018Q1,2,1,2015Q1-2017Q4,2018Q1,2018Q1,2018Q1,same_quarter_last_week_features_to_same_quarter_last_week_fsfp,3,0,0.0,0.0,0.0,1.0,17,17,17,639,0
300052,201813,2018-03-26,13,2018Q1,1,2018Q1,201813,2018Q1,2,1,2015Q1-2017Q4,2018Q1,2018Q1,2018Q1,same_quarter_last_week_features_to_same_quarter_last_week_fsfp,3,0,0.0,0.0,0.0,1.0,17,17,17,640,0
300054,201813,2018-03-26,13,2018Q1,1,2018Q1,201813,2018Q1,2,1,2015Q1-2017Q4,2018Q1,2018Q1,2018Q1,same_quarter_last_week_features_to_same_quarter_last_week_fsfp,3,0,0.0,0.0,0.0,1.0,17,17,17,642,0
300055,201813,2018-03-26,13,2018Q1,1,2018Q1,201813,2018Q1,2,1,2015Q1-2017Q4,2018Q1,2018Q1,2018Q1,same_quarter_last_week_features_to_same_quarter_last_week_fsfp,3,1,1.0,0.0,0.0,1.0,17,17,17,643,1
300056,201809,2018-02-26,9,2018Q1,1,2018Q1,201809,2018Q1,2,1,2015Q1-2017Q4,2018Q1,2018Q1,2018Q1,same_quarter_last_week_features_to_same_quarter_last_week_fsfp,3,0,0.0,0.0,0.0,1.0,17,17,17,644,0
300057,201813,2018-03-26,13,2018Q1,1,2018Q1,201813,2018Q1,2,1,2015Q1-2017Q4,2018Q1,2018Q1,2018Q1,same_quarter_last_week_features_to_same_quarter_last_week_fsfp,3,0,0.0,0.0,0.0,1.0,17,17,17,645,0
300058,201813,2018-03-26,13,2018Q1,1,2018Q1,201813,2018Q1,2,1,2015Q1-2017Q4,2018Q1,2018Q1,2018Q1,same_quarter_last_week_features_to_same_quarter_last_week_fsfp,3,0,0.0,0.0,0.0,1.0,17,17,17,646,0
300061,201813,2018-03-26,13,2018Q1,1,2018Q1,201813,2018Q1,2,1,2015Q1-2017Q4,2018Q1,2018Q1,2018Q1,same_quarter_last_week_features_to_same_quarter_last_week_fsfp,3,0,0.0,0.0,0.0,1.0,17,17,17,648,0
300063,201813,2018-03-26,13,2018Q1,1,2018Q1,201813,2018Q1,2,1,2015Q1-2017Q4,2018Q1,2018Q1,2018Q1,same_quarter_last_week_features_to_same_quarter_last_week_fsfp,3,0,0.0,0.0,0.0,1.0,17,17,17,650,0
300065,201813,2018-03-26,13,2018Q1,1,2018Q1,201813,2018Q1,2,1,2015Q1-2017Q4,2018Q1,2018Q1,2018Q1,same_quarter_last_week_features_to_same_quarter_last_week_fsfp,3,2,2.0,0.0,0.0,1.0,17,17,17,651,2
300067,201809,2018-02-26,9,2018Q1,1,2018Q1,201809,2018Q1,2,1,2015Q1-2017Q4,2018Q1,2018Q1,2018Q1,same_quarter_last_week_features_to_same_quarter_last_week_fsfp,3,1,1.0,0.0,0.0,1.0,17,17,17,653,1
300069,201813,2018-03-26,13,2018Q1,1,2018Q1,201813,2018Q1,2,1,2015Q1-2017Q4,2018Q1,2018Q1,2018Q1,same_quarter_last_week_features_to_same_quarter_last_week_fsfp,3,0,0.0,0.0,0.0,1.0,17,17,17,655,0
300070,201813,2018-03-26,13,2018Q1,1,2018Q1,201813,2018Q1,2,1,2015Q1-2017Q4,2018Q1,2018Q1,2018Q1,same_quarter_last_week_features_to_same_quarter_last_week_fsfp,3,0,0.0,0.0,0.0,1.0,17,17,17,656,0
300072,201813,2018-03-26,13,2018Q1,1,2018Q1,201813,2018Q1,2,1,2015Q1-2017Q4,2018Q1,2018Q1,2018Q1,same_quarter_last_week_features_to_same_quarter_last_week_fsfp,3,0,0.0,0.0,0.0,1.0,17,17,17,657,0
300073,201813,2018-03-26,13,2018Q1,1,2018Q1,201813,2018Q1,2,1,2015Q1-2017Q4,2018Q1,2018Q1,2018Q1,same_quarter_last_week_features_to_same_quarter_last_week_fsfp,3,0,0.0,0.0,0.0,1.0,17,17,17,658,0
300074,201813,2018-03-26,13,2018Q1,1,2018Q1,201813,2018Q1,2,1,2015Q1-2017Q4,2018Q1,2018Q1,2018Q1,same_quarter_last_week_features_to_same_quarter_last_week_fsfp,3,2,2.0,0.0,0.0,1.0,17,17,17,659,2
300076,201813,2018-03-26,13,2018Q1,1,2018Q1,201813,2018Q1,2,1,2015Q1-2017Q4,2018Q1,2018Q1,2018Q1,same_quarter_last_week_features_to_same_quarter_last_week_fsfp,3,2,2.0,0.0,0.0,1.0,17,17,17,661,2
300078,201813,2018-03-26,13,2018Q1,1,2018Q1,201813,2018Q1,2,1,2015Q1-2017Q4,2018Q1,2018Q1,2018Q1,same_quarter_last_week_features_to_same_quarter_last_week_fsfp,3,1,1.0,0.0,0.0,1.0,17,17,17,663,1
300079,201813,2018-03-26,13,2018Q1,1,2018Q1,201813,2018Q1,2,1,2015Q1-2017Q4,2018Q1,2018Q1,2018Q1,same_quarter_last_week_features_to_same_quarter_last_week_fsfp,3,2,2.0,0.0,0.0,1.0,17,17,17,664,2
300080,201813,2018-03-26,13,2018Q1,1,2018Q1,201813,2018Q1,2,1,2015Q1-2017Q4,2018Q1,2018Q1,2018Q1,same_quarter_last_week_features_to_same_quarter_last_week_fsfp,3,2,2.0,0.0,0.0,1.0,17,17,17,665,2
300081,201813,2018-03-26,13,2018Q1,1,2018Q1,201813,2018Q1,2,1,2015Q1-2017Q4,2018Q1,2018Q1,2018Q1,same_quarter_last_week_features_to_same_quarter_last_week_fsfp,3,2,2.0,0.0,0.0,1.0,17,17,17,666,2
300082,201813,2018-03-26,13,2018Q1,1,2018Q1,201813,2018Q1,2,1,2015Q1-2017Q4,2018Q1,2018Q1,2018Q1,same_quarter_last_week_features_to_same_quarter_last_week_fsfp,3,1,1.0,0.0,0.0,1.0,17,17,17,667,1
300083,201813,2018-03-26,13,2018Q1,1,2018Q1,201813,2018Q1,2,1,2015Q1-2017Q4,2018Q1,2018Q1,2018Q1,same_quarter_last_week_features_to_same_quarter_last_week_fsfp,3,1,1.0,0.0,0.0,1.0,17,17,17,668,1
300088,201813,2018-03-26,13,2018Q1,1,2018Q1,201813,2018Q1,2,1,2015Q1-2017Q4,2018Q1,2018Q1,2018Q1,same_quarter_last_week_features_to_same_quarter_last_week_fsfp,3,1,1.0,0.0,0.0,1.0,17,17,17,672,1
300091,201813,2018-03-26,13,2018Q1,1,2018Q1,201813,2018Q1,2,1,2015Q1-2017Q4,2018Q1,2018Q1,2018Q1,same_quarter_last_week_features_to_same_quarter_last_week_fsfp,3,0,0.0,0.0,0.0,1.0,17,17,17,673,0
300092,201813,2018-03-26,13,2018Q1,1,2018Q1,201813,2018Q1,2,1,2015Q1-2017Q4,2018Q1,2018Q1,2018Q1,same_quarter_last_week_features_to_same_quarter_last_week_fsfp,3,1,1.0,0.0,0.0,1.0,17,17,17,674,1
300094,201813,2018-03-26,13,2018Q1,1,2018Q1,201813,2018Q1,2,1,2015Q1-2017Q4,2018Q1,2018Q1,2018Q1,same_quarter_last_week_features_to_same_quarter_last_week_fsfp,3,2,2.0,0.0,0.0,1.0,17,17,17,676,2
300096,201813,2018-03-26,13,2018Q1,1,2018Q1,201813,2018Q1,2,1,2015Q1-2017Q4,2018Q1,2018Q1,2018Q1,same_quarter_last_week_features_to_same_quarter_last_week_fsfp,3,0,0.0,0.0,0.0,1.0,17,17,17,678,0
300097,201813,2018-03-26,13,2018Q1,1,2018Q1,201813,2018Q1,2,1,2015Q1-2017Q4,2018Q1,2018Q1,2018Q1,same_quarter_last_week_features_to_same_quarter_last_week_fsfp,3,0,0.0,0.0,0.0,1.0,17,17,17,679,0
300098,201813,2018-03-26,13,2018Q1,1,2018Q1,201813,2018Q1,2,1,2015Q1-2017Q4,2018Q1,2018Q1,2018Q1,same_quarter_last_week_features_to_same_quarter_last_week_fsfp,3,1,1.0,0.0,0.0,1.0,17,17,17,680,1
300099,201813,2018-03-26,13,2018Q1,1,2018Q1,201813,2018Q1,2,1,2015Q1-2017Q4,2018Q1,2018Q1,2018Q1,same_quarter_last_week_features_to_same_quarter_last_week_fsfp,3,0,0.0,0.0,0.0,1.0,17,17,17,681,0
300102,201813,2018-03-26,13,2018Q1,1,2018Q1,201813,2018Q1,2,1,2015Q1-2017Q4,2018Q1,2018Q1,2018Q1,same_quarter_last_week_features_to_same_quarter_last_week_fsfp,3,1,1.0,0.0,0.0,1.0,17,17,17,684,1
300103,201805,2018-01-29,5,2018Q1,1,2018Q1,201805,2018Q1,2,1,2015Q1-2017Q4,2018Q1,2018Q1,2018Q1,same_quarter_last_week_features_to_same_quarter_last_week_fsfp,3,0,0.0,0.0,0.0,1.0,17,17,17,685,0
300111,201813,2018-03-26,13,2018Q1,1,2018Q1,201813,2018Q1,2,1,2015Q1-2017Q4,2018Q1,2018Q1,2018Q1,same_quarter_last_week_features_to_same_quarter_last_week_fsfp,3,1,1.0,0.0,0.0,1.0,17,17,17,691,1
300112,201813,2018-03-26,13,2018Q1,1,2018Q1,201813,2018Q1,2,1,2015Q1-2017Q4,2018Q1,2018Q1,2018Q1,same_quarter_last_week_features_to_same_quarter_last_week_fsfp,3,0,0.0,0.0,0.0,1.0,17,17,17,692,1
300115,201813,2018-03-26,13,2018Q1,1,2018Q1,201813,2018Q1,2,1,2015Q1-2017Q4,2018Q1,2018Q1,2018Q1,same_quarter_last_week_features_to_same_quarter_last_week_fsfp,3,0,0.0,0.0,0.0,1.0,17,17,17,694,0
300119,201813,2018-03-26,13,2018Q1,1,2018Q1,201813,2018Q1,2,1,2015Q1-2017Q4,2018Q1,2018Q1,2018Q1,same_quarter_last_week_features_to_same_quarter_last_week_fsfp,3,0,0.0,0.0,0.0,1.0,17,17,17,696,0
300120,201813,2018-03-26,13,2018Q1,1,2018Q1,201813,2018Q1,2,1,2015Q1-2017Q4,2018Q1,2018Q1,2018Q1,same_quarter_last_week_features_to_same_quarter_last_week_fsfp,3,0,0.0,0.0,0.0,1.0,17,17,17,697,0
300123,201813,2018-03-26,13,2018Q1,1,2018Q1,201813,2018Q1,2,1,2015Q1-2017Q4,2018Q1,2018Q1,2018Q1,same_quarter_last_week_features_to_same_quarter_last_week_fsfp,3,0,0.0,0.0,0.0,1.0,17,17,17,700,0
300124,201813,2018-03-26,13,2018Q1,1,2018Q1,201813,2018Q1,2,1,2015Q1-2017Q4,2018Q1,2018Q1,2018Q1,same_quarter_last_week_features_to_same_quarter_last_week_fsfp,3,0,0.0,0.0,0.0,1.0,17,17,17,701,0
300125,201813,2018-03-26,13,2018Q1,1,2018Q1,201813,2018Q1,2,1,2015Q1-2017Q4,2018Q1,2018Q1,2018Q1,same_quarter_last_week_features_to_same_quarter_last_week_fsfp,3,0,0.0,0.0,0.0,1.0,17,17,17,702,0
300129,201813,2018-03-26,13,2018Q1,1,2018Q1,201813,2018Q1,2,1,2015Q1-2017Q4,2018Q1,2018Q1,2018Q1,same_quarter_last_week_features_to_same_quarter_last_week_fsfp,3,0,0.0,0.0,0.0,1.0,17,17,17,706,0
300130,201813,2018-03-26,13,2018Q1,1,2018Q1,201813,2018Q1,2,1,2015Q1-2017Q4,2018Q1,2018Q1,2018Q1,same_quarter_last_week_features_to_same_quarter_last_week_fsfp,3,2,2.0,0.0,0.0,1.0,17,17,17,707,2
300137,201813,2018-03-26,13,2018Q1,1,2018Q1,201813,2018Q1,2,1,2015Q1-2017Q4,2018Q1,2018Q1,2018Q1,same_quarter_last_week_features_to_same_quarter_last_week_fsfp,3,2,2.0,0.0,0.0,1.0,17,17,17,714,2
300139,201813,2018-03-26,13,2018Q1,1,2018Q1,201813,2018Q1,2,1,2015Q1-2017Q4,2018Q1,2018Q1,2018Q1,same_quarter_last_week_features_to_same_quarter_last_week_fsfp,3,2,2.0,0.0,0.0,1.0,17,17,17,716,2
300140,201813,2018-03-26,13,2018Q1,1,2018Q1,201813,2018Q1,2,1,2015Q1-2017Q4,2018Q1,2018Q1,2018Q1,same_quarter_last_week_features_to_same_quarter_last_week_fsfp,3,0,0.0,0.0,0.0,1.0,17,17,17,717,0
300143,201813,2018-03-26,13,2018Q1,1,2018Q1,201813,2018Q1,2,1,2015Q1-2017Q4,2018Q1,2018Q1,2018Q1,same_quarter_last_week_features_to_same_quarter_last_week_fsfp,3,0,0.0,0.0,0.0,1.0,17,17,17,720,0
300145,201813,2018-03-26,13,2018Q1,1,2018Q1,201813,2018Q1,2,1,2015Q1-2017Q4,2018Q1,2018Q1,2018Q1,same_quarter_last_week_features_to_same_quarter_last_week_fsfp,3,0,0.0,0.0,0.0,1.0,17,17,17,722,0
300146,201805,2018-01-29,5,2018Q1,1,2018Q1,201805,2018Q1,2,1,2015Q1-2017Q4,2018Q1,2018Q1,2018Q1,same_quarter_last_week_features_to_same_quarter_last_week_fsfp,3,0,0.0,0.0,0.0,1.0,17,17,17,723,0
300149,201813,2018-03-26,13,2018Q1,1,2018Q1,201813,2018Q1,2,1,2015Q1-2017Q4,2018Q1,2018Q1,2018Q1,same_quarter_last_week_features_to_same_quarter_last_week_fsfp,3,0,0.0,0.0,0.0,1.0,17,17,17,726,0
300153,201813,2018-03-26,13,2018Q1,1,2018Q1,201813,2018Q1,2,1,2015Q1-2017Q4,2018Q1,2018Q1,2018Q1,same_quarter_last_week_features_to_same_quarter_last_week_fsfp,3,1,1.0,0.0,0.0,1.0,17,17,17,730,1
300155,201813,2018-03-26,13,2018Q1,1,2018Q1,201813,2018Q1,2,1,2015Q1-2017Q4,2018Q1,2018Q1,2018Q1,same_quarter_last_week_features_to_same_quarter_last_week_fsfp,3,2,2.0,0.0,0.0,1.0,17,17,17,732,2
300157,201813,2018-03-26,13,2018Q1,1,2018Q1,201813,2018Q1,2,1,2015Q1-2017Q4,2018Q1,2018Q1,2018Q1,same_quarter_last_week_features_to_same_quarter_last_week_fsfp,3,0,0.0,0.0,0.0,1.0,17,17,17,733,0
300159,201813,2018-03-26,13,2018Q1,1,2018Q1,201813,2018Q1,2,1,2015Q1-2017Q4,2018Q1,2018Q1,2018Q1,same_quarter_last_week_features_to_same_quarter_last_week_fsfp,3,0,0.0,0.0,0.0,1.0,17,17,17,735,0
300160,201813,2018-03-26,13,2018Q1,1,2018Q1,201813,2018Q1,2,1,2015Q1-2017Q4,2018Q1,2018Q1,2018Q1,same_quarter_last_week_features_to_same_quarter_last_week_fsfp,3,0,0.0,0.0,0.0,1.0,17,17,17,736,2
300161,201813,2018-03-26,13,2018Q1,1,2018Q1,201813,2018Q1,2,1,2015Q1-2017Q4,2018Q1,2018Q1,2018Q1,same_quarter_last_week_features_to_same_quarter_last_week_fsfp,3,0,0.0,0.0,0.0,1.0,17,17,17,737,0
300165,201813,2018-03-26,13,2018Q1,1,2018Q1,201813,2018Q1,2,1,2015Q1-2017Q4,2018Q1,2018Q1,2018Q1,same_quarter_last_week_features_to_same_quarter_last_week_fsfp,3,2,2.0,0.0,0.0,1.0,17,17,17,741,2
300167,201813,2018-03-26,13,2018Q1,1,2018Q1,201813,2018Q1,2,1,2015Q1-2017Q4,2018Q1,2018Q1,2018Q1,same_quarter_last_week_features_to_same_quarter_last_week_fsfp,3,0,0.0,0.0,0.0,1.0,17,17,17,743,0
300168,201813,2018-03-26,13,2018Q1,1,2018Q1,201813,2018Q1,2,1,2015Q1-2017Q4,2018Q1,2018Q1,2018Q1,same_quarter_last_week_features_to_same_quarter_last_week_fsfp,3,1,1.0,0.0,0.0,1.0,17,17,17,744,1
300170,201813,2018-03-26,13,2018Q1,1,2018Q1,201813,2018Q1,2,1,2015Q1-2017Q4,2018Q1,2018Q1,2018Q1,same_quarter_last_week_features_to_same_quarter_last_week_fsfp,3,1,1.0,0.0,0.0,1.0,17,17,17,746,1
300176,201813,2018-03-26,13,2018Q1,1,2018Q1,201813,2018Q1,2,1,2015Q1-2017Q4,2018Q1,2018Q1,2018Q1,same_quarter_last_week_features_to_same_quarter_last_week_fsfp,3,0,0.0,0.0,0.0,1.0,17,17,17,751,0
300183,201813,2018-03-26,13,2018Q1,1,2018Q1,201813,2018Q1,2,1,2015Q1-2017Q4,2018Q1,2018Q1,2018Q1,same_quarter_last_week_features_to_same_quarter_last_week_fsfp,3,1,1.0,0.0,0.0,1.0,17,17,17,757,1
300187,201813,2018-03-26,13,2018Q1,1,2018Q1,201813,2018Q1,2,1,2015Q1-2017Q4,2018Q1,2018Q1,2018Q1,same_quarter_last_week_features_to_same_quarter_last_week_fsfp,3,0,0.0,0.0,0.0,1.0,17,17,17,760,1
300188,201813,2018-03-26,13,2018Q1,1,2018Q1,201813,2018Q1,2,1,2015Q1-2017Q4,2018Q1,2018Q1,2018Q1,same_quarter_last_week_features_to_same_quarter_last_week_fsfp,3,0,0.0,0.0,0.0,1.0,17,17,17,761,0
300189,201813,2018-03-26,13,2018Q1,1,2018Q1,201813,2018Q1,2,1,2015Q1-2017Q4,2018Q1,2018Q1,2018Q1,same_quarter_last_week_features_to_same_quarter_last_week_fsfp,3,0,0.0,0.0,0.0,1.0,17,17,17,762,0
300190,201813,2018-03-26,13,2018Q1,1,2018Q1,201813,2018Q1,2,1,2015Q1-2017Q4,2018Q1,2018Q1,2018Q1,same_quarter_last_week_features_to_same_quarter_last_week_fsfp,3,0,0.0,0.0,0.0,1.0,17,17,17,763,0
300195,201813,2018-03-26,13,2018Q1,1,2018Q1,201813,2018Q1,2,1,2015Q1-2017Q4,2018Q1,2018Q1,2018Q1,same_quarter_last_week_features_to_same_quarter_last_week_fsfp,3,0,0.0,0.0,0.0,1.0,17,17,17,768,0
300196,201813,2018-03-26,13,2018Q1,1,2018Q1,201813,2018Q1,2,1,2015Q1-2017Q4,2018Q1,2018Q1,2018Q1,same_quarter_last_week_features_to_same_quarter_last_week_fsfp,3,1,1.0,0.0,0.0,1.0,17,17,17,769,2
300197,201813,2018-03-26,13,2018Q1,1,2018Q1,201813,2018Q1,2,1,2015Q1-2017Q4,2018Q1,2018Q1,2018Q1,same_quarter_last_week_features_to_same_quarter_last_week_fsfp,3,0,0.0,0.0,0.0,1.0,17,17,17,770,0
300198,201805,2018-01-29,5,2018Q1,1,2018Q1,201805,2018Q1,2,1,2015Q1-2017Q4,2018Q1,2018Q1,2018Q1,same_quarter_last_week_features_to_same_quarter_last_week_fsfp,3,0,0.0,0.0,0.0,1.0,17,17,17,771,0
300200,201813,2018-03-26,13,2018Q1,1,2018Q1,201813,2018Q1,2,1,2015Q1-2017Q4,2018Q1,2018Q1,2018Q1,same_quarter_last_week_features_to_same_quarter_last_week_fsfp,3,1,1.0,0.0,0.0,1.0,17,17,17,773,1
300201,201813,2018-03-26,13,2018Q1,1,2018Q1,201813,2018Q1,2,1,2015Q1-2017Q4,2018Q1,2018Q1,2018Q1,same_quarter_last_week_features_to_same_quarter_last_week_fsfp,3,1,1.0,0.0,0.0,1.0,17,17,17,774,1
300206,201813,2018-03-26,13,2018Q1,1,2018Q1,201813,2018Q1,2,1,2015Q1-2017Q4,2018Q1,2018Q1,2018Q1,same_quarter_last_week_features_to_same_quarter_last_week_fsfp,3,0,0.0,0.0,0.0,1.0,17,17,17,778,1
300207,201813,2018-03-26,13,2018Q1,1,2018Q1,201813,2018Q1,2,1,2015Q1-2017Q4,2018Q1,2018Q1,2018Q1,same_quarter_last_week_features_to_same_quarter_last_week_fsfp,3,0,0.0,0.0,0.0,1.0,17,17,17,779,0
300208,201813,2018-03-26,13,2018Q1,1,2018Q1,201813,2018Q1,2,1,2015Q1-2017Q4,2018Q1,2018Q1,2018Q1,same_quarter_last_week_features_to_same_quarter_last_week_fsfp,3,0,0.0,0.0,0.0,1.0,17,17,17,780,0
300210,201813,2018-03-26,13,2018Q1,1,2018Q1,201813,2018Q1,2,1,2015Q1-2017Q4,2018Q1,2018Q1,2018Q1,same_quarter_last_week_features_to_same_quarter_last_week_fsfp,3,0,0.0,0.0,0.0,1.0,17,17,17,782,0
300211,201813,2018-03-26,13,2018Q1,1,2018Q1,201813,2018Q1,2,1,2015Q1-2017Q4,2018Q1,2018Q1,2018Q1,same_quarter_last_week_features_to_same_quarter_last_week_fsfp,3,0,0.0,0.0,0.0,1.0,17,17,17,783,0
300212,201813,2018-03-26,13,2018Q1,1,2018Q1,201813,2018Q1,2,1,2015Q1-2017Q4,2018Q1,2018Q1,2018Q1,same_quarter_last_week_features_to_same_quarter_last_week_fsfp,3,0,0.0,0.0,0.0,1.0,17,17,17,784,0
300213,201813,2018-03-26,13,2018Q1,1,2018Q1,201813,2018Q1,2,1,2015Q1-2017Q4,2018Q1,2018Q1,2018Q1,same_quarter_last_week_features_to_same_quarter_last_week_fsfp,3,1,1.0,0.0,0.0,1.0,17,17,17,785,1
300217,201813,2018-03-26,13,2018Q1,1,2018Q1,201813,2018Q1,2,1,2015Q1-2017Q4,2018Q1,2018Q1,2018Q1,same_quarter_last_week_features_to_same_quarter_last_week_fsfp,3,0,0.0,0.0,0.0,1.0,17,17,17,788,0
300220,201813,2018-03-26,13,2018Q1,1,2018Q1,201813,2018Q1,2,1,2015Q1-2017Q4,2018Q1,2018Q1,2018Q1,same_quarter_last_week_features_to_same_quarter_last_week_fsfp,3,0,0.0,0.0,0.0,1.0,17,17,17,791,0
300222,201813,2018-03-26,13,2018Q1,1,2018Q1,201813,2018Q1,2,1,2015Q1-2017Q4,2018Q1,2018Q1,2018Q1,same_quarter_last_week_features_to_same_quarter_last_week_fsfp,3,1,1.0,0.0,0.0,1.0,17,17,17,793,1
300223,201813,2018-03-26,13,2018Q1,1,2018Q1,201813,2018Q1,2,1,2015Q1-2017Q4,2018Q1,2018Q1,2018Q1,same_quarter_last_week_features_to_same_quarter_last_week_fsfp,3,0,0.0,0.0,0.0,1.0,17,17,17,794,0
300227,201813,2018-03-26,13,2018Q1,1,2018Q1,201813,2018Q1,2,1,2015Q1-2017Q4,2018Q1,2018Q1,2018Q1,same_quarter_last_week_features_to_same_quarter_last_week_fsfp,3,0,0.0,0.0,0.0,1.0,17,17,17,798,0
300228,201813,2018-03-26,13,2018Q1,1,2018Q1,201813,2018Q1,2,1,2015Q1-2017Q4,2018Q1,2018Q1,2018Q1,same_quarter_last_week_features_to_same_quarter_last_week_fsfp,3,1,1.0,0.0,0.0,1.0,17,17,17,799,1
300229,201813,2018-03-26,13,2018Q1,1,2018Q1,201813,2018Q1,2,1,2015Q1-2017Q4,2018Q1,2018Q1,2018Q1,same_quarter_last_week_features_to_same_quarter_last_week_fsfp,3,1,1.0,0.0,0.0,1.0,17,17,17,800,1
300230,201813,2018-03-26,13,2018Q1,1,2018Q1,201813,2018Q1,2,1,2015Q1-2017Q4,2018Q1,2018Q1,2018Q1,same_quarter_last_week_features_to_same_quarter_last_week_fsfp,3,1,1.0,0.0,0.0,1.0,17,17,17,801,0
300231,201813,2018-03-26,13,2018Q1,1,2018Q1,201813,2018Q1,2,1,2015Q1-2017Q4,2018Q1,2018Q1,2018Q1,same_quarter_last_week_features_to_same_quarter_last_week_fsfp,3,1,1.0,0.0,0.0,1.0,17,17,17,802,1
300234,201813,2018-03-26,13,2018Q1,1,2018Q1,201813,2018Q1,2,1,2015Q1-2017Q4,2018Q1,2018Q1,2018Q1,same_quarter_last_week_features_to_same_quarter_last_week_fsfp,3,2,2.0,0.0,0.0,1.0,17,17,17,805,2
300235,201813,2018-03-26,13,2018Q1,1,2018Q1,201813,2018Q1,2,1,2015Q1-2017Q4,2018Q1,2018Q1,2018Q1,same_quarter_last_week_features_to_same_quarter_last_week_fsfp,3,0,0.0,0.0,0.0,1.0,17,17,17,806,0
300238,201805,2018-01-29,5,2018Q1,1,2018Q1,201805,2018Q1,2,1,2015Q1-2017Q4,2018Q1,2018Q1,2018Q1,same_quarter_last_week_features_to_same_quarter_last_week_fsfp,3,0,0.0,0.0,0.0,1.0,17,17,17,809,0
300241,201813,2018-03-26,13,2018Q1,1,2018Q1,201813,2018Q1,2,1,2015Q1-2017Q4,2018Q1,2018Q1,2018Q1,same_quarter_last_week_features_to_same_quarter_last_week_fsfp,3,1,1.0,0.0,0.0,1.0,17,17,17,811,1
300243,201813,2018-03-26,13,2018Q1,1,2018Q1,201813,2018Q1,2,1,2015Q1-2017Q4,2018Q1,2018Q1,2018Q1,same_quarter_last_week_features_to_same_quarter_last_week_fsfp,3,1,1.0,0.0,0.0,1.0,17,17,17,813,1
300245,201813,2018-03-26,13,2018Q1,1,2018Q1,201813,2018Q1,2,1,2015Q1-2017Q4,2018Q1,2018Q1,2018Q1,same_quarter_last_week_features_to_same_quarter_last_week_fsfp,3,1,1.0,0.0,0.0,1.0,17,17,17,815,1
300247,201813,2018-03-26,13,2018Q1,1,2018Q1,201813,2018Q1,2,1,2015Q1-2017Q4,2018Q1,2018Q1,2018Q1,same_quarter_last_week_features_to_same_quarter_last_week_fsfp,3,0,0.0,0.0,0.0,1.0,17,17,17,817,0
300248,201813,2018-03-26,13,2018Q1,1,2018Q1,201813,2018Q1,2,1,2015Q1-2017Q4,2018Q1,2018Q1,2018Q1,same_quarter_last_week_features_to_same_quarter_last_week_fsfp,3,1,1.0,0.0,0.0,1.0,17,17,17,818,1
300249,201813,2018-03-26,13,2018Q1,1,2018Q1,201813,2018Q1,2,1,2015Q1-2017Q4,2018Q1,2018Q1,2018Q1,same_quarter_last_week_features_to_same_quarter_last_week_fsfp,3,2,2.0,0.0,0.0,1.0,17,17,17,819,2
300250,201813,2018-03-26,13,2018Q1,1,2018Q1,201813,2018Q1,2,1,2015Q1-2017Q4,2018Q1,2018Q1,2018Q1,same_quarter_last_week_features_to_same_quarter_last_week_fsfp,3,1,1.0,0.0,0.0,1.0,17,17,17,820,1
300251,201813,2018-03-26,13,2018Q1,1,2018Q1,201813,2018Q1,2,1,2015Q1-2017Q4,2018Q1,2018Q1,2018Q1,same_quarter_last_week_features_to_same_quarter_last_week_fsfp,3,1,1.0,0.0,0.0,1.0,17,17,17,821,0
300253,201813,2018-03-26,13,2018Q1,1,2018Q1,201813,2018Q1,2,1,2015Q1-2017Q4,2018Q1,2018Q1,2018Q1,same_quarter_last_week_features_to_same_quarter_last_week_fsfp,3,1,1.0,0.0,0.0,1.0,17,17,17,823,1
300256,201813,2018-03-26,13,2018Q1,1,2018Q1,201813,2018Q1,2,1,2015Q1-2017Q4,2018Q1,2018Q1,2018Q1,same_quarter_last_week_features_to_same_quarter_last_week_fsfp,3,1,1.0,0.0,0.0,1.0,17,17,17,826,1
300257,201813,2018-03-26,13,2018Q1,1,2018Q1,201813,2018Q1,2,1,2015Q1-2017Q4,2018Q1,2018Q1,2018Q1,same_quarter_last_week_features_to_same_quarter_last_week_fsfp,3,0,0.0,0.0,0.0,1.0,17,17,17,827,0
300258,201813,2018-03-26,13,2018Q1,1,2018Q1,201813,2018Q1,2,1,2015Q1-2017Q4,2018Q1,2018Q1,2018Q1,same_quarter_last_week_features_to_same_quarter_last_week_fsfp,3,0,0.0,0.0,0.0,1.0,17,17,17,828,1
300260,201813,2018-03-26,13,2018Q1,1,2018Q1,201813,2018Q1,2,1,2015Q1-2017Q4,2018Q1,2018Q1,2018Q1,same_quarter_last_week_features_to_same_quarter_last_week_fsfp,3,0,0.0,0.0,0.0,1.0,17,17,17,830,0
300263,201813,2018-03-26,13,2018Q1,1,2018Q1,201813,2018Q1,2,1,2015Q1-2017Q4,2018Q1,2018Q1,2018Q1,same_quarter_last_week_features_to_same_quarter_last_week_fsfp,3,0,0.0,0.0,0.0,1.0,17,17,17,832,0
000017,201813,2018-03-26,13,2018Q1,1,2018Q1,201813,2018Q1,2,1,2015Q1-2017Q4,2018Q1,2018Q1,2018Q1,same_quarter_last_week_features_to_same_quarter_last_week_fsfp,4,0,0.0,0.0,0.0,1.0,17,17,17,4,2
000026,201813,2018-03-26,13,2018Q1,1,2018Q1,201813,2018Q1,2,1,2015Q1-2017Q4,2018Q1,2018Q1,2018Q1,same_quarter_last_week_features_to_same_quarter_last_week_fsfp,4,1,1.0,0.0,0.0,1.0,17,17,17,6,1
000059,201813,2018-03-26,13,2018Q1,1,2018Q1,201813,2018Q1,2,1,2015Q1-2017Q4,2018Q1,2018Q1,2018Q1,same_quarter_last_week_features_to_same_quarter_last_week_fsfp,4,1,1.0,0.0,0.0,1.0,17,17,17,11,2
000061,201813,2018-03-26,13,2018Q1,1,2018Q1,201813,2018Q1,2,1,2015Q1-2017Q4,2018Q1,2018Q1,2018Q1,same_quarter_last_week_features_to_same_quarter_last_week_fsfp,4,1,1.0,0.0,0.0,1.0,17,17,17,12,0
000069,201813,2018-03-26,13,2018Q1,1,2018Q1,201813,2018Q1,2,1,2015Q1-2017Q4,2018Q1,2018Q1,2018Q1,same_quarter_last_week_features_to_same_quarter_last_week_fsfp,4,1,1.0,0.0,0.0,1.0,17,17,17,16,1
000090,201813,2018-03-26,13,2018Q1,1,2018Q1,201813,2018Q1,2,1,2015Q1-2017Q4,2018Q1,2018Q1,2018Q1,same_quarter_last_week_features_to_same_quarter_last_week_fsfp,4,1,1.0,0.0,0.0,1.0,17,17,17,18,1
000410,201813,2018-03-26,13,2018Q1,1,2018Q1,201813,2018Q1,2,1,2015Q1-2017Q4,2018Q1,2018Q1,2018Q1,same_quarter_last_week_features_to_same_quarter_last_week_fsfp,4,1,1.0,0.0,0.0,1.0,17,17,17,24,1
000498,201813,2018-03-26,13,2018Q1,1,2018Q1,201813,2018Q1,2,1,2015Q1-2017Q4,2018Q1,2018Q1,2018Q1,same_quarter_last_week_features_to_same_quarter_last_week_fsfp,4,1,1.0,0.0,0.0,1.0,17,17,17,28,0
000531,201813,2018-03-26,13,2018Q1,1,2018Q1,201813,2018Q1,2,1,2015Q1-2017Q4,2018Q1,2018Q1,2018Q1,same_quarter_last_week_features_to_same_quarter_last_week_fsfp,4,1,1.0,0.0,0.0,1.0,17,17,17,34,1
000533,201805,2018-01-29,5,2018Q1,1,2018Q1,201805,2018Q1,2,1,2015Q1-2017Q4,2018Q1,2018Q1,2018Q1,same_quarter_last_week_features_to_same_quarter_last_week_fsfp,4,0,0.0,0.0,0.0,1.0,17,17,17,35,0
000536,201813,2018-03-26,13,2018Q1,1,2018Q1,201813,2018Q1,2,1,2015Q1-2017Q4,2018Q1,2018Q1,2018Q1,same_quarter_last_week_features_to_same_quarter_last_week_fsfp,4,0,0.0,0.0,0.0,1.0,17,17,17,37,2
000567,201813,2018-03-26,13,2018Q1,1,2018Q1,201813,2018Q1,2,1,2015Q1-2017Q4,2018Q1,2018Q1,2018Q1,same_quarter_last_week_features_to_same_quarter_last_week_fsfp,4,1,1.0,0.0,0.0,1.0,17,17,17,49,1
000605,201813,2018-03-26,13,2018Q1,1,2018Q1,201813,2018Q1,2,1,2015Q1-2017Q4,2018Q1,2018Q1,2018Q1,same_quarter_last_week_features_to_same_quarter_last_week_fsfp,4,1,1.0,0.0,0.0,1.0,17,17,17,55,2
000619,201813,2018-03-26,13,2018Q1,1,2018Q1,201813,2018Q1,2,1,2015Q1-2017Q4,2018Q1,2018Q1,2018Q1,same_quarter_last_week_features_to_same_quarter_last_week_fsfp,4,1,1.0,0.0,0.0,1.0,17,17,17,59,0
000657,201813,2018-03-26,13,2018Q1,1,2018Q1,201813,2018Q1,2,1,2015Q1-2017Q4,2018Q1,2018Q1,2018Q1,same_quarter_last_week_features_to_same_quarter_last_week_fsfp,4,1,1.0,0.0,0.0,1.0,17,17,17,66,1
000680,201813,2018-03-26,13,2018Q1,1,2018Q1,201813,2018Q1,2,1,2015Q1-2017Q4,2018Q1,2018Q1,2018Q1,same_quarter_last_week_features_to_same_quarter_last_week_fsfp,4,1,1.0,0.0,0.0,1.0,17,17,17,70,0
000702,201813,2018-03-26,13,2018Q1,1,2018Q1,201813,2018Q1,2,1,2015Q1-2017Q4,2018Q1,2018Q1,2018Q1,same_quarter_last_week_features_to_same_quarter_last_week_fsfp,4,1,1.0,0.0,0.0,1.0,17,17,17,76,2
000713,201813,2018-03-26,13,2018Q1,1,2018Q1,201813,2018Q1,2,1,2015Q1-2017Q4,2018Q1,2018Q1,2018Q1,same_quarter_last_week_features_to_same_quarter_last_week_fsfp,4,1,1.0,0.0,0.0,1.0,17,17,17,77,1
000720,201813,2018-03-26,13,2018Q1,1,2018Q1,201813,2018Q1,2,1,2015Q1-2017Q4,2018Q1,2018Q1,2018Q1,same_quarter_last_week_features_to_same_quarter_last_week_fsfp,4,1,1.0,0.0,0.0,1.0,17,17,17,80,0
000731,201813,2018-03-26,13,2018Q1,1,2018Q1,201813,2018Q1,2,1,2015Q1-2017Q4,2018Q1,2018Q1,2018Q1,same_quarter_last_week_features_to_same_quarter_last_week_fsfp,4,1,1.0,0.0,0.0,1.0,17,17,17,83,1
000737,201813,2018-03-26,13,2018Q1,1,2018Q1,201813,2018Q1,2,1,2015Q1-2017Q4,2018Q1,2018Q1,2018Q1,same_quarter_last_week_features_to_same_quarter_last_week_fsfp,4,1,1.0,0.0,0.0,1.0,17,17,17,85,0
000752,201813,2018-03-26,13,2018Q1,1,2018Q1,201813,2018Q1,2,1,2015Q1-2017Q4,2018Q1,2018Q1,2018Q1,same_quarter_last_week_features_to_same_quarter_last_week_fsfp,4,1,1.0,0.0,0.0,1.0,17,17,17,88,1
000755,201813,2018-03-26,13,2018Q1,1,2018Q1,201813,2018Q1,2,1,2015Q1-2017Q4,2018Q1,2018Q1,2018Q1,same_quarter_last_week_features_to_same_quarter_last_week_fsfp,4,0,0.0,0.0,0.0,1.0,17,17,17,89,0
000756,201813,2018-03-26,13,2018Q1,1,2018Q1,201813,2018Q1,2,1,2015Q1-2017Q4,2018Q1,2018Q1,2018Q1,same_quarter_last_week_features_to_same_quarter_last_week_fsfp,4,1,1.0,0.0,0.0,1.0,17,17,17,90,1
000788,201813,2018-03-26,13,2018Q1,1,2018Q1,201813,2018Q1,2,1,2015Q1-2017Q4,2018Q1,2018Q1,2018Q1,same_quarter_last_week_features_to_same_quarter_last_week_fsfp,4,1,1.0,0.0,0.0,1.0,17,17,17,94,2
000793,201805,2018-01-29,5,2018Q1,1,2018Q1,201805,2018Q1,2,1,2015Q1-2017Q4,2018Q1,2018Q1,2018Q1,same_quarter_last_week_features_to_same_quarter_last_week_fsfp,4,1,1.0,0.0,0.0,1.0,17,17,17,96,1
000810,201813,2018-03-26,13,2018Q1,1,2018Q1,201813,2018Q1,2,1,2015Q1-2017Q4,2018Q1,2018Q1,2018Q1,same_quarter_last_week_features_to_same_quarter_last_week_fsfp,4,0,0.0,0.0,0.0,1.0,17,17,17,100,1
000811,201813,2018-03-26,13,2018Q1,1,2018Q1,201813,2018Q1,2,1,2015Q1-2017Q4,2018Q1,2018Q1,2018Q1,same_quarter_last_week_features_to_same_quarter_last_week_fsfp,4,0,0.0,0.0,0.0,1.0,17,17,17,101,0
000813,201813,2018-03-26,13,2018Q1,1,2018Q1,201813,2018Q1,2,1,2015Q1-2017Q4,2018Q1,2018Q1,2018Q1,same_quarter_last_week_features_to_same_quarter_last_week_fsfp,4,0,0.0,0.0,0.0,1.0,17,17,17,102,2
000838,201813,2018-03-26,13,2018Q1,1,2018Q1,201813,2018Q1,2,1,2015Q1-2017Q4,2018Q1,2018Q1,2018Q1,same_quarter_last_week_features_to_same_quarter_last_week_fsfp,4,1,1.0,0.0,0.0,1.0,17,17,17,107,2
000869,201813,2018-03-26,13,2018Q1,1,2018Q1,201813,2018Q1,2,1,2015Q1-2017Q4,2018Q1,2018Q1,2018Q1,same_quarter_last_week_features_to_same_quarter_last_week_fsfp,4,0,0.0,0.0,0.0,1.0,17,17,17,112,0
000933,201813,2018-03-26,13,2018Q1,1,2018Q1,201813,2018Q1,2,1,2015Q1-2017Q4,2018Q1,2018Q1,2018Q1,same_quarter_last_week_features_to_same_quarter_last_week_fsfp,4,0,0.0,0.0,0.0,1.0,17,17,17,126,0
000957,201813,2018-03-26,13,2018Q1,1,2018Q1,201813,2018Q1,2,1,2015Q1-2017Q4,2018Q1,2018Q1,2018Q1,same_quarter_last_week_features_to_same_quarter_last_week_fsfp,4,1,1.0,0.0,0.0,1.0,17,17,17,130,1
000970,201813,2018-03-26,13,2018Q1,1,2018Q1,201813,2018Q1,2,1,2015Q1-2017Q4,2018Q1,2018Q1,2018Q1,same_quarter_last_week_features_to_same_quarter_last_week_fsfp,4,1,1.0,0.0,0.0,1.0,17,17,17,132,1
002014,201813,2018-03-26,13,2018Q1,1,2018Q1,201813,2018Q1,2,1,2015Q1-2017Q4,2018Q1,2018Q1,2018Q1,same_quarter_last_week_features_to_same_quarter_last_week_fsfp,4,0,0.0,0.0,0.0,1.0,17,17,17,142,0
002032,201813,2018-03-26,13,2018Q1,1,2018Q1,201813,2018Q1,2,1,2015Q1-2017Q4,2018Q1,2018Q1,2018Q1,same_quarter_last_week_features_to_same_quarter_last_week_fsfp,4,1,1.0,0.0,0.0,1.0,17,17,17,150,1
002047,201805,2018-01-29,5,2018Q1,1,2018Q1,201805,2018Q1,2,1,2015Q1-2017Q4,2018Q1,2018Q1,2018Q1,same_quarter_last_week_features_to_same_quarter_last_week_fsfp,4,2,2.0,0.0,0.0,1.0,17,17,17,157,0
002050,201813,2018-03-26,13,2018Q1,1,2018Q1,201813,2018Q1,2,1,2015Q1-2017Q4,2018Q1,2018Q1,2018Q1,same_quarter_last_week_features_to_same_quarter_last_week_fsfp,4,0,0.0,0.0,0.0,1.0,17,17,17,158,0
002058,201813,2018-03-26,13,2018Q1,1,2018Q1,201813,2018Q1,2,1,2015Q1-2017Q4,2018Q1,2018Q1,2018Q1,same_quarter_last_week_features_to_same_quarter_last_week_fsfp,4,0,0.0,0.0,0.0,1.0,17,17,17,160,0
002065,201813,2018-03-26,13,2018Q1,1,2018Q1,201813,2018Q1,2,1,2015Q1-2017Q4,2018Q1,2018Q1,2018Q1,same_quarter_last_week_features_to_same_quarter_last_week_fsfp,4,2,2.0,0.0,0.0,1.0,17,17,17,162,0
002097,201813,2018-03-26,13,2018Q1,1,2018Q1,201813,2018Q1,2,1,2015Q1-2017Q4,2018Q1,2018Q1,2018Q1,same_quarter_last_week_features_to_same_quarter_last_week_fsfp,4,1,1.0,0.0,0.0,1.0,17,17,17,166,1
002142,201813,2018-03-26,13,2018Q1,1,2018Q1,201813,2018Q1,2,1,2015Q1-2017Q4,2018Q1,2018Q1,2018Q1,same_quarter_last_week_features_to_same_quarter_last_week_fsfp,4,0,0.0,0.0,0.0,1.0,17,17,17,174,0
002172,201813,2018-03-26,13,2018Q1,1,2018Q1,201813,2018Q1,2,1,2015Q1-2017Q4,2018Q1,2018Q1,2018Q1,same_quarter_last_week_features_to_same_quarter_last_week_fsfp,4,0,0.0,0.0,0.0,1.0,17,17,17,182,0
002173,201813,2018-03-26,13,2018Q1,1,2018Q1,201813,2018Q1,2,1,2015Q1-2017Q4,2018Q1,2018Q1,2018Q1,same_quarter_last_week_features_to_same_quarter_last_week_fsfp,4,1,1.0,0.0,0.0,1.0,17,17,17,183,2
002186,201813,2018-03-26,13,2018Q1,1,2018Q1,201813,2018Q1,2,1,2015Q1-2017Q4,2018Q1,2018Q1,2018Q1,same_quarter_last_week_features_to_same_quarter_last_week_fsfp,4,1,1.0,0.0,0.0,1.0,17,17,17,188,1
002187,201813,2018-03-26,13,2018Q1,1,2018Q1,201813,2018Q1,2,1,2015Q1-2017Q4,2018Q1,2018Q1,2018Q1,same_quarter_last_week_features_to_same_quarter_last_week_fsfp,4,1,1.0,0.0,0.0,1.0,17,17,17,189,0
002191,201813,2018-03-26,13,2018Q1,1,2018Q1,201813,2018Q1,2,1,2015Q1-2017Q4,2018Q1,2018Q1,2018Q1,same_quarter_last_week_features_to_same_quarter_last_week_fsfp,4,0,0.0,0.0,0.0,1.0,17,17,17,192,2
002193,201813,2018-03-26,13,2018Q1,1,2018Q1,201813,2018Q1,2,1,2015Q1-2017Q4,2018Q1,2018Q1,2018Q1,same_quarter_last_week_features_to_same_quarter_last_week_fsfp,4,0,0.0,0.0,0.0,1.0,17,17,17,193,2
002198,201807,2018-02-12,7,2018Q1,1,2018Q1,201807,2018Q1,2,1,2015Q1-2017Q4,2018Q1,2018Q1,2018Q1,same_quarter_last_week_features_to_same_quarter_last_week_fsfp,4,0,0.0,0.0,0.0,1.0,17,17,17,195,2
002204,201813,2018-03-26,13,2018Q1,1,2018Q1,201813,2018Q1,2,1,2015Q1-2017Q4,2018Q1,2018Q1,2018Q1,same_quarter_last_week_features_to_same_quarter_last_week_fsfp,4,1,1.0,0.0,0.0,1.0,17,17,17,196,1
002222,201813,2018-03-26,13,2018Q1,1,2018Q1,201813,2018Q1,2,1,2015Q1-2017Q4,2018Q1,2018Q1,2018Q1,same_quarter_last_week_features_to_same_quarter_last_week_fsfp,4,1,1.0,0.0,0.0,1.0,17,17,17,200,1
002234,201813,2018-03-26,13,2018Q1,1,2018Q1,201813,2018Q1,2,1,2015Q1-2017Q4,2018Q1,2018Q1,2018Q1,same_quarter_last_week_features_to_same_quarter_last_week_fsfp,4,1,1.0,0.0,0.0,1.0,17,17,17,204,1
002242,201813,2018-03-26,13,2018Q1,1,2018Q1,201813,2018Q1,2,1,2015Q1-2017Q4,2018Q1,2018Q1,2018Q1,same_quarter_last_week_features_to_same_quarter_last_week_fsfp,4,0,0.0,0.0,0.0,1.0,17,17,17,210,1
002243,201813,2018-03-26,13,2018Q1,1,2018Q1,201813,2018Q1,2,1,2015Q1-2017Q4,2018Q1,2018Q1,2018Q1,same_quarter_last_week_features_to_same_quarter_last_week_fsfp,4,1,1.0,0.0,0.0,1.0,17,17,17,211,0
002286,201813,2018-03-26,13,2018Q1,1,2018Q1,201813,2018Q1,2,1,2015Q1-2017Q4,2018Q1,2018Q1,2018Q1,same_quarter_last_week_features_to_same_quarter_last_week_fsfp,4,0,0.0,0.0,0.0,1.0,17,17,17,226,1
002293,201813,2018-03-26,13,2018Q1,1,2018Q1,201813,2018Q1,2,1,2015Q1-2017Q4,2018Q1,2018Q1,2018Q1,same_quarter_last_week_features_to_same_quarter_last_week_fsfp,4,1,1.0,0.0,0.0,1.0,17,17,17,230,0
002320,201813,2018-03-26,13,2018Q1,1,2018Q1,201813,2018Q1,2,1,2015Q1-2017Q4,2018Q1,2018Q1,2018Q1,same_quarter_last_week_features_to_same_quarter_last_week_fsfp,4,1,1.0,0.0,0.0,1.0,17,17,17,238,0
002328,201813,2018-03-26,13,2018Q1,1,2018Q1,201813,2018Q1,2,1,2015Q1-2017Q4,2018Q1,2018Q1,2018Q1,same_quarter_last_week_features_to_same_quarter_last_week_fsfp,4,1,1.0,0.0,0.0,1.0,17,17,17,242,0
002332,201813,2018-03-26,13,2018Q1,1,2018Q1,201813,2018Q1,2,1,2015Q1-2017Q4,2018Q1,2018Q1,2018Q1,same_quarter_last_week_features_to_same_quarter_last_week_fsfp,4,1,1.0,0.0,0.0,1.0,17,17,17,244,0
002348,201813,2018-03-26,13,2018Q1,1,2018Q1,201813,2018Q1,2,1,2015Q1-2017Q4,2018Q1,2018Q1,2018Q1,same_quarter_last_week_features_to_same_quarter_last_week_fsfp,4,0,0.0,0.0,0.0,1.0,17,17,17,248,0
002389,201813,2018-03-26,13,2018Q1,1,2018Q1,201813,2018Q1,2,1,2015Q1-2017Q4,2018Q1,2018Q1,2018Q1,same_quarter_last_week_features_to_same_quarter_last_week_fsfp,4,1,1.0,0.0,0.0,1.0,17,17,17,258,0
002414,201813,2018-03-26,13,2018Q1,1,2018Q1,201813,2018Q1,2,1,2015Q1-2017Q4,2018Q1,2018Q1,2018Q1,same_quarter_last_week_features_to_same_quarter_last_week_fsfp,4,0,0.0,0.0,0.0,1.0,17,17,17,265,0
002445,201813,2018-03-26,13,2018Q1,1,2018Q1,201813,2018Q1,2,1,2015Q1-2017Q4,2018Q1,2018Q1,2018Q1,same_quarter_last_week_features_to_same_quarter_last_week_fsfp,4,0,0.0,0.0,0.0,1.0,17,17,17,277,0
002462,201813,2018-03-26,13,2018Q1,1,2018Q1,201813,2018Q1,2,1,2015Q1-2017Q4,2018Q1,2018Q1,2018Q1,same_quarter_last_week_features_to_same_quarter_last_week_fsfp,4,1,1.0,0.0,0.0,1.0,17,17,17,283,0
002463,201813,2018-03-26,13,2018Q1,1,2018Q1,201813,2018Q1,2,1,2015Q1-2017Q4,2018Q1,2018Q1,2018Q1,same_quarter_last_week_features_to_same_quarter_last_week_fsfp,4,0,0.0,0.0,0.0,1.0,17,17,17,284,0
002496,201813,2018-03-26,13,2018Q1,1,2018Q1,201813,2018Q1,2,1,2015Q1-2017Q4,2018Q1,2018Q1,2018Q1,same_quarter_last_week_features_to_same_quarter_last_week_fsfp,4,0,0.0,0.0,0.0,1.0,17,17,17,294,0
002510,201813,2018-03-26,13,2018Q1,1,2018Q1,201813,2018Q1,2,1,2015Q1-2017Q4,2018Q1,2018Q1,2018Q1,same_quarter_last_week_features_to_same_quarter_last_week_fsfp,4,0,0.0,0.0,0.0,1.0,17,17,17,299,1
002511,201813,2018-03-26,13,2018Q1,1,2018Q1,201813,2018Q1,2,1,2015Q1-2017Q4,2018Q1,2018Q1,2018Q1,same_quarter_last_week_features_to_same_quarter_last_week_fsfp,4,1,1.0,0.0,0.0,1.0,17,17,17,300,1
002518,201813,2018-03-26,13,2018Q1,1,2018Q1,201813,2018Q1,2,1,2015Q1-2017Q4,2018Q1,2018Q1,2018Q1,same_quarter_last_week_features_to_same_quarter_last_week_fsfp,4,1,1.0,0.0,0.0,1.0,17,17,17,303,1
002531,201813,2018-03-26,13,2018Q1,1,2018Q1,201813,2018Q1,2,1,2015Q1-2017Q4,2018Q1,2018Q1,2018Q1,same_quarter_last_week_features_to_same_quarter_last_week_fsfp,4,0,0.0,0.0,0.0,1.0,17,17,17,305,0
002536,201813,2018-03-26,13,2018Q1,1,2018Q1,201813,2018Q1,2,1,2015Q1-2017Q4,2018Q1,2018Q1,2018Q1,same_quarter_last_week_features_to_same_quarter_last_week_fsfp,4,1,1.0,0.0,0.0,1.0,17,17,17,308,0
002542,201813,2018-03-26,13,2018Q1,1,2018Q1,201813,2018Q1,2,1,2015Q1-2017Q4,2018Q1,2018Q1,2018Q1,same_quarter_last_week_features_to_same_quarter_last_week_fsfp,4,1,1.0,0.0,0.0,1.0,17,17,17,309,2
002552,201813,2018-03-26,13,2018Q1,1,2018Q1,201813,2018Q1,2,1,2015Q1-2017Q4,2018Q1,2018Q1,2018Q1,same_quarter_last_week_features_to_same_quarter_last_week_fsfp,4,0,0.0,0.0,0.0,1.0,17,17,17,313,1
002561,201813,2018-03-26,13,2018Q1,1,2018Q1,201813,2018Q1,2,1,2015Q1-2017Q4,2018Q1,2018Q1,2018Q1,same_quarter_last_week_features_to_same_quarter_last_week_fsfp,4,1,1.0,0.0,0.0,1.0,17,17,17,317,1
002563,201813,2018-03-26,13,2018Q1,1,2018Q1,201813,2018Q1,2,1,2015Q1-2017Q4,2018Q1,2018Q1,2018Q1,same_quarter_last_week_features_to_same_quarter_last_week_fsfp,4,0,0.0,0.0,0.0,1.0,17,17,17,318,0
002568,201813,2018-03-26,13,2018Q1,1,2018Q1,201813,2018Q1,2,1,2015Q1-2017Q4,2018Q1,2018Q1,2018Q1,same_quarter_last_week_features_to_same_quarter_last_week_fsfp,4,0,0.0,0.0,0.0,1.0,17,17,17,321,0
002573,201813,2018-03-26,13,2018Q1,1,2018Q1,201813,2018Q1,2,1,2015Q1-2017Q4,2018Q1,2018Q1,2018Q1,same_quarter_last_week_features_to_same_quarter_last_week_fsfp,4,1,1.0,0.0,0.0,1.0,17,17,17,324,1
002574,201813,2018-03-26,13,2018Q1,1,2018Q1,201813,2018Q1,2,1,2015Q1-2017Q4,2018Q1,2018Q1,2018Q1,same_quarter_last_week_features_to_same_quarter_last_week_fsfp,4,0,0.0,0.0,0.0,1.0,17,17,17,325,1
002576,201813,2018-03-26,13,2018Q1,1,2018Q1,201813,2018Q1,2,1,2015Q1-2017Q4,2018Q1,2018Q1,2018Q1,same_quarter_last_week_features_to_same_quarter_last_week_fsfp,4,0,0.0,0.0,0.0,1.0,17,17,17,326,2
002586,201813,2018-03-26,13,2018Q1,1,2018Q1,201813,2018Q1,2,1,2015Q1-2017Q4,2018Q1,2018Q1,2018Q1,same_quarter_last_week_features_to_same_quarter_last_week_fsfp,4,0,0.0,0.0,0.0,1.0,17,17,17,331,0
002594,201813,2018-03-26,13,2018Q1,1,2018Q1,201813,2018Q1,2,1,2015Q1-2017Q4,2018Q1,2018Q1,2018Q1,same_quarter_last_week_features_to_same_quarter_last_week_fsfp,4,0,0.0,0.0,0.0,1.0,17,17,17,335,0
002596,201813,2018-03-26,13,2018Q1,1,2018Q1,201813,2018Q1,2,1,2015Q1-2017Q4,2018Q1,2018Q1,2018Q1,same_quarter_last_week_features_to_same_quarter_last_week_fsfp,4,0,0.0,0.0,0.0,1.0,17,17,17,336,2
002614,201813,2018-03-26,13,2018Q1,1,2018Q1,201813,2018Q1,2,1,2015Q1-2017Q4,2018Q1,2018Q1,2018Q1,same_quarter_last_week_features_to_same_quarter_last_week_fsfp,4,0,0.0,0.0,0.0,1.0,17,17,17,341,0
002615,201813,2018-03-26,13,2018Q1,1,2018Q1,201813,2018Q1,2,1,2015Q1-2017Q4,2018Q1,2018Q1,2018Q1,same_quarter_last_week_features_to_same_quarter_last_week_fsfp,4,0,0.0,0.0,0.0,1.0,17,17,17,342,2
002634,201813,2018-03-26,13,2018Q1,1,2018Q1,201813,2018Q1,2,1,2015Q1-2017Q4,2018Q1,2018Q1,2018Q1,same_quarter_last_week_features_to_same_quarter_last_week_fsfp,4,0,0.0,0.0,0.0,1.0,17,17,17,348,0
002669,201813,2018-03-26,13,2018Q1,1,2018Q1,201813,2018Q1,2,1,2015Q1-2017Q4,2018Q1,2018Q1,2018Q1,same_quarter_last_week_features_to_same_quarter_last_week_fsfp,4,0,0.0,0.0,0.0,1.0,17,17,17,358,2
002672,201813,2018-03-26,13,2018Q1,1,2018Q1,201813,2018Q1,2,1,2015Q1-2017Q4,2018Q1,2018Q1,2018Q1,same_quarter_last_week_features_to_same_quarter_last_week_fsfp,4,1,1.0,0.0,0.0,1.0,17,17,17,359,1
002674,201813,2018-03-26,13,2018Q1,1,2018Q1,201813,2018Q1,2,1,2015Q1-2017Q4,2018Q1,2018Q1,2018Q1,same_quarter_last_week_features_to_same_quarter_last_week_fsfp,4,0,0.0,0.0,0.0,1.0,17,17,17,361,1
002679,201813,2018-03-26,13,2018Q1,1,2018Q1,201813,2018Q1,2,1,2015Q1-2017Q4,2018Q1,2018Q1,2018Q1,same_quarter_last_week_features_to_same_quarter_last_week_fsfp,4,1,1.0,0.0,0.0,1.0,17,17,17,364,2
002708,201813,2018-03-26,13,2018Q1,1,2018Q1,201813,2018Q1,2,1,2015Q1-2017Q4,2018Q1,2018Q1,2018Q1,same_quarter_last_week_features_to_same_quarter_last_week_fsfp,4,0,0.0,0.0,0.0,1.0,17,17,17,374,1
002721,201809,2018-02-26,9,2018Q1,1,2018Q1,201809,2018Q1,2,1,2015Q1-2017Q4,2018Q1,2018Q1,2018Q1,same_quarter_last_week_features_to_same_quarter_last_week_fsfp,4,1,1.0,0.0,0.0,1.0,17,17,17,379,1
002731,201813,2018-03-26,13,2018Q1,1,2018Q1,201813,2018Q1,2,1,2015Q1-2017Q4,2018Q1,2018Q1,2018Q1,same_quarter_last_week_features_to_same_quarter_last_week_fsfp,4,0,0.0,0.0,0.0,1.0,17,17,17,381,1
002732,201813,2018-03-26,13,2018Q1,1,2018Q1,201813,2018Q1,2,1,2015Q1-2017Q4,2018Q1,2018Q1,2018Q1,same_quarter_last_week_features_to_same_quarter_last_week_fsfp,4,1,1.0,0.0,0.0,1.0,17,17,17,382,1
002735,201813,2018-03-26,13,2018Q1,1,2018Q1,201813,2018Q1,2,1,2015Q1-2017Q4,2018Q1,2018Q1,2018Q1,same_quarter_last_week_features_to_same_quarter_last_week_fsfp,4,0,0.0,0.0,0.0,1.0,17,17,17,385,0
002749,201813,2018-03-26,13,2018Q1,1,2018Q1,201813,2018Q1,2,1,2015Q1-2017Q4,2018Q1,2018Q1,2018Q1,same_quarter_last_week_features_to_same_quarter_last_week_fsfp,4,0,0.0,0.0,0.0,1.0,17,17,17,389,1
002750,201813,2018-03-26,13,2018Q1,1,2018Q1,201813,2018Q1,2,1,2015Q1-2017Q4,2018Q1,2018Q1,2018Q1,same_quarter_last_week_features_to_same_quarter_last_week_fsfp,4,0,0.0,0.0,0.0,1.0,17,17,17,390,0
002752,201813,2018-03-26,13,2018Q1,1,2018Q1,201813,2018Q1,2,1,2015Q1-2017Q4,2018Q1,2018Q1,2018Q1,same_quarter_last_week_features_to_same_quarter_last_week_fsfp,4,0,0.0,0.0,0.0,1.0,17,17,17,391,0
002758,201813,2018-03-26,13,2018Q1,1,2018Q1,201813,2018Q1,2,1,2015Q1-2017Q4,2018Q1,2018Q1,2018Q1,same_quarter_last_week_features_to_same_quarter_last_week_fsfp,4,0,0.0,0.0,0.0,1.0,17,17,17,394,0
002769,201813,2018-03-26,13,2018Q1,1,2018Q1,201813,2018Q1,2,1,2015Q1-2017Q4,2018Q1,2018Q1,2018Q1,same_quarter_last_week_features_to_same_quarter_last_week_fsfp,4,1,1.0,0.0,0.0,1.0,17,17,17,399,2
002812,201813,2018-03-26,13,2018Q1,1,2018Q1,201813,2018Q1,2,1,2015Q1-2017Q4,2018Q1,2018Q1,2018Q1,same_quarter_last_week_features_to_same_quarter_last_week_fsfp,4,0,0.0,0.0,0.0,1.0,17,17,17,418,0
002815,201813,2018-03-26,13,2018Q1,1,2018Q1,201813,2018Q1,2,1,2015Q1-2017Q4,2018Q1,2018Q1,2018Q1,same_quarter_last_week_features_to_same_quarter_last_week_fsfp,4,0,0.0,0.0,0.0,1.0,17,17,17,419,2
002820,201813,2018-03-26,13,2018Q1,1,2018Q1,201813,2018Q1,2,1,2015Q1-2017Q4,2018Q1,2018Q1,2018Q1,same_quarter_last_week_features_to_same_quarter_last_week_fsfp,4,0,0.0,0.0,0.0,1.0,17,17,17,421,2
002825,201813,2018-03-26,13,2018Q1,1,2018Q1,201813,2018Q1,2,1,2015Q1-2017Q4,2018Q1,2018Q1,2018Q1,same_quarter_last_week_features_to_same_quarter_last_week_fsfp,4,0,0.0,0.0,0.0,1.0,17,17,17,423,0
002827,201813,2018-03-26,13,2018Q1,1,2018Q1,201813,2018Q1,2,1,2015Q1-2017Q4,2018Q1,2018Q1,2018Q1,same_quarter_last_week_features_to_same_quarter_last_week_fsfp,4,1,1.0,0.0,0.0,1.0,17,17,17,425,2
002830,201813,2018-03-26,13,2018Q1,1,2018Q1,201813,2018Q1,2,1,2015Q1-2017Q4,2018Q1,2018Q1,2018Q1,same_quarter_last_week_features_to_same_quarter_last_week_fsfp,4,2,2.0,0.0,0.0,1.0,17,17,17,427,0
002853,201813,2018-03-26,13,2018Q1,1,2018Q1,201813,2018Q1,2,1,2015Q1-2017Q4,2018Q1,2018Q1,2018Q1,same_quarter_last_week_features_to_same_quarter_last_week_fsfp,4,2,2.0,0.0,0.0,1.0,17,17,17,436,2
002859,201813,2018-03-26,13,2018Q1,1,2018Q1,201813,2018Q1,2,1,2015Q1-2017Q4,2018Q1,2018Q1,2018Q1,same_quarter_last_week_features_to_same_quarter_last_week_fsfp,4,0,0.0,0.0,0.0,1.0,17,17,17,437,2
300009,201813,2018-03-26,13,2018Q1,1,2018Q1,201813,2018Q1,2,1,2015Q1-2017Q4,2018Q1,2018Q1,2018Q1,same_quarter_last_week_features_to_same_quarter_last_week_fsfp,4,1,1.0,0.0,0.0,1.0,17,17,17,440,1
300062,201813,2018-03-26,13,2018Q1,1,2018Q1,201813,2018Q1,2,1,2015Q1-2017Q4,2018Q1,2018Q1,2018Q1,same_quarter_last_week_features_to_same_quarter_last_week_fsfp,4,1,1.0,0.0,0.0,1.0,17,17,17,456,1
300075,201813,2018-03-26,13,2018Q1,1,2018Q1,201813,2018Q1,2,1,2015Q1-2017Q4,2018Q1,2018Q1,2018Q1,same_quarter_last_week_features_to_same_quarter_last_week_fsfp,4,1,1.0,0.0,0.0,1.0,17,17,17,459,1
300095,201813,2018-03-26,13,2018Q1,1,2018Q1,201813,2018Q1,2,1,2015Q1-2017Q4,2018Q1,2018Q1,2018Q1,same_quarter_last_week_features_to_same_quarter_last_week_fsfp,4,0,0.0,0.0,0.0,1.0,17,17,17,465,1
300105,201813,2018-03-26,13,2018Q1,1,2018Q1,201813,2018Q1,2,1,2015Q1-2017Q4,2018Q1,2018Q1,2018Q1,same_quarter_last_week_features_to_same_quarter_last_week_fsfp,4,1,1.0,0.0,0.0,1.0,17,17,17,468,1
300109,201813,2018-03-26,13,2018Q1,1,2018Q1,201813,2018Q1,2,1,2015Q1-2017Q4,2018Q1,2018Q1,2018Q1,same_quarter_last_week_features_to_same_quarter_last_week_fsfp,4,1,1.0,0.0,0.0,1.0,17,17,17,471,1
300135,201813,2018-03-26,13,2018Q1,1,2018Q1,201813,2018Q1,2,1,2015Q1-2017Q4,2018Q1,2018Q1,2018Q1,same_quarter_last_week_features_to_same_quarter_last_week_fsfp,4,1,1.0,0.0,0.0,1.0,17,17,17,484,2
300136,201813,2018-03-26,13,2018Q1,1,2018Q1,201813,2018Q1,2,1,2015Q1-2017Q4,2018Q1,2018Q1,2018Q1,same_quarter_last_week_features_to_same_quarter_last_week_fsfp,4,0,0.0,0.0,0.0,1.0,17,17,17,485,0
300148,201813,2018-03-26,13,2018Q1,1,2018Q1,201813,2018Q1,2,1,2015Q1-2017Q4,2018Q1,2018Q1,2018Q1,same_quarter_last_week_features_to_same_quarter_last_week_fsfp,4,0,0.0,0.0,0.0,1.0,17,17,17,491,1
300158,201813,2018-03-26,13,2018Q1,1,2018Q1,201813,2018Q1,2,1,2015Q1-2017Q4,2018Q1,2018Q1,2018Q1,same_quarter_last_week_features_to_same_quarter_last_week_fsfp,4,1,1.0,0.0,0.0,1.0,17,17,17,496,1
300169,201813,2018-03-26,13,2018Q1,1,2018Q1,201813,2018Q1,2,1,2015Q1-2017Q4,2018Q1,2018Q1,2018Q1,same_quarter_last_week_features_to_same_quarter_last_week_fsfp,4,0,0.0,0.0,0.0,1.0,17,17,17,501,2
300174,201813,2018-03-26,13,2018Q1,1,2018Q1,201813,2018Q1,2,1,2015Q1-2017Q4,2018Q1,2018Q1,2018Q1,same_quarter_last_week_features_to_same_quarter_last_week_fsfp,4,1,1.0,0.0,0.0,1.0,17,17,17,504,0
300184,201813,2018-03-26,13,2018Q1,1,2018Q1,201813,2018Q1,2,1,2015Q1-2017Q4,2018Q1,2018Q1,2018Q1,same_quarter_last_week_features_to_same_quarter_last_week_fsfp,4,0,0.0,0.0,0.0,1.0,17,17,17,511,1
300203,201813,2018-03-26,13,2018Q1,1,2018Q1,201813,2018Q1,2,1,2015Q1-2017Q4,2018Q1,2018Q1,2018Q1,same_quarter_last_week_features_to_same_quarter_last_week_fsfp,4,1,1.0,0.0,0.0,1.0,17,17,17,518,1
300221,201813,2018-03-26,13,2018Q1,1,2018Q1,201813,2018Q1,2,1,2015Q1-2017Q4,2018Q1,2018Q1,2018Q1,same_quarter_last_week_features_to_same_quarter_last_week_fsfp,4,1,1.0,0.0,0.0,1.0,17,17,17,526,1
300232,201813,2018-03-26,13,2018Q1,1,2018Q1,201813,2018Q1,2,1,2015Q1-2017Q4,2018Q1,2018Q1,2018Q1,same_quarter_last_week_features_to_same_quarter_last_week_fsfp,4,1,1.0,0.0,0.0,1.0,17,17,17,530,1
300239,201813,2018-03-26,13,2018Q1,1,2018Q1,201813,2018Q1,2,1,2015Q1-2017Q4,2018Q1,2018Q1,2018Q1,same_quarter_last_week_features_to_same_quarter_last_week_fsfp,4,0,0.0,0.0,0.0,1.0,17,17,17,534,1
300264,201813,2018-03-26,13,2018Q1,1,2018Q1,201813,2018Q1,2,1,2015Q1-2017Q4,2018Q1,2018Q1,2018Q1,same_quarter_last_week_features_to_same_quarter_last_week_fsfp,4,0,0.0,0.0,0.0,1.0,17,17,17,543,1
300265,201813,2018-03-26,13,2018Q1,1,2018Q1,201813,2018Q1,2,1,2015Q1-2017Q4,2018Q1,2018Q1,2018Q1,same_quarter_last_week_features_to_same_quarter_last_week_fsfp,4,0,0.0,0.0,0.0,1.0,17,17,17,544,0
300266,201805,2018-01-29,5,2018Q1,1,2018Q1,201805,2018Q1,2,1,2015Q1-2017Q4,2018Q1,2018Q1,2018Q1,same_quarter_last_week_features_to_same_quarter_last_week_fsfp,4,2,2.0,0.0,0.0,1.0,17,17,17,545,2
300269,201813,2018-03-26,13,2018Q1,1,2018Q1,201813,2018Q1,2,1,2015Q1-2017Q4,2018Q1,2018Q1,2018Q1,same_quarter_last_week_features_to_same_quarter_last_week_fsfp,4,2,2.0,0.0,0.0,1.0,17,17,17,548,2
300272,201813,2018-03-26,13,2018Q1,1,2018Q1,201813,2018Q1,2,1,2015Q1-2017Q4,2018Q1,2018Q1,2018Q1,same_quarter_last_week_features_to_same_quarter_last_week_fsfp,4,0,0.0,0.0,0.0,1.0,17,17,17,551,0
300274,201813,2018-03-26,13,2018Q1,1,2018Q1,201813,2018Q1,2,1,2015Q1-2017Q4,2018Q1,2018Q1,2018Q1,same_quarter_last_week_features_to_same_quarter_last_week_fsfp,4,0,0.0,0.0,0.0,1.0,17,17,17,552,0
300275,201813,2018-03-26,13,2018Q1,1,2018Q1,201813,2018Q1,2,1,2015Q1-2017Q4,2018Q1,2018Q1,2018Q1,same_quarter_last_week_features_to_same_quarter_last_week_fsfp,4,1,1.0,0.0,0.0,1.0,17,17,17,553,1
300279,201813,2018-03-26,13,2018Q1,1,2018Q1,201813,2018Q1,2,1,2015Q1-2017Q4,2018Q1,2018Q1,2018Q1,same_quarter_last_week_features_to_same_quarter_last_week_fsfp,4,1,1.0,0.0,0.0,1.0,17,17,17,557,1
300280,201805,2018-01-29,5,2018Q1,1,2018Q1,201805,2018Q1,2,1,2015Q1-2017Q4,2018Q1,2018Q1,2018Q1,same_quarter_last_week_features_to_same_quarter_last_week_fsfp,4,0,0.0,0.0,0.0,1.0,17,17,17,558,0
300283,201813,2018-03-26,13,2018Q1,1,2018Q1,201813,2018Q1,2,1,2015Q1-2017Q4,2018Q1,2018Q1,2018Q1,same_quarter_last_week_features_to_same_quarter_last_week_fsfp,4,0,0.0,0.0,0.0,1.0,17,17,17,560,0
300285,201813,2018-03-26,13,2018Q1,1,2018Q1,201813,2018Q1,2,1,2015Q1-2017Q4,2018Q1,2018Q1,2018Q1,same_quarter_last_week_features_to_same_quarter_last_week_fsfp,4,0,0.0,0.0,0.0,1.0,17,17,17,562,0
300287,201813,2018-03-26,13,2018Q1,1,2018Q1,201813,2018Q1,2,1,2015Q1-2017Q4,2018Q1,2018Q1,2018Q1,same_quarter_last_week_features_to_same_quarter_last_week_fsfp,4,1,1.0,0.0,0.0,1.0,17,17,17,564,1
300288,201813,2018-03-26,13,2018Q1,1,2018Q1,201813,2018Q1,2,1,2015Q1-2017Q4,2018Q1,2018Q1,2018Q1,same_quarter_last_week_features_to_same_quarter_last_week_fsfp,4,1,1.0,0.0,0.0,1.0,17,17,17,565,1
300292,201813,2018-03-26,13,2018Q1,1,2018Q1,201813,2018Q1,2,1,2015Q1-2017Q4,2018Q1,2018Q1,2018Q1,same_quarter_last_week_features_to_same_quarter_last_week_fsfp,4,1,1.0,0.0,0.0,1.0,17,17,17,569,1
300293,201813,2018-03-26,13,2018Q1,1,2018Q1,201813,2018Q1,2,1,2015Q1-2017Q4,2018Q1,2018Q1,2018Q1,same_quarter_last_week_features_to_same_quarter_last_week_fsfp,4,1,1.0,0.0,0.0,1.0,17,17,17,570,1
300295,201813,2018-03-26,13,2018Q1,1,2018Q1,201813,2018Q1,2,1,2015Q1-2017Q4,2018Q1,2018Q1,2018Q1,same_quarter_last_week_features_to_same_quarter_last_week_fsfp,4,1,1.0,0.0,0.0,1.0,17,17,17,572,1
300298,201813,2018-03-26,13,2018Q1,1,2018Q1,201813,2018Q1,2,1,2015Q1-2017Q4,2018Q1,2018Q1,2018Q1,same_quarter_last_week_features_to_same_quarter_last_week_fsfp,4,1,1.0,0.0,0.0,1.0,17,17,17,574,1
300302,201813,2018-03-26,13,2018Q1,1,2018Q1,201813,2018Q1,2,1,2015Q1-2017Q4,2018Q1,2018Q1,2018Q1,same_quarter_last_week_features_to_same_quarter_last_week_fsfp,4,0,0.0,0.0,0.0,1.0,17,17,17,578,0
300306,201813,2018-03-26,13,2018Q1,1,2018Q1,201813,2018Q1,2,1,2015Q1-2017Q4,2018Q1,2018Q1,2018Q1,same_quarter_last_week_features_to_same_quarter_last_week_fsfp,4,0,0.0,0.0,0.0,1.0,17,17,17,582,0
300307,201813,2018-03-26,13,2018Q1,1,2018Q1,201813,2018Q1,2,1,2015Q1-2017Q4,2018Q1,2018Q1,2018Q1,same_quarter_last_week_features_to_same_quarter_last_week_fsfp,4,0,0.0,0.0,0.0,1.0,17,17,17,583,0
300308,201813,2018-03-26,13,2018Q1,1,2018Q1,201813,2018Q1,2,1,2015Q1-2017Q4,2018Q1,2018Q1,2018Q1,same_quarter_last_week_features_to_same_quarter_last_week_fsfp,4,0,0.0,0.0,0.0,1.0,17,17,17,584,0
300310,201813,2018-03-26,13,2018Q1,1,2018Q1,201813,2018Q1,2,1,2015Q1-2017Q4,2018Q1,2018Q1,2018Q1,same_quarter_last_week_features_to_same_quarter_last_week_fsfp,4,1,1.0,0.0,0.0,1.0,17,17,17,585,1
300316,201813,2018-03-26,13,2018Q1,1,2018Q1,201813,2018Q1,2,1,2015Q1-2017Q4,2018Q1,2018Q1,2018Q1,same_quarter_last_week_features_to_same_quarter_last_week_fsfp,4,0,0.0,0.0,0.0,1.0,17,17,17,590,0
300317,201805,2018-01-29,5,2018Q1,1,2018Q1,201805,2018Q1,2,1,2015Q1-2017Q4,2018Q1,2018Q1,2018Q1,same_quarter_last_week_features_to_same_quarter_last_week_fsfp,4,0,0.0,0.0,0.0,1.0,17,17,17,591,0
300319,201813,2018-03-26,13,2018Q1,1,2018Q1,201813,2018Q1,2,1,2015Q1-2017Q4,2018Q1,2018Q1,2018Q1,same_quarter_last_week_features_to_same_quarter_last_week_fsfp,4,0,0.0,0.0,0.0,1.0,17,17,17,593,1
300320,201813,2018-03-26,13,2018Q1,1,2018Q1,201813,2018Q1,2,1,2015Q1-2017Q4,2018Q1,2018Q1,2018Q1,same_quarter_last_week_features_to_same_quarter_last_week_fsfp,4,0,0.0,0.0,0.0,1.0,17,17,17,594,1
300321,201813,2018-03-26,13,2018Q1,1,2018Q1,201813,2018Q1,2,1,2015Q1-2017Q4,2018Q1,2018Q1,2018Q1,same_quarter_last_week_features_to_same_quarter_last_week_fsfp,4,0,0.0,0.0,0.0,1.0,17,17,17,595,2
300324,201813,2018-03-26,13,2018Q1,1,2018Q1,201813,2018Q1,2,1,2015Q1-2017Q4,2018Q1,2018Q1,2018Q1,same_quarter_last_week_features_to_same_quarter_last_week_fsfp,4,1,1.0,0.0,0.0,1.0,17,17,17,598,1
300328,201813,2018-03-26,13,2018Q1,1,2018Q1,201813,2018Q1,2,1,2015Q1-2017Q4,2018Q1,2018Q1,2018Q1,same_quarter_last_week_features_to_same_quarter_last_week_fsfp,4,0,0.0,0.0,0.0,1.0,17,17,17,601,0
300329,201813,2018-03-26,13,2018Q1,1,2018Q1,201813,2018Q1,2,1,2015Q1-2017Q4,2018Q1,2018Q1,2018Q1,same_quarter_last_week_features_to_same_quarter_last_week_fsfp,4,0,0.0,0.0,0.0,1.0,17,17,17,602,0
300333,201813,2018-03-26,13,2018Q1,1,2018Q1,201813,2018Q1,2,1,2015Q1-2017Q4,2018Q1,2018Q1,2018Q1,same_quarter_last_week_features_to_same_quarter_last_week_fsfp,4,2,2.0,0.0,0.0,1.0,17,17,17,605,1
300335,201813,2018-03-26,13,2018Q1,1,2018Q1,201813,2018Q1,2,1,2015Q1-2017Q4,2018Q1,2018Q1,2018Q1,same_quarter_last_week_features_to_same_quarter_last_week_fsfp,4,1,1.0,0.0,0.0,1.0,17,17,17,607,1
300337,201805,2018-01-29,5,2018Q1,1,2018Q1,201805,2018Q1,2,1,2015Q1-2017Q4,2018Q1,2018Q1,2018Q1,same_quarter_last_week_features_to_same_quarter_last_week_fsfp,4,1,1.0,0.0,0.0,1.0,17,17,17,608,1
300338,201813,2018-03-26,13,2018Q1,1,2018Q1,201813,2018Q1,2,1,2015Q1-2017Q4,2018Q1,2018Q1,2018Q1,same_quarter_last_week_features_to_same_quarter_last_week_fsfp,4,1,1.0,0.0,0.0,1.0,17,17,17,609,1
300339,201813,2018-03-26,13,2018Q1,1,2018Q1,201813,2018Q1,2,1,2015Q1-2017Q4,2018Q1,2018Q1,2018Q1,same_quarter_last_week_features_to_same_quarter_last_week_fsfp,4,0,0.0,0.0,0.0,1.0,17,17,17,610,0
300341,201813,2018-03-26,13,2018Q1,1,2018Q1,201813,2018Q1,2,1,2015Q1-2017Q4,2018Q1,2018Q1,2018Q1,same_quarter_last_week_features_to_same_quarter_last_week_fsfp,4,2,2.0,0.0,0.0,1.0,17,17,17,612,2
300342,201813,2018-03-26,13,2018Q1,1,2018Q1,201813,2018Q1,2,1,2015Q1-2017Q4,2018Q1,2018Q1,2018Q1,same_quarter_last_week_features_to_same_quarter_last_week_fsfp,4,0,0.0,0.0,0.0,1.0,17,17,17,613,0
300345,201813,2018-03-26,13,2018Q1,1,2018Q1,201813,2018Q1,2,1,2015Q1-2017Q4,2018Q1,2018Q1,2018Q1,same_quarter_last_week_features_to_same_quarter_last_week_fsfp,4,0,0.0,0.0,0.0,1.0,17,17,17,616,0
300347,201813,2018-03-26,13,2018Q1,1,2018Q1,201813,2018Q1,2,1,2015Q1-2017Q4,2018Q1,2018Q1,2018Q1,same_quarter_last_week_features_to_same_quarter_last_week_fsfp,4,0,0.0,0.0,0.0,1.0,17,17,17,618,0
300349,201813,2018-03-26,13,2018Q1,1,2018Q1,201813,2018Q1,2,1,2015Q1-2017Q4,2018Q1,2018Q1,2018Q1,same_quarter_last_week_features_to_same_quarter_last_week_fsfp,4,0,0.0,0.0,0.0,1.0,17,17,17,620,0
300351,201813,2018-03-26,13,2018Q1,1,2018Q1,201813,2018Q1,2,1,2015Q1-2017Q4,2018Q1,2018Q1,2018Q1,same_quarter_last_week_features_to_same_quarter_last_week_fsfp,4,0,0.0,0.0,0.0,1.0,17,17,17,622,1
300353,201813,2018-03-26,13,2018Q1,1,2018Q1,201813,2018Q1,2,1,2015Q1-2017Q4,2018Q1,2018Q1,2018Q1,same_quarter_last_week_features_to_same_quarter_last_week_fsfp,4,1,1.0,0.0,0.0,1.0,17,17,17,624,1
300355,201813,2018-03-26,13,2018Q1,1,2018Q1,201813,2018Q1,2,1,2015Q1-2017Q4,2018Q1,2018Q1,2018Q1,same_quarter_last_week_features_to_same_quarter_last_week_fsfp,4,1,1.0,0.0,0.0,1.0,17,17,17,626,1
300357,201813,2018-03-26,13,2018Q1,1,2018Q1,201813,2018Q1,2,1,2015Q1-2017Q4,2018Q1,2018Q1,2018Q1,same_quarter_last_week_features_to_same_quarter_last_week_fsfp,4,1,1.0,0.0,0.0,1.0,17,17,17,627,1
300358,201813,2018-03-26,13,2018Q1,1,2018Q1,201813,2018Q1,2,1,2015Q1-2017Q4,2018Q1,2018Q1,2018Q1,same_quarter_last_week_features_to_same_quarter_last_week_fsfp,4,0,0.0,0.0,0.0,1.0,17,17,17,628,1
300360,201813,2018-03-26,13,2018Q1,1,2018Q1,201813,2018Q1,2,1,2015Q1-2017Q4,2018Q1,2018Q1,2018Q1,same_quarter_last_week_features_to_same_quarter_last_week_fsfp,4,0,0.0,0.0,0.0,1.0,17,17,17,630,1
300363,201813,2018-03-26,13,2018Q1,1,2018Q1,201813,2018Q1,2,1,2015Q1-2017Q4,2018Q1,2018Q1,2018Q1,same_quarter_last_week_features_to_same_quarter_last_week_fsfp,4,1,1.0,0.0,0.0,1.0,17,17,17,631,1
300364,201813,2018-03-26,13,2018Q1,1,2018Q1,201813,2018Q1,2,1,2015Q1-2017Q4,2018Q1,2018Q1,2018Q1,same_quarter_last_week_features_to_same_quarter_last_week_fsfp,4,2,2.0,0.0,0.0,1.0,17,17,17,632,1
300365,201813,2018-03-26,13,2018Q1,1,2018Q1,201813,2018Q1,2,1,2015Q1-2017Q4,2018Q1,2018Q1,2018Q1,same_quarter_last_week_features_to_same_quarter_last_week_fsfp,4,1,1.0,0.0,0.0,1.0,17,17,17,633,1
300366,201813,2018-03-26,13,2018Q1,1,2018Q1,201813,2018Q1,2,1,2015Q1-2017Q4,2018Q1,2018Q1,2018Q1,same_quarter_last_week_features_to_same_quarter_last_week_fsfp,4,1,1.0,0.0,0.0,1.0,17,17,17,634,1
300370,201813,2018-03-26,13,2018Q1,1,2018Q1,201813,2018Q1,2,1,2015Q1-2017Q4,2018Q1,2018Q1,2018Q1,same_quarter_last_week_features_to_same_quarter_last_week_fsfp,4,2,2.0,0.0,0.0,1.0,17,17,17,637,2
300373,201813,2018-03-26,13,2018Q1,1,2018Q1,201813,2018Q1,2,1,2015Q1-2017Q4,2018Q1,2018Q1,2018Q1,same_quarter_last_week_features_to_same_quarter_last_week_fsfp,4,0,0.0,0.0,0.0,1.0,17,17,17,639,0
300374,201813,2018-03-26,13,2018Q1,1,2018Q1,201813,2018Q1,2,1,2015Q1-2017Q4,2018Q1,2018Q1,2018Q1,same_quarter_last_week_features_to_same_quarter_last_week_fsfp,4,0,0.0,0.0,0.0,1.0,17,17,17,640,0
300375,201813,2018-03-26,13,2018Q1,1,2018Q1,201813,2018Q1,2,1,2015Q1-2017Q4,2018Q1,2018Q1,2018Q1,same_quarter_last_week_features_to_same_quarter_last_week_fsfp,4,0,0.0,0.0,0.0,1.0,17,17,17,641,0
300383,201813,2018-03-26,13,2018Q1,1,2018Q1,201813,2018Q1,2,1,2015Q1-2017Q4,2018Q1,2018Q1,2018Q1,same_quarter_last_week_features_to_same_quarter_last_week_fsfp,4,0,0.0,0.0,0.0,1.0,17,17,17,649,0
300384,201813,2018-03-26,13,2018Q1,1,2018Q1,201813,2018Q1,2,1,2015Q1-2017Q4,2018Q1,2018Q1,2018Q1,same_quarter_last_week_features_to_same_quarter_last_week_fsfp,4,0,0.0,0.0,0.0,1.0,17,17,17,650,0
300387,201813,2018-03-26,13,2018Q1,1,2018Q1,201813,2018Q1,2,1,2015Q1-2017Q4,2018Q1,2018Q1,2018Q1,same_quarter_last_week_features_to_same_quarter_last_week_fsfp,4,0,0.0,0.0,0.0,1.0,17,17,17,653,0
300388,201813,2018-03-26,13,2018Q1,1,2018Q1,201813,2018Q1,2,1,2015Q1-2017Q4,2018Q1,2018Q1,2018Q1,same_quarter_last_week_features_to_same_quarter_last_week_fsfp,4,0,0.0,0.0,0.0,1.0,17,17,17,654,0
300390,201813,2018-03-26,13,2018Q1,1,2018Q1,201813,2018Q1,2,1,2015Q1-2017Q4,2018Q1,2018Q1,2018Q1,same_quarter_last_week_features_to_same_quarter_last_week_fsfp,4,0,0.0,0.0,0.0,1.0,17,17,17,656,0
300391,201813,2018-03-26,13,2018Q1,1,2018Q1,201813,2018Q1,2,1,2015Q1-2017Q4,2018Q1,2018Q1,2018Q1,same_quarter_last_week_features_to_same_quarter_last_week_fsfp,4,0,0.0,0.0,0.0,1.0,17,17,17,657,0
300394,201813,2018-03-26,13,2018Q1,1,2018Q1,201813,2018Q1,2,1,2015Q1-2017Q4,2018Q1,2018Q1,2018Q1,same_quarter_last_week_features_to_same_quarter_last_week_fsfp,4,0,0.0,0.0,0.0,1.0,17,17,17,659,0
300395,201813,2018-03-26,13,2018Q1,1,2018Q1,201813,2018Q1,2,1,2015Q1-2017Q4,2018Q1,2018Q1,2018Q1,same_quarter_last_week_features_to_same_quarter_last_week_fsfp,4,0,0.0,0.0,0.0,1.0,17,17,17,660,0
300397,201813,2018-03-26,13,2018Q1,1,2018Q1,201813,2018Q1,2,1,2015Q1-2017Q4,2018Q1,2018Q1,2018Q1,same_quarter_last_week_features_to_same_quarter_last_week_fsfp,4,1,1.0,0.0,0.0,1.0,17,17,17,662,1
300398,201813,2018-03-26,13,2018Q1,1,2018Q1,201813,2018Q1,2,1,2015Q1-2017Q4,2018Q1,2018Q1,2018Q1,same_quarter_last_week_features_to_same_quarter_last_week_fsfp,4,1,1.0,0.0,0.0,1.0,17,17,17,663,1
300399,201813,2018-03-26,13,2018Q1,1,2018Q1,201813,2018Q1,2,1,2015Q1-2017Q4,2018Q1,2018Q1,2018Q1,same_quarter_last_week_features_to_same_quarter_last_week_fsfp,4,2,2.0,0.0,0.0,1.0,17,17,17,664,2
300400,201813,2018-03-26,13,2018Q1,1,2018Q1,201813,2018Q1,2,1,2015Q1-2017Q4,2018Q1,2018Q1,2018Q1,same_quarter_last_week_features_to_same_quarter_last_week_fsfp,4,1,1.0,0.0,0.0,1.0,17,17,17,665,1
300405,201813,2018-03-26,13,2018Q1,1,2018Q1,201813,2018Q1,2,1,2015Q1-2017Q4,2018Q1,2018Q1,2018Q1,same_quarter_last_week_features_to_same_quarter_last_week_fsfp,4,0,0.0,0.0,0.0,1.0,17,17,17,670,0
300409,201809,2018-02-26,9,2018Q1,1,2018Q1,201809,2018Q1,2,1,2015Q1-2017Q4,2018Q1,2018Q1,2018Q1,same_quarter_last_week_features_to_same_quarter_last_week_fsfp,4,1,1.0,0.0,0.0,1.0,17,17,17,674,1
300410,201810,2018-03-05,10,2018Q1,1,2018Q1,201810,2018Q1,2,1,2015Q1-2017Q4,2018Q1,2018Q1,2018Q1,same_quarter_last_week_features_to_same_quarter_last_week_fsfp,4,1,1.0,0.0,0.0,1.0,17,17,17,675,1
300412,201813,2018-03-26,13,2018Q1,1,2018Q1,201813,2018Q1,2,1,2015Q1-2017Q4,2018Q1,2018Q1,2018Q1,same_quarter_last_week_features_to_same_quarter_last_week_fsfp,4,0,0.0,0.0,0.0,1.0,17,17,17,677,1
300413,201813,2018-03-26,13,2018Q1,1,2018Q1,201813,2018Q1,2,1,2015Q1-2017Q4,2018Q1,2018Q1,2018Q1,same_quarter_last_week_features_to_same_quarter_last_week_fsfp,4,0,0.0,0.0,0.0,1.0,17,17,17,678,0
300414,201813,2018-03-26,13,2018Q1,1,2018Q1,201813,2018Q1,2,1,2015Q1-2017Q4,2018Q1,2018Q1,2018Q1,same_quarter_last_week_features_to_same_quarter_last_week_fsfp,4,2,2.0,0.0,0.0,1.0,17,17,17,679,2
300416,201813,2018-03-26,13,2018Q1,1,2018Q1,201813,2018Q1,2,1,2015Q1-2017Q4,2018Q1,2018Q1,2018Q1,same_quarter_last_week_features_to_same_quarter_last_week_fsfp,4,1,1.0,0.0,0.0,1.0,17,17,17,681,1
300417,201813,2018-03-26,13,2018Q1,1,2018Q1,201813,2018Q1,2,1,2015Q1-2017Q4,2018Q1,2018Q1,2018Q1,same_quarter_last_week_features_to_same_quarter_last_week_fsfp,4,0,0.0,0.0,0.0,1.0,17,17,17,682,0
300419,201813,2018-03-26,13,2018Q1,1,2018Q1,201813,2018Q1,2,1,2015Q1-2017Q4,2018Q1,2018Q1,2018Q1,same_quarter_last_week_features_to_same_quarter_last_week_fsfp,4,0,0.0,0.0,0.0,1.0,17,17,17,684,0
300424,201813,2018-03-26,13,2018Q1,1,2018Q1,201813,2018Q1,2,1,2015Q1-2017Q4,2018Q1,2018Q1,2018Q1,same_quarter_last_week_features_to_same_quarter_last_week_fsfp,4,2,2.0,0.0,0.0,1.0,17,17,17,689,2
300425,201813,2018-03-26,13,2018Q1,1,2018Q1,201813,2018Q1,2,1,2015Q1-2017Q4,2018Q1,2018Q1,2018Q1,same_quarter_last_week_features_to_same_quarter_last_week_fsfp,4,0,0.0,0.0,0.0,1.0,17,17,17,690,0
300427,201813,2018-03-26,13,2018Q1,1,2018Q1,201813,2018Q1,2,1,2015Q1-2017Q4,2018Q1,2018Q1,2018Q1,same_quarter_last_week_features_to_same_quarter_last_week_fsfp,4,0,0.0,0.0,0.0,1.0,17,17,17,692,0
300428,201813,2018-03-26,13,2018Q1,1,2018Q1,201813,2018Q1,2,1,2015Q1-2017Q4,2018Q1,2018Q1,2018Q1,same_quarter_last_week_features_to_same_quarter_last_week_fsfp,4,2,2.0,0.0,0.0,1.0,17,17,17,693,2
300429,201813,2018-03-26,13,2018Q1,1,2018Q1,201813,2018Q1,2,1,2015Q1-2017Q4,2018Q1,2018Q1,2018Q1,same_quarter_last_week_features_to_same_quarter_last_week_fsfp,4,0,0.0,0.0,0.0,1.0,17,17,17,694,2
300430,201813,2018-03-26,13,2018Q1,1,2018Q1,201813,2018Q1,2,1,2015Q1-2017Q4,2018Q1,2018Q1,2018Q1,same_quarter_last_week_features_to_same_quarter_last_week_fsfp,4,0,0.0,0.0,0.0,1.0,17,17,17,695,0
300434,201813,2018-03-26,13,2018Q1,1,2018Q1,201813,2018Q1,2,1,2015Q1-2017Q4,2018Q1,2018Q1,2018Q1,same_quarter_last_week_features_to_same_quarter_last_week_fsfp,4,0,0.0,0.0,0.0,1.0,17,17,17,698,0
300435,201813,2018-03-26,13,2018Q1,1,2018Q1,201813,2018Q1,2,1,2015Q1-2017Q4,2018Q1,2018Q1,2018Q1,same_quarter_last_week_features_to_same_quarter_last_week_fsfp,4,0,0.0,0.0,0.0,1.0,17,17,17,699,0
300436,201813,2018-03-26,13,2018Q1,1,2018Q1,201813,2018Q1,2,1,2015Q1-2017Q4,2018Q1,2018Q1,2018Q1,same_quarter_last_week_features_to_same_quarter_last_week_fsfp,4,2,2.0,0.0,0.0,1.0,17,17,17,700,2
300437,201813,2018-03-26,13,2018Q1,1,2018Q1,201813,2018Q1,2,1,2015Q1-2017Q4,2018Q1,2018Q1,2018Q1,same_quarter_last_week_features_to_same_quarter_last_week_fsfp,4,2,2.0,0.0,0.0,1.0,17,17,17,701,2
300438,201813,2018-03-26,13,2018Q1,1,2018Q1,201813,2018Q1,2,1,2015Q1-2017Q4,2018Q1,2018Q1,2018Q1,same_quarter_last_week_features_to_same_quarter_last_week_fsfp,4,2,2.0,0.0,0.0,1.0,17,17,17,702,2
300440,201813,2018-03-26,13,2018Q1,1,2018Q1,201813,2018Q1,2,1,2015Q1-2017Q4,2018Q1,2018Q1,2018Q1,same_quarter_last_week_features_to_same_quarter_last_week_fsfp,4,2,2.0,0.0,0.0,1.0,17,17,17,704,2
300442,201813,2018-03-26,13,2018Q1,1,2018Q1,201813,2018Q1,2,1,2015Q1-2017Q4,2018Q1,2018Q1,2018Q1,same_quarter_last_week_features_to_same_quarter_last_week_fsfp,4,0,0.0,0.0,0.0,1.0,17,17,17,706,0
300445,201813,2018-03-26,13,2018Q1,1,2018Q1,201813,2018Q1,2,1,2015Q1-2017Q4,2018Q1,2018Q1,2018Q1,same_quarter_last_week_features_to_same_quarter_last_week_fsfp,4,2,2.0,0.0,0.0,1.0,17,17,17,708,2
300448,201813,2018-03-26,13,2018Q1,1,2018Q1,201813,2018Q1,2,1,2015Q1-2017Q4,2018Q1,2018Q1,2018Q1,same_quarter_last_week_features_to_same_quarter_last_week_fsfp,4,2,2.0,0.0,0.0,1.0,17,17,17,711,2
300449,201813,2018-03-26,13,2018Q1,1,2018Q1,201813,2018Q1,2,1,2015Q1-2017Q4,2018Q1,2018Q1,2018Q1,same_quarter_last_week_features_to_same_quarter_last_week_fsfp,4,2,2.0,0.0,0.0,1.0,17,17,17,712,2
300450,201813,2018-03-26,13,2018Q1,1,2018Q1,201813,2018Q1,2,1,2015Q1-2017Q4,2018Q1,2018Q1,2018Q1,same_quarter_last_week_features_to_same_quarter_last_week_fsfp,4,0,0.0,0.0,0.0,1.0,17,17,17,713,0
300456,201813,2018-03-26,13,2018Q1,1,2018Q1,201813,2018Q1,2,1,2015Q1-2017Q4,2018Q1,2018Q1,2018Q1,same_quarter_last_week_features_to_same_quarter_last_week_fsfp,4,0,0.0,0.0,0.0,1.0,17,17,17,717,0
300457,201813,2018-03-26,13,2018Q1,1,2018Q1,201813,2018Q1,2,1,2015Q1-2017Q4,2018Q1,2018Q1,2018Q1,same_quarter_last_week_features_to_same_quarter_last_week_fsfp,4,2,2.0,0.0,0.0,1.0,17,17,17,718,2
300458,201813,2018-03-26,13,2018Q1,1,2018Q1,201813,2018Q1,2,1,2015Q1-2017Q4,2018Q1,2018Q1,2018Q1,same_quarter_last_week_features_to_same_quarter_last_week_fsfp,4,0,0.0,0.0,0.0,1.0,17,17,17,719,0
300459,201813,2018-03-26,13,2018Q1,1,2018Q1,201813,2018Q1,2,1,2015Q1-2017Q4,2018Q1,2018Q1,2018Q1,same_quarter_last_week_features_to_same_quarter_last_week_fsfp,4,2,2.0,0.0,0.0,1.0,17,17,17,720,2
300460,201813,2018-03-26,13,2018Q1,1,2018Q1,201813,2018Q1,2,1,2015Q1-2017Q4,2018Q1,2018Q1,2018Q1,same_quarter_last_week_features_to_same_quarter_last_week_fsfp,4,0,0.0,0.0,0.0,1.0,17,17,17,721,2
300461,201813,2018-03-26,13,2018Q1,1,2018Q1,201813,2018Q1,2,1,2015Q1-2017Q4,2018Q1,2018Q1,2018Q1,same_quarter_last_week_features_to_same_quarter_last_week_fsfp,4,2,2.0,0.0,0.0,1.0,17,17,17,722,2
300464,201810,2018-03-05,10,2018Q1,1,2018Q1,201810,2018Q1,2,1,2015Q1-2017Q4,2018Q1,2018Q1,2018Q1,same_quarter_last_week_features_to_same_quarter_last_week_fsfp,4,0,0.0,0.0,0.0,1.0,17,17,17,725,0
300465,201813,2018-03-26,13,2018Q1,1,2018Q1,201813,2018Q1,2,1,2015Q1-2017Q4,2018Q1,2018Q1,2018Q1,same_quarter_last_week_features_to_same_quarter_last_week_fsfp,4,2,2.0,0.0,0.0,1.0,17,17,17,726,2
300466,201813,2018-03-26,13,2018Q1,1,2018Q1,201813,2018Q1,2,1,2015Q1-2017Q4,2018Q1,2018Q1,2018Q1,same_quarter_last_week_features_to_same_quarter_last_week_fsfp,4,0,0.0,0.0,0.0,1.0,17,17,17,727,0
300468,201813,2018-03-26,13,2018Q1,1,2018Q1,201813,2018Q1,2,1,2015Q1-2017Q4,2018Q1,2018Q1,2018Q1,same_quarter_last_week_features_to_same_quarter_last_week_fsfp,4,2,2.0,0.0,0.0,1.0,17,17,17,729,2
300469,201813,2018-03-26,13,2018Q1,1,2018Q1,201813,2018Q1,2,1,2015Q1-2017Q4,2018Q1,2018Q1,2018Q1,same_quarter_last_week_features_to_same_quarter_last_week_fsfp,4,2,2.0,0.0,0.0,1.0,17,17,17,730,2
300473,201813,2018-03-26,13,2018Q1,1,2018Q1,201813,2018Q1,2,1,2015Q1-2017Q4,2018Q1,2018Q1,2018Q1,same_quarter_last_week_features_to_same_quarter_last_week_fsfp,4,0,0.0,0.0,0.0,1.0,17,17,17,734,0
300476,201813,2018-03-26,13,2018Q1,1,2018Q1,201813,2018Q1,2,1,2015Q1-2017Q4,2018Q1,2018Q1,2018Q1,same_quarter_last_week_features_to_same_quarter_last_week_fsfp,4,0,0.0,0.0,0.0,1.0,17,17,17,737,0
300478,201813,2018-03-26,13,2018Q1,1,2018Q1,201813,2018Q1,2,1,2015Q1-2017Q4,2018Q1,2018Q1,2018Q1,same_quarter_last_week_features_to_same_quarter_last_week_fsfp,4,0,0.0,0.0,0.0,1.0,17,17,17,739,2
300479,201813,2018-03-26,13,2018Q1,1,2018Q1,201813,2018Q1,2,1,2015Q1-2017Q4,2018Q1,2018Q1,2018Q1,same_quarter_last_week_features_to_same_quarter_last_week_fsfp,4,2,2.0,0.0,0.0,1.0,17,17,17,740,2
300480,201813,2018-03-26,13,2018Q1,1,2018Q1,201813,2018Q1,2,1,2015Q1-2017Q4,2018Q1,2018Q1,2018Q1,same_quarter_last_week_features_to_same_quarter_last_week_fsfp,4,2,2.0,0.0,0.0,1.0,17,17,17,741,2
300481,201813,2018-03-26,13,2018Q1,1,2018Q1,201813,2018Q1,2,1,2015Q1-2017Q4,2018Q1,2018Q1,2018Q1,same_quarter_last_week_features_to_same_quarter_last_week_fsfp,4,0,0.0,0.0,0.0,1.0,17,17,17,742,2
300482,201813,2018-03-26,13,2018Q1,1,2018Q1,201813,2018Q1,2,1,2015Q1-2017Q4,2018Q1,2018Q1,2018Q1,same_quarter_last_week_features_to_same_quarter_last_week_fsfp,4,2,2.0,0.0,0.0,1.0,17,17,17,743,2
300483,201813,2018-03-26,13,2018Q1,1,2018Q1,201813,2018Q1,2,1,2015Q1-2017Q4,2018Q1,2018Q1,2018Q1,same_quarter_last_week_features_to_same_quarter_last_week_fsfp,4,0,0.0,0.0,0.0,1.0,17,17,17,744,0
300484,201813,2018-03-26,13,2018Q1,1,2018Q1,201813,2018Q1,2,1,2015Q1-2017Q4,2018Q1,2018Q1,2018Q1,same_quarter_last_week_features_to_same_quarter_last_week_fsfp,4,2,2.0,0.0,0.0,1.0,17,17,17,745,2
300487,201813,2018-03-26,13,2018Q1,1,2018Q1,201813,2018Q1,2,1,2015Q1-2017Q4,2018Q1,2018Q1,2018Q1,same_quarter_last_week_features_to_same_quarter_last_week_fsfp,4,0,0.0,0.0,0.0,1.0,17,17,17,748,0
300490,201813,2018-03-26,13,2018Q1,1,2018Q1,201813,2018Q1,2,1,2015Q1-2017Q4,2018Q1,2018Q1,2018Q1,same_quarter_last_week_features_to_same_quarter_last_week_fsfp,4,2,2.0,0.0,0.0,1.0,17,17,17,751,2
300491,201811,2018-03-12,11,2018Q1,1,2018Q1,201811,2018Q1,2,1,2015Q1-2017Q4,2018Q1,2018Q1,2018Q1,same_quarter_last_week_features_to_same_quarter_last_week_fsfp,4,2,2.0,0.0,0.0,1.0,17,17,17,752,2
300496,201813,2018-03-26,13,2018Q1,1,2018Q1,201813,2018Q1,2,1,2015Q1-2017Q4,2018Q1,2018Q1,2018Q1,same_quarter_last_week_features_to_same_quarter_last_week_fsfp,4,0,0.0,0.0,0.0,1.0,17,17,17,756,0
300498,201813,2018-03-26,13,2018Q1,1,2018Q1,201813,2018Q1,2,1,2015Q1-2017Q4,2018Q1,2018Q1,2018Q1,same_quarter_last_week_features_to_same_quarter_last_week_fsfp,4,1,1.0,0.0,0.0,1.0,17,17,17,758,0
300499,201813,2018-03-26,13,2018Q1,1,2018Q1,201813,2018Q1,2,1,2015Q1-2017Q4,2018Q1,2018Q1,2018Q1,same_quarter_last_week_features_to_same_quarter_last_week_fsfp,4,0,0.0,0.0,0.0,1.0,17,17,17,759,0
300500,201813,2018-03-26,13,2018Q1,1,2018Q1,201813,2018Q1,2,1,2015Q1-2017Q4,2018Q1,2018Q1,2018Q1,same_quarter_last_week_features_to_same_quarter_last_week_fsfp,4,0,0.0,0.0,0.0,1.0,17,17,17,760,0
300501,201813,2018-03-26,13,2018Q1,1,2018Q1,201813,2018Q1,2,1,2015Q1-2017Q4,2018Q1,2018Q1,2018Q1,same_quarter_last_week_features_to_same_quarter_last_week_fsfp,4,0,0.0,0.0,0.0,1.0,17,17,17,761,2
300502,201813,2018-03-26,13,2018Q1,1,2018Q1,201813,2018Q1,2,1,2015Q1-2017Q4,2018Q1,2018Q1,2018Q1,same_quarter_last_week_features_to_same_quarter_last_week_fsfp,4,0,0.0,0.0,0.0,1.0,17,17,17,762,0
300503,201813,2018-03-26,13,2018Q1,1,2018Q1,201813,2018Q1,2,1,2015Q1-2017Q4,2018Q1,2018Q1,2018Q1,same_quarter_last_week_features_to_same_quarter_last_week_fsfp,4,2,2.0,0.0,0.0,1.0,17,17,17,763,2
300511,201813,2018-03-26,13,2018Q1,1,2018Q1,201813,2018Q1,2,1,2015Q1-2017Q4,2018Q1,2018Q1,2018Q1,same_quarter_last_week_features_to_same_quarter_last_week_fsfp,4,2,2.0,0.0,0.0,1.0,17,17,17,770,2
300515,201813,2018-03-26,13,2018Q1,1,2018Q1,201813,2018Q1,2,1,2015Q1-2017Q4,2018Q1,2018Q1,2018Q1,same_quarter_last_week_features_to_same_quarter_last_week_fsfp,4,2,2.0,0.0,0.0,1.0,17,17,17,773,2
300516,201813,2018-03-26,13,2018Q1,1,2018Q1,201813,2018Q1,2,1,2015Q1-2017Q4,2018Q1,2018Q1,2018Q1,same_quarter_last_week_features_to_same_quarter_last_week_fsfp,4,1,1.0,0.0,0.0,1.0,17,17,17,774,2
300517,201813,2018-03-26,13,2018Q1,1,2018Q1,201813,2018Q1,2,1,2015Q1-2017Q4,2018Q1,2018Q1,2018Q1,same_quarter_last_week_features_to_same_quarter_last_week_fsfp,4,0,0.0,0.0,0.0,1.0,17,17,17,775,0
300518,201813,2018-03-26,13,2018Q1,1,2018Q1,201813,2018Q1,2,1,2015Q1-2017Q4,2018Q1,2018Q1,2018Q1,same_quarter_last_week_features_to_same_quarter_last_week_fsfp,4,0,0.0,0.0,0.0,1.0,17,17,17,776,0
300520,201813,2018-03-26,13,2018Q1,1,2018Q1,201813,2018Q1,2,1,2015Q1-2017Q4,2018Q1,2018Q1,2018Q1,same_quarter_last_week_features_to_same_quarter_last_week_fsfp,4,2,2.0,0.0,0.0,1.0,17,17,17,778,2
300522,201813,2018-03-26,13,2018Q1,1,2018Q1,201813,2018Q1,2,1,2015Q1-2017Q4,2018Q1,2018Q1,2018Q1,same_quarter_last_week_features_to_same_quarter_last_week_fsfp,4,2,2.0,0.0,0.0,1.0,17,17,17,780,2
300523,201813,2018-03-26,13,2018Q1,1,2018Q1,201813,2018Q1,2,1,2015Q1-2017Q4,2018Q1,2018Q1,2018Q1,same_quarter_last_week_features_to_same_quarter_last_week_fsfp,4,2,2.0,0.0,0.0,1.0,17,17,17,781,2
300527,201813,2018-03-26,13,2018Q1,1,2018Q1,201813,2018Q1,2,1,2015Q1-2017Q4,2018Q1,2018Q1,2018Q1,same_quarter_last_week_features_to_same_quarter_last_week_fsfp,4,0,0.0,0.0,0.0,1.0,17,17,17,783,0
300529,201813,2018-03-26,13,2018Q1,1,2018Q1,201813,2018Q1,2,1,2015Q1-2017Q4,2018Q1,2018Q1,2018Q1,same_quarter_last_week_features_to_same_quarter_last_week_fsfp,4,0,0.0,0.0,0.0,1.0,17,17,17,785,0
300531,201813,2018-03-26,13,2018Q1,1,2018Q1,201813,2018Q1,2,1,2015Q1-2017Q4,2018Q1,2018Q1,2018Q1,same_quarter_last_week_features_to_same_quarter_last_week_fsfp,4,2,2.0,0.0,0.0,1.0,17,17,17,787,2
300535,201813,2018-03-26,13,2018Q1,1,2018Q1,201813,2018Q1,2,1,2015Q1-2017Q4,2018Q1,2018Q1,2018Q1,same_quarter_last_week_features_to_same_quarter_last_week_fsfp,4,2,2.0,0.0,0.0,1.0,17,17,17,791,2
300539,201813,2018-03-26,13,2018Q1,1,2018Q1,201813,2018Q1,2,1,2015Q1-2017Q4,2018Q1,2018Q1,2018Q1,same_quarter_last_week_features_to_same_quarter_last_week_fsfp,4,0,0.0,0.0,0.0,1.0,17,17,17,795,0
300540,201813,2018-03-26,13,2018Q1,1,2018Q1,201813,2018Q1,2,1,2015Q1-2017Q4,2018Q1,2018Q1,2018Q1,same_quarter_last_week_features_to_same_quarter_last_week_fsfp,4,1,1.0,0.0,0.0,1.0,17,17,17,796,0
300541,201813,2018-03-26,13,2018Q1,1,2018Q1,201813,2018Q1,2,1,2015Q1-2017Q4,2018Q1,2018Q1,2018Q1,same_quarter_last_week_features_to_same_quarter_last_week_fsfp,4,2,2.0,0.0,0.0,1.0,17,17,17,797,2
300543,201813,2018-03-26,13,2018Q1,1,2018Q1,201813,2018Q1,2,1,2015Q1-2017Q4,2018Q1,2018Q1,2018Q1,same_quarter_last_week_features_to_same_quarter_last_week_fsfp,4,0,0.0,0.0,0.0,1.0,17,17,17,799,0
300545,201813,2018-03-26,13,2018Q1,1,2018Q1,201813,2018Q1,2,1,2015Q1-2017Q4,2018Q1,2018Q1,2018Q1,same_quarter_last_week_features_to_same_quarter_last_week_fsfp,4,0,0.0,0.0,0.0,1.0,17,17,17,800,0
300546,201813,2018-03-26,13,2018Q1,1,2018Q1,201813,2018Q1,2,1,2015Q1-2017Q4,2018Q1,2018Q1,2018Q1,same_quarter_last_week_features_to_same_quarter_last_week_fsfp,4,2,2.0,0.0,0.0,1.0,17,17,17,801,2
300548,201813,2018-03-26,13,2018Q1,1,2018Q1,201813,2018Q1,2,1,2015Q1-2017Q4,2018Q1,2018Q1,2018Q1,same_quarter_last_week_features_to_same_quarter_last_week_fsfp,4,2,2.0,0.0,0.0,1.0,17,17,17,803,2
300549,201813,2018-03-26,13,2018Q1,1,2018Q1,201813,2018Q1,2,1,2015Q1-2017Q4,2018Q1,2018Q1,2018Q1,same_quarter_last_week_features_to_same_quarter_last_week_fsfp,4,0,0.0,0.0,0.0,1.0,17,17,17,804,0
300550,201813,2018-03-26,13,2018Q1,1,2018Q1,201813,2018Q1,2,1,2015Q1-2017Q4,2018Q1,2018Q1,2018Q1,same_quarter_last_week_features_to_same_quarter_last_week_fsfp,4,0,0.0,0.0,0.0,1.0,17,17,17,805,0
300552,201813,2018-03-26,13,2018Q1,1,2018Q1,201813,2018Q1,2,1,2015Q1-2017Q4,2018Q1,2018Q1,2018Q1,same_quarter_last_week_features_to_same_quarter_last_week_fsfp,4,2,2.0,0.0,0.0,1.0,17,17,17,807,2
300555,201813,2018-03-26,13,2018Q1,1,2018Q1,201813,2018Q1,2,1,2015Q1-2017Q4,2018Q1,2018Q1,2018Q1,same_quarter_last_week_features_to_same_quarter_last_week_fsfp,4,2,2.0,0.0,0.0,1.0,17,17,17,809,2
300556,201813,2018-03-26,13,2018Q1,1,2018Q1,201813,2018Q1,2,1,2015Q1-2017Q4,2018Q1,2018Q1,2018Q1,same_quarter_last_week_features_to_same_quarter_last_week_fsfp,4,2,2.0,0.0,0.0,1.0,17,17,17,810,2
300557,201813,2018-03-26,13,2018Q1,1,2018Q1,201813,2018Q1,2,1,2015Q1-2017Q4,2018Q1,2018Q1,2018Q1,same_quarter_last_week_features_to_same_quarter_last_week_fsfp,4,2,2.0,0.0,0.0,1.0,17,17,17,811,2
300558,201813,2018-03-26,13,2018Q1,1,2018Q1,201813,2018Q1,2,1,2015Q1-2017Q4,2018Q1,2018Q1,2018Q1,same_quarter_last_week_features_to_same_quarter_last_week_fsfp,4,0,0.0,0.0,0.0,1.0,17,17,17,812,0
300559,201813,2018-03-26,13,2018Q1,1,2018Q1,201813,2018Q1,2,1,2015Q1-2017Q4,2018Q1,2018Q1,2018Q1,same_quarter_last_week_features_to_same_quarter_last_week_fsfp,4,1,1.0,0.0,0.0,1.0,17,17,17,813,0
300562,201813,2018-03-26,13,2018Q1,1,2018Q1,201813,2018Q1,2,1,2015Q1-2017Q4,2018Q1,2018Q1,2018Q1,same_quarter_last_week_features_to_same_quarter_last_week_fsfp,4,2,2.0,0.0,0.0,1.0,17,17,17,816,2
300563,201813,2018-03-26,13,2018Q1,1,2018Q1,201813,2018Q1,2,1,2015Q1-2017Q4,2018Q1,2018Q1,2018Q1,same_quarter_last_week_features_to_same_quarter_last_week_fsfp,4,0,0.0,0.0,0.0,1.0,17,17,17,817,0
300566,201813,2018-03-26,13,2018Q1,1,2018Q1,201813,2018Q1,2,1,2015Q1-2017Q4,2018Q1,2018Q1,2018Q1,same_quarter_last_week_features_to_same_quarter_last_week_fsfp,4,0,0.0,0.0,0.0,1.0,17,17,17,819,0
300567,201813,2018-03-26,13,2018Q1,1,2018Q1,201813,2018Q1,2,1,2015Q1-2017Q4,2018Q1,2018Q1,2018Q1,same_quarter_last_week_features_to_same_quarter_last_week_fsfp,4,0,0.0,0.0,0.0,1.0,17,17,17,820,0
300568,201813,2018-03-26,13,2018Q1,1,2018Q1,201813,2018Q1,2,1,2015Q1-2017Q4,2018Q1,2018Q1,2018Q1,same_quarter_last_week_features_to_same_quarter_last_week_fsfp,4,2,2.0,0.0,0.0,1.0,17,17,17,821,2
300569,201813,2018-03-26,13,2018Q1,1,2018Q1,201813,2018Q1,2,1,2015Q1-2017Q4,2018Q1,2018Q1,2018Q1,same_quarter_last_week_features_to_same_quarter_last_week_fsfp,4,2,2.0,0.0,0.0,1.0,17,17,17,822,2
300570,201813,2018-03-26,13,2018Q1,1,2018Q1,201813,2018Q1,2,1,2015Q1-2017Q4,2018Q1,2018Q1,2018Q1,same_quarter_last_week_features_to_same_quarter_last_week_fsfp,4,2,2.0,0.0,0.0,1.0,17,17,17,823,2
300571,201813,2018-03-26,13,2018Q1,1,2018Q1,201813,2018Q1,2,1,2015Q1-2017Q4,2018Q1,2018Q1,2018Q1,same_quarter_last_week_features_to_same_quarter_last_week_fsfp,4,2,2.0,0.0,0.0,1.0,17,17,17,824,2
300572,201813,2018-03-26,13,2018Q1,1,2018Q1,201813,2018Q1,2,1,2015Q1-2017Q4,2018Q1,2018Q1,2018Q1,same_quarter_last_week_features_to_same_quarter_last_week_fsfp,4,0,0.0,0.0,0.0,1.0,17,17,17,825,0
300575,201813,2018-03-26,13,2018Q1,1,2018Q1,201813,2018Q1,2,1,2015Q1-2017Q4,2018Q1,2018Q1,2018Q1,same_quarter_last_week_features_to_same_quarter_last_week_fsfp,4,0,0.0,0.0,0.0,1.0,17,17,17,827,0
300577,201813,2018-03-26,13,2018Q1,1,2018Q1,201813,2018Q1,2,1,2015Q1-2017Q4,2018Q1,2018Q1,2018Q1,same_quarter_last_week_features_to_same_quarter_last_week_fsfp,4,2,2.0,0.0,0.0,1.0,17,17,17,829,2
300578,201803,2018-01-15,3,2018Q1,1,2018Q1,201803,2018Q1,2,1,2015Q1-2017Q4,2018Q1,2018Q1,2018Q1,same_quarter_last_week_features_to_same_quarter_last_week_fsfp,4,0,0.0,0.0,0.0,1.0,17,17,17,830,0
300579,201813,2018-03-26,13,2018Q1,1,2018Q1,201813,2018Q1,2,1,2015Q1-2017Q4,2018Q1,2018Q1,2018Q1,same_quarter_last_week_features_to_same_quarter_last_week_fsfp,4,2,2.0,0.0,0.0,1.0,17,17,17,831,2
300586,201809,2018-02-26,9,2018Q1,1,2018Q1,201809,2018Q1,2,1,2015Q1-2017Q4,2018Q1,2018Q1,2018Q1,same_quarter_last_week_features_to_same_quarter_last_week_fsfp,4,0,0.0,0.0,0.0,1.0,17,17,17,837,0
300589,201813,2018-03-26,13,2018Q1,1,2018Q1,201813,2018Q1,2,1,2015Q1-2017Q4,2018Q1,2018Q1,2018Q1,same_quarter_last_week_features_to_same_quarter_last_week_fsfp,4,2,2.0,0.0,0.0,1.0,17,17,17,840,2
300592,201813,2018-03-26,13,2018Q1,1,2018Q1,201813,2018Q1,2,1,2015Q1-2017Q4,2018Q1,2018Q1,2018Q1,same_quarter_last_week_features_to_same_quarter_last_week_fsfp,4,0,0.0,0.0,0.0,1.0,17,17,17,842,0
300595,201813,2018-03-26,13,2018Q1,1,2018Q1,201813,2018Q1,2,1,2015Q1-2017Q4,2018Q1,2018Q1,2018Q1,same_quarter_last_week_features_to_same_quarter_last_week_fsfp,4,0,0.0,0.0,0.0,1.0,17,17,17,844,0
000002,201813,2018-03-26,13,2018Q1,1,2018Q1,201813,2018Q1,2,1,2015Q1-2017Q4,2018Q1,2018Q1,2018Q1,same_quarter_last_week_features_to_same_quarter_last_week_fsfp,5,0,0.0,0.0,0.0,1.0,17,17,17,1,1
000068,201813,2018-03-26,13,2018Q1,1,2018Q1,201813,2018Q1,2,1,2015Q1-2017Q4,2018Q1,2018Q1,2018Q1,same_quarter_last_week_features_to_same_quarter_last_week_fsfp,5,0,0.0,0.0,0.0,1.0,17,17,17,11,0
000159,201813,2018-03-26,13,2018Q1,1,2018Q1,201813,2018Q1,2,1,2015Q1-2017Q4,2018Q1,2018Q1,2018Q1,same_quarter_last_week_features_to_same_quarter_last_week_fsfp,5,0,0.0,0.0,0.0,1.0,17,17,17,14,1
000534,201804,2018-01-22,4,2018Q1,1,2018Q1,201804,2018Q1,2,1,2015Q1-2017Q4,2018Q1,2018Q1,2018Q1,same_quarter_last_week_features_to_same_quarter_last_week_fsfp,5,0,0.0,0.0,0.0,1.0,17,17,17,26,1
000557,201813,2018-03-26,13,2018Q1,1,2018Q1,201813,2018Q1,2,1,2015Q1-2017Q4,2018Q1,2018Q1,2018Q1,same_quarter_last_week_features_to_same_quarter_last_week_fsfp,5,1,1.0,0.0,0.0,1.0,17,17,17,34,1
000558,201813,2018-03-26,13,2018Q1,1,2018Q1,201813,2018Q1,2,1,2015Q1-2017Q4,2018Q1,2018Q1,2018Q1,same_quarter_last_week_features_to_same_quarter_last_week_fsfp,5,0,0.0,0.0,0.0,1.0,17,17,17,35,0
000561,201813,2018-03-26,13,2018Q1,1,2018Q1,201813,2018Q1,2,1,2015Q1-2017Q4,2018Q1,2018Q1,2018Q1,same_quarter_last_week_features_to_same_quarter_last_week_fsfp,5,1,1.0,0.0,0.0,1.0,17,17,17,37,1
000590,201813,2018-03-26,13,2018Q1,1,2018Q1,201813,2018Q1,2,1,2015Q1-2017Q4,2018Q1,2018Q1,2018Q1,same_quarter_last_week_features_to_same_quarter_last_week_fsfp,5,1,1.0,0.0,0.0,1.0,17,17,17,40,0
000607,201813,2018-03-26,13,2018Q1,1,2018Q1,201813,2018Q1,2,1,2015Q1-2017Q4,2018Q1,2018Q1,2018Q1,same_quarter_last_week_features_to_same_quarter_last_week_fsfp,5,2,2.0,0.0,0.0,1.0,17,17,17,43,1
000650,201813,2018-03-26,13,2018Q1,1,2018Q1,201813,2018Q1,2,1,2015Q1-2017Q4,2018Q1,2018Q1,2018Q1,same_quarter_last_week_features_to_same_quarter_last_week_fsfp,5,0,0.0,0.0,0.0,1.0,17,17,17,50,1
000677,201813,2018-03-26,13,2018Q1,1,2018Q1,201813,2018Q1,2,1,2015Q1-2017Q4,2018Q1,2018Q1,2018Q1,same_quarter_last_week_features_to_same_quarter_last_week_fsfp,5,0,0.0,0.0,0.0,1.0,17,17,17,54,1
000800,201813,2018-03-26,13,2018Q1,1,2018Q1,201813,2018Q1,2,1,2015Q1-2017Q4,2018Q1,2018Q1,2018Q1,same_quarter_last_week_features_to_same_quarter_last_week_fsfp,5,0,0.0,0.0,0.0,1.0,17,17,17,72,0
000828,201813,2018-03-26,13,2018Q1,1,2018Q1,201813,2018Q1,2,1,2015Q1-2017Q4,2018Q1,2018Q1,2018Q1,same_quarter_last_week_features_to_same_quarter_last_week_fsfp,5,1,1.0,0.0,0.0,1.0,17,17,17,76,2
000850,201813,2018-03-26,13,2018Q1,1,2018Q1,201813,2018Q1,2,1,2015Q1-2017Q4,2018Q1,2018Q1,2018Q1,same_quarter_last_week_features_to_same_quarter_last_week_fsfp,5,1,1.0,0.0,0.0,1.0,17,17,17,79,2
000880,201813,2018-03-26,13,2018Q1,1,2018Q1,201813,2018Q1,2,1,2015Q1-2017Q4,2018Q1,2018Q1,2018Q1,same_quarter_last_week_features_to_same_quarter_last_week_fsfp,5,1,1.0,0.0,0.0,1.0,17,17,17,85,0
000886,201813,2018-03-26,13,2018Q1,1,2018Q1,201813,2018Q1,2,1,2015Q1-2017Q4,2018Q1,2018Q1,2018Q1,same_quarter_last_week_features_to_same_quarter_last_week_fsfp,5,1,1.0,0.0,0.0,1.0,17,17,17,87,1
000887,201813,2018-03-26,13,2018Q1,1,2018Q1,201813,2018Q1,2,1,2015Q1-2017Q4,2018Q1,2018Q1,2018Q1,same_quarter_last_week_features_to_same_quarter_last_week_fsfp,5,0,0.0,0.0,0.0,1.0,17,17,17,88,0
000890,201812,2018-03-19,12,2018Q1,1,2018Q1,201812,2018Q1,2,1,2015Q1-2017Q4,2018Q1,2018Q1,2018Q1,same_quarter_last_week_features_to_same_quarter_last_week_fsfp,5,0,0.0,0.0,0.0,1.0,17,17,17,89,2
000892,201813,2018-03-26,13,2018Q1,1,2018Q1,201813,2018Q1,2,1,2015Q1-2017Q4,2018Q1,2018Q1,2018Q1,same_quarter_last_week_features_to_same_quarter_last_week_fsfp,5,0,0.0,0.0,0.0,1.0,17,17,17,90,2
000929,201813,2018-03-26,13,2018Q1,1,2018Q1,201813,2018Q1,2,1,2015Q1-2017Q4,2018Q1,2018Q1,2018Q1,same_quarter_last_week_features_to_same_quarter_last_week_fsfp,5,0,0.0,0.0,0.0,1.0,17,17,17,93,0
000931,201813,2018-03-26,13,2018Q1,1,2018Q1,201813,2018Q1,2,1,2015Q1-2017Q4,2018Q1,2018Q1,2018Q1,same_quarter_last_week_features_to_same_quarter_last_week_fsfp,5,0,0.0,0.0,0.0,1.0,17,17,17,94,0
000985,201813,2018-03-26,13,2018Q1,1,2018Q1,201813,2018Q1,2,1,2015Q1-2017Q4,2018Q1,2018Q1,2018Q1,same_quarter_last_week_features_to_same_quarter_last_week_fsfp,5,1,1.0,0.0,0.0,1.0,17,17,17,100,1
002012,201813,2018-03-26,13,2018Q1,1,2018Q1,201813,2018Q1,2,1,2015Q1-2017Q4,2018Q1,2018Q1,2018Q1,same_quarter_last_week_features_to_same_quarter_last_week_fsfp,5,0,0.0,0.0,0.0,1.0,17,17,17,107,2
002017,201813,2018-03-26,13,2018Q1,1,2018Q1,201813,2018Q1,2,1,2015Q1-2017Q4,2018Q1,2018Q1,2018Q1,same_quarter_last_week_features_to_same_quarter_last_week_fsfp,5,0,0.0,0.0,0.0,1.0,17,17,17,109,0
002039,201813,2018-03-26,13,2018Q1,1,2018Q1,201813,2018Q1,2,1,2015Q1-2017Q4,2018Q1,2018Q1,2018Q1,same_quarter_last_week_features_to_same_quarter_last_week_fsfp,5,1,1.0,0.0,0.0,1.0,17,17,17,118,0
002042,201813,2018-03-26,13,2018Q1,1,2018Q1,201813,2018Q1,2,1,2015Q1-2017Q4,2018Q1,2018Q1,2018Q1,same_quarter_last_week_features_to_same_quarter_last_week_fsfp,5,0,0.0,0.0,0.0,1.0,17,17,17,119,0
002091,201813,2018-03-26,13,2018Q1,1,2018Q1,201813,2018Q1,2,1,2015Q1-2017Q4,2018Q1,2018Q1,2018Q1,same_quarter_last_week_features_to_same_quarter_last_week_fsfp,5,1,1.0,0.0,0.0,1.0,17,17,17,124,1
002104,201813,2018-03-26,13,2018Q1,1,2018Q1,201813,2018Q1,2,1,2015Q1-2017Q4,2018Q1,2018Q1,2018Q1,same_quarter_last_week_features_to_same_quarter_last_week_fsfp,5,2,2.0,0.0,0.0,1.0,17,17,17,127,2
002117,201813,2018-03-26,13,2018Q1,1,2018Q1,201813,2018Q1,2,1,2015Q1-2017Q4,2018Q1,2018Q1,2018Q1,same_quarter_last_week_features_to_same_quarter_last_week_fsfp,5,0,0.0,0.0,0.0,1.0,17,17,17,129,1
002125,201813,2018-03-26,13,2018Q1,1,2018Q1,201813,2018Q1,2,1,2015Q1-2017Q4,2018Q1,2018Q1,2018Q1,same_quarter_last_week_features_to_same_quarter_last_week_fsfp,5,1,1.0,0.0,0.0,1.0,17,17,17,130,2
002131,201813,2018-03-26,13,2018Q1,1,2018Q1,201813,2018Q1,2,1,2015Q1-2017Q4,2018Q1,2018Q1,2018Q1,same_quarter_last_week_features_to_same_quarter_last_week_fsfp,5,1,1.0,0.0,0.0,1.0,17,17,17,132,1
002148,201813,2018-03-26,13,2018Q1,1,2018Q1,201813,2018Q1,2,1,2015Q1-2017Q4,2018Q1,2018Q1,2018Q1,same_quarter_last_week_features_to_same_quarter_last_week_fsfp,5,0,0.0,0.0,0.0,1.0,17,17,17,134,1
002150,201813,2018-03-26,13,2018Q1,1,2018Q1,201813,2018Q1,2,1,2015Q1-2017Q4,2018Q1,2018Q1,2018Q1,same_quarter_last_week_features_to_same_quarter_last_week_fsfp,5,0,0.0,0.0,0.0,1.0,17,17,17,136,0
002174,201813,2018-03-26,13,2018Q1,1,2018Q1,201813,2018Q1,2,1,2015Q1-2017Q4,2018Q1,2018Q1,2018Q1,same_quarter_last_week_features_to_same_quarter_last_week_fsfp,5,0,0.0,0.0,0.0,1.0,17,17,17,140,1
002246,201813,2018-03-26,13,2018Q1,1,2018Q1,201813,2018Q1,2,1,2015Q1-2017Q4,2018Q1,2018Q1,2018Q1,same_quarter_last_week_features_to_same_quarter_last_week_fsfp,5,1,1.0,0.0,0.0,1.0,17,17,17,158,1
002259,201803,2018-01-15,3,2018Q1,1,2018Q1,201803,2018Q1,2,1,2015Q1-2017Q4,2018Q1,2018Q1,2018Q1,same_quarter_last_week_features_to_same_quarter_last_week_fsfp,5,0,0.0,0.0,0.0,1.0,17,17,17,162,1
002278,201813,2018-03-26,13,2018Q1,1,2018Q1,201813,2018Q1,2,1,2015Q1-2017Q4,2018Q1,2018Q1,2018Q1,same_quarter_last_week_features_to_same_quarter_last_week_fsfp,5,0,0.0,0.0,0.0,1.0,17,17,17,169,2
002282,201813,2018-03-26,13,2018Q1,1,2018Q1,201813,2018Q1,2,1,2015Q1-2017Q4,2018Q1,2018Q1,2018Q1,same_quarter_last_week_features_to_same_quarter_last_week_fsfp,5,0,0.0,0.0,0.0,1.0,17,17,17,170,0
002291,201813,2018-03-26,13,2018Q1,1,2018Q1,201813,2018Q1,2,1,2015Q1-2017Q4,2018Q1,2018Q1,2018Q1,same_quarter_last_week_features_to_same_quarter_last_week_fsfp,5,0,0.0,0.0,0.0,1.0,17,17,17,173,0
002294,201813,2018-03-26,13,2018Q1,1,2018Q1,201813,2018Q1,2,1,2015Q1-2017Q4,2018Q1,2018Q1,2018Q1,same_quarter_last_week_features_to_same_quarter_last_week_fsfp,5,1,1.0,0.0,0.0,1.0,17,17,17,175,0
002303,201813,2018-03-26,13,2018Q1,1,2018Q1,201813,2018Q1,2,1,2015Q1-2017Q4,2018Q1,2018Q1,2018Q1,same_quarter_last_week_features_to_same_quarter_last_week_fsfp,5,0,0.0,0.0,0.0,1.0,17,17,17,179,0
002306,201813,2018-03-26,13,2018Q1,1,2018Q1,201813,2018Q1,2,1,2015Q1-2017Q4,2018Q1,2018Q1,2018Q1,same_quarter_last_week_features_to_same_quarter_last_week_fsfp,5,0,0.0,0.0,0.0,1.0,17,17,17,180,0
002323,201813,2018-03-26,13,2018Q1,1,2018Q1,201813,2018Q1,2,1,2015Q1-2017Q4,2018Q1,2018Q1,2018Q1,same_quarter_last_week_features_to_same_quarter_last_week_fsfp,5,0,0.0,0.0,0.0,1.0,17,17,17,183,0
002333,201813,2018-03-26,13,2018Q1,1,2018Q1,201813,2018Q1,2,1,2015Q1-2017Q4,2018Q1,2018Q1,2018Q1,same_quarter_last_week_features_to_same_quarter_last_week_fsfp,5,0,0.0,0.0,0.0,1.0,17,17,17,186,0
002344,201813,2018-03-26,13,2018Q1,1,2018Q1,201813,2018Q1,2,1,2015Q1-2017Q4,2018Q1,2018Q1,2018Q1,same_quarter_last_week_features_to_same_quarter_last_week_fsfp,5,1,1.0,0.0,0.0,1.0,17,17,17,188,0
002355,201813,2018-03-26,13,2018Q1,1,2018Q1,201813,2018Q1,2,1,2015Q1-2017Q4,2018Q1,2018Q1,2018Q1,same_quarter_last_week_features_to_same_quarter_last_week_fsfp,5,0,0.0,0.0,0.0,1.0,17,17,17,191,0
002360,201813,2018-03-26,13,2018Q1,1,2018Q1,201813,2018Q1,2,1,2015Q1-2017Q4,2018Q1,2018Q1,2018Q1,same_quarter_last_week_features_to_same_quarter_last_week_fsfp,5,0,0.0,0.0,0.0,1.0,17,17,17,192,0
002419,201813,2018-03-26,13,2018Q1,1,2018Q1,201813,2018Q1,2,1,2015Q1-2017Q4,2018Q1,2018Q1,2018Q1,same_quarter_last_week_features_to_same_quarter_last_week_fsfp,5,1,1.0,0.0,0.0,1.0,17,17,17,205,0
002425,201813,2018-03-26,13,2018Q1,1,2018Q1,201813,2018Q1,2,1,2015Q1-2017Q4,2018Q1,2018Q1,2018Q1,same_quarter_last_week_features_to_same_quarter_last_week_fsfp,5,0,0.0,0.0,0.0,1.0,17,17,17,207,0
002456,201813,2018-03-26,13,2018Q1,1,2018Q1,201813,2018Q1,2,1,2015Q1-2017Q4,2018Q1,2018Q1,2018Q1,same_quarter_last_week_features_to_same_quarter_last_week_fsfp,5,0,0.0,0.0,0.0,1.0,17,17,17,217,0
002457,201813,2018-03-26,13,2018Q1,1,2018Q1,201813,2018Q1,2,1,2015Q1-2017Q4,2018Q1,2018Q1,2018Q1,same_quarter_last_week_features_to_same_quarter_last_week_fsfp,5,0,0.0,0.0,0.0,1.0,17,17,17,218,0
002489,201813,2018-03-26,13,2018Q1,1,2018Q1,201813,2018Q1,2,1,2015Q1-2017Q4,2018Q1,2018Q1,2018Q1,same_quarter_last_week_features_to_same_quarter_last_week_fsfp,5,1,1.0,0.0,0.0,1.0,17,17,17,223,2
002491,201813,2018-03-26,13,2018Q1,1,2018Q1,201813,2018Q1,2,1,2015Q1-2017Q4,2018Q1,2018Q1,2018Q1,same_quarter_last_week_features_to_same_quarter_last_week_fsfp,5,1,1.0,0.0,0.0,1.0,17,17,17,225,1
002497,201813,2018-03-26,13,2018Q1,1,2018Q1,201813,2018Q1,2,1,2015Q1-2017Q4,2018Q1,2018Q1,2018Q1,same_quarter_last_week_features_to_same_quarter_last_week_fsfp,5,1,1.0,0.0,0.0,1.0,17,17,17,229,2
002498,201813,2018-03-26,13,2018Q1,1,2018Q1,201813,2018Q1,2,1,2015Q1-2017Q4,2018Q1,2018Q1,2018Q1,same_quarter_last_week_features_to_same_quarter_last_week_fsfp,5,1,1.0,0.0,0.0,1.0,17,17,17,230,1
002501,201813,2018-03-26,13,2018Q1,1,2018Q1,201813,2018Q1,2,1,2015Q1-2017Q4,2018Q1,2018Q1,2018Q1,same_quarter_last_week_features_to_same_quarter_last_week_fsfp,5,0,0.0,0.0,0.0,1.0,17,17,17,231,0
002557,201813,2018-03-26,13,2018Q1,1,2018Q1,201813,2018Q1,2,1,2015Q1-2017Q4,2018Q1,2018Q1,2018Q1,same_quarter_last_week_features_to_same_quarter_last_week_fsfp,5,0,0.0,0.0,0.0,1.0,17,17,17,242,1
002560,201813,2018-03-26,13,2018Q1,1,2018Q1,201813,2018Q1,2,1,2015Q1-2017Q4,2018Q1,2018Q1,2018Q1,same_quarter_last_week_features_to_same_quarter_last_week_fsfp,5,0,0.0,0.0,0.0,1.0,17,17,17,243,0
002581,201813,2018-03-26,13,2018Q1,1,2018Q1,201813,2018Q1,2,1,2015Q1-2017Q4,2018Q1,2018Q1,2018Q1,same_quarter_last_week_features_to_same_quarter_last_week_fsfp,5,0,0.0,0.0,0.0,1.0,17,17,17,250,1
002607,201801,2018-01-01,1,2018Q1,1,2018Q1,201801,2018Q1,2,1,2015Q1-2017Q4,2018Q1,2018Q1,2018Q1,same_quarter_last_week_features_to_same_quarter_last_week_fsfp,5,0,0.0,0.0,0.0,1.0,17,17,17,257,0
002633,201813,2018-03-26,13,2018Q1,1,2018Q1,201813,2018Q1,2,1,2015Q1-2017Q4,2018Q1,2018Q1,2018Q1,same_quarter_last_week_features_to_same_quarter_last_week_fsfp,5,0,0.0,0.0,0.0,1.0,17,17,17,263,2
002641,201813,2018-03-26,13,2018Q1,1,2018Q1,201813,2018Q1,2,1,2015Q1-2017Q4,2018Q1,2018Q1,2018Q1,same_quarter_last_week_features_to_same_quarter_last_week_fsfp,5,0,0.0,0.0,0.0,1.0,17,17,17,265,0
002644,201813,2018-03-26,13,2018Q1,1,2018Q1,201813,2018Q1,2,1,2015Q1-2017Q4,2018Q1,2018Q1,2018Q1,same_quarter_last_week_features_to_same_quarter_last_week_fsfp,5,1,1.0,0.0,0.0,1.0,17,17,17,267,1
002681,201813,2018-03-26,13,2018Q1,1,2018Q1,201813,2018Q1,2,1,2015Q1-2017Q4,2018Q1,2018Q1,2018Q1,same_quarter_last_week_features_to_same_quarter_last_week_fsfp,5,0,0.0,0.0,0.0,1.0,17,17,17,276,1
002692,201805,2018-01-29,5,2018Q1,1,2018Q1,201805,2018Q1,2,1,2015Q1-2017Q4,2018Q1,2018Q1,2018Q1,same_quarter_last_week_features_to_same_quarter_last_week_fsfp,5,0,0.0,0.0,0.0,1.0,17,17,17,280,0
002702,201813,2018-03-26,13,2018Q1,1,2018Q1,201813,2018Q1,2,1,2015Q1-2017Q4,2018Q1,2018Q1,2018Q1,same_quarter_last_week_features_to_same_quarter_last_week_fsfp,5,0,0.0,0.0,0.0,1.0,17,17,17,283,0
002705,201813,2018-03-26,13,2018Q1,1,2018Q1,201813,2018Q1,2,1,2015Q1-2017Q4,2018Q1,2018Q1,2018Q1,same_quarter_last_week_features_to_same_quarter_last_week_fsfp,5,0,0.0,0.0,0.0,1.0,17,17,17,284,0
002718,201813,2018-03-26,13,2018Q1,1,2018Q1,201813,2018Q1,2,1,2015Q1-2017Q4,2018Q1,2018Q1,2018Q1,same_quarter_last_week_features_to_same_quarter_last_week_fsfp,5,0,0.0,0.0,0.0,1.0,17,17,17,287,1
002719,201813,2018-03-26,13,2018Q1,1,2018Q1,201813,2018Q1,2,1,2015Q1-2017Q4,2018Q1,2018Q1,2018Q1,same_quarter_last_week_features_to_same_quarter_last_week_fsfp,5,0,0.0,0.0,0.0,1.0,17,17,17,288,2
002725,201813,2018-03-26,13,2018Q1,1,2018Q1,201813,2018Q1,2,1,2015Q1-2017Q4,2018Q1,2018Q1,2018Q1,same_quarter_last_week_features_to_same_quarter_last_week_fsfp,5,0,0.0,0.0,0.0,1.0,17,17,17,289,2
002734,201813,2018-03-26,13,2018Q1,1,2018Q1,201813,2018Q1,2,1,2015Q1-2017Q4,2018Q1,2018Q1,2018Q1,same_quarter_last_week_features_to_same_quarter_last_week_fsfp,5,1,1.0,0.0,0.0,1.0,17,17,17,291,1
002793,201813,2018-03-26,13,2018Q1,1,2018Q1,201813,2018Q1,2,1,2015Q1-2017Q4,2018Q1,2018Q1,2018Q1,same_quarter_last_week_features_to_same_quarter_last_week_fsfp,5,0,0.0,0.0,0.0,1.0,17,17,17,307,0
002798,201813,2018-03-26,13,2018Q1,1,2018Q1,201813,2018Q1,2,1,2015Q1-2017Q4,2018Q1,2018Q1,2018Q1,same_quarter_last_week_features_to_same_quarter_last_week_fsfp,5,0,0.0,0.0,0.0,1.0,17,17,17,309,0
002801,201813,2018-03-26,13,2018Q1,1,2018Q1,201813,2018Q1,2,1,2015Q1-2017Q4,2018Q1,2018Q1,2018Q1,same_quarter_last_week_features_to_same_quarter_last_week_fsfp,5,0,0.0,0.0,0.0,1.0,17,17,17,311,0
002808,201813,2018-03-26,13,2018Q1,1,2018Q1,201813,2018Q1,2,1,2015Q1-2017Q4,2018Q1,2018Q1,2018Q1,same_quarter_last_week_features_to_same_quarter_last_week_fsfp,5,0,0.0,0.0,0.0,1.0,17,17,17,316,0
002829,201813,2018-03-26,13,2018Q1,1,2018Q1,201813,2018Q1,2,1,2015Q1-2017Q4,2018Q1,2018Q1,2018Q1,same_quarter_last_week_features_to_same_quarter_last_week_fsfp,5,1,1.0,0.0,0.0,1.0,17,17,17,322,1
002842,201813,2018-03-26,13,2018Q1,1,2018Q1,201813,2018Q1,2,1,2015Q1-2017Q4,2018Q1,2018Q1,2018Q1,same_quarter_last_week_features_to_same_quarter_last_week_fsfp,5,1,1.0,0.0,0.0,1.0,17,17,17,328,1
300020,201813,2018-03-26,13,2018Q1,1,2018Q1,201813,2018Q1,2,1,2015Q1-2017Q4,2018Q1,2018Q1,2018Q1,same_quarter_last_week_features_to_same_quarter_last_week_fsfp,5,0,0.0,0.0,0.0,1.0,17,17,17,335,0
300029,201813,2018-03-26,13,2018Q1,1,2018Q1,201813,2018Q1,2,1,2015Q1-2017Q4,2018Q1,2018Q1,2018Q1,same_quarter_last_week_features_to_same_quarter_last_week_fsfp,5,0,0.0,0.0,0.0,1.0,17,17,17,338,0
300034,201813,2018-03-26,13,2018Q1,1,2018Q1,201813,2018Q1,2,1,2015Q1-2017Q4,2018Q1,2018Q1,2018Q1,same_quarter_last_week_features_to_same_quarter_last_week_fsfp,5,1,1.0,0.0,0.0,1.0,17,17,17,341,0
300041,201813,2018-03-26,13,2018Q1,1,2018Q1,201813,2018Q1,2,1,2015Q1-2017Q4,2018Q1,2018Q1,2018Q1,same_quarter_last_week_features_to_same_quarter_last_week_fsfp,5,1,1.0,0.0,0.0,1.0,17,17,17,343,1
300087,201813,2018-03-26,13,2018Q1,1,2018Q1,201813,2018Q1,2,1,2015Q1-2017Q4,2018Q1,2018Q1,2018Q1,same_quarter_last_week_features_to_same_quarter_last_week_fsfp,5,0,0.0,0.0,0.0,1.0,17,17,17,353,1
300106,201813,2018-03-26,13,2018Q1,1,2018Q1,201813,2018Q1,2,1,2015Q1-2017Q4,2018Q1,2018Q1,2018Q1,same_quarter_last_week_features_to_same_quarter_last_week_fsfp,5,1,1.0,0.0,0.0,1.0,17,17,17,357,2
300131,201813,2018-03-26,13,2018Q1,1,2018Q1,201813,2018Q1,2,1,2015Q1-2017Q4,2018Q1,2018Q1,2018Q1,same_quarter_last_week_features_to_same_quarter_last_week_fsfp,5,1,1.0,0.0,0.0,1.0,17,17,17,367,1
300142,201813,2018-03-26,13,2018Q1,1,2018Q1,201813,2018Q1,2,1,2015Q1-2017Q4,2018Q1,2018Q1,2018Q1,same_quarter_last_week_features_to_same_quarter_last_week_fsfp,5,1,1.0,0.0,0.0,1.0,17,17,17,373,1
300162,201813,2018-03-26,13,2018Q1,1,2018Q1,201813,2018Q1,2,1,2015Q1-2017Q4,2018Q1,2018Q1,2018Q1,same_quarter_last_week_features_to_same_quarter_last_week_fsfp,5,1,1.0,0.0,0.0,1.0,17,17,17,380,0
300185,201813,2018-03-26,13,2018Q1,1,2018Q1,201813,2018Q1,2,1,2015Q1-2017Q4,2018Q1,2018Q1,2018Q1,same_quarter_last_week_features_to_same_quarter_last_week_fsfp,5,0,0.0,0.0,0.0,1.0,17,17,17,392,2
300193,201813,2018-03-26,13,2018Q1,1,2018Q1,201813,2018Q1,2,1,2015Q1-2017Q4,2018Q1,2018Q1,2018Q1,same_quarter_last_week_features_to_same_quarter_last_week_fsfp,5,0,0.0,0.0,0.0,1.0,17,17,17,395,1
300255,201813,2018-03-26,13,2018Q1,1,2018Q1,201813,2018Q1,2,1,2015Q1-2017Q4,2018Q1,2018Q1,2018Q1,same_quarter_last_week_features_to_same_quarter_last_week_fsfp,5,0,0.0,0.0,0.0,1.0,17,17,17,416,1
300270,201813,2018-03-26,13,2018Q1,1,2018Q1,201813,2018Q1,2,1,2015Q1-2017Q4,2018Q1,2018Q1,2018Q1,same_quarter_last_week_features_to_same_quarter_last_week_fsfp,5,0,0.0,0.0,0.0,1.0,17,17,17,421,0
300284,201813,2018-03-26,13,2018Q1,1,2018Q1,201813,2018Q1,2,1,2015Q1-2017Q4,2018Q1,2018Q1,2018Q1,same_quarter_last_week_features_to_same_quarter_last_week_fsfp,5,0,0.0,0.0,0.0,1.0,17,17,17,427,1
300289,201813,2018-03-26,13,2018Q1,1,2018Q1,201813,2018Q1,2,1,2015Q1-2017Q4,2018Q1,2018Q1,2018Q1,same_quarter_last_week_features_to_same_quarter_last_week_fsfp,5,1,1.0,0.0,0.0,1.0,17,17,17,429,1
300294,201813,2018-03-26,13,2018Q1,1,2018Q1,201813,2018Q1,2,1,2015Q1-2017Q4,2018Q1,2018Q1,2018Q1,same_quarter_last_week_features_to_same_quarter_last_week_fsfp,5,1,1.0,0.0,0.0,1.0,17,17,17,432,1
300299,201813,2018-03-26,13,2018Q1,1,2018Q1,201813,2018Q1,2,1,2015Q1-2017Q4,2018Q1,2018Q1,2018Q1,same_quarter_last_week_features_to_same_quarter_last_week_fsfp,5,0,0.0,0.0,0.0,1.0,17,17,17,434,1
300300,201813,2018-03-26,13,2018Q1,1,2018Q1,201813,2018Q1,2,1,2015Q1-2017Q4,2018Q1,2018Q1,2018Q1,same_quarter_last_week_features_to_same_quarter_last_week_fsfp,5,0,0.0,0.0,0.0,1.0,17,17,17,435,0
300301,201813,2018-03-26,13,2018Q1,1,2018Q1,201813,2018Q1,2,1,2015Q1-2017Q4,2018Q1,2018Q1,2018Q1,same_quarter_last_week_features_to_same_quarter_last_week_fsfp,5,1,1.0,0.0,0.0,1.0,17,17,17,436,0
300305,201813,2018-03-26,13,2018Q1,1,2018Q1,201813,2018Q1,2,1,2015Q1-2017Q4,2018Q1,2018Q1,2018Q1,same_quarter_last_week_features_to_same_quarter_last_week_fsfp,5,0,0.0,0.0,0.0,1.0,17,17,17,439,0
300326,201813,2018-03-26,13,2018Q1,1,2018Q1,201813,2018Q1,2,1,2015Q1-2017Q4,2018Q1,2018Q1,2018Q1,same_quarter_last_week_features_to_same_quarter_last_week_fsfp,5,0,0.0,0.0,0.0,1.0,17,17,17,447,0
300327,201813,2018-03-26,13,2018Q1,1,2018Q1,201813,2018Q1,2,1,2015Q1-2017Q4,2018Q1,2018Q1,2018Q1,same_quarter_last_week_features_to_same_quarter_last_week_fsfp,5,0,0.0,0.0,0.0,1.0,17,17,17,448,1
300332,201813,2018-03-26,13,2018Q1,1,2018Q1,201813,2018Q1,2,1,2015Q1-2017Q4,2018Q1,2018Q1,2018Q1,same_quarter_last_week_features_to_same_quarter_last_week_fsfp,5,0,0.0,0.0,0.0,1.0,17,17,17,450,0
300343,201813,2018-03-26,13,2018Q1,1,2018Q1,201813,2018Q1,2,1,2015Q1-2017Q4,2018Q1,2018Q1,2018Q1,same_quarter_last_week_features_to_same_quarter_last_week_fsfp,5,0,0.0,0.0,0.0,1.0,17,17,17,453,2
300348,201813,2018-03-26,13,2018Q1,1,2018Q1,201813,2018Q1,2,1,2015Q1-2017Q4,2018Q1,2018Q1,2018Q1,same_quarter_last_week_features_to_same_quarter_last_week_fsfp,5,2,2.0,0.0,0.0,1.0,17,17,17,456,1
300350,201813,2018-03-26,13,2018Q1,1,2018Q1,201813,2018Q1,2,1,2015Q1-2017Q4,2018Q1,2018Q1,2018Q1,same_quarter_last_week_features_to_same_quarter_last_week_fsfp,5,0,0.0,0.0,0.0,1.0,17,17,17,457,0
300352,201813,2018-03-26,13,2018Q1,1,2018Q1,201813,2018Q1,2,1,2015Q1-2017Q4,2018Q1,2018Q1,2018Q1,same_quarter_last_week_features_to_same_quarter_last_week_fsfp,5,2,2.0,0.0,0.0,1.0,17,17,17,458,1
300354,201813,2018-03-26,13,2018Q1,1,2018Q1,201813,2018Q1,2,1,2015Q1-2017Q4,2018Q1,2018Q1,2018Q1,same_quarter_last_week_features_to_same_quarter_last_week_fsfp,5,0,0.0,0.0,0.0,1.0,17,17,17,459,1
300369,201813,2018-03-26,13,2018Q1,1,2018Q1,201813,2018Q1,2,1,2015Q1-2017Q4,2018Q1,2018Q1,2018Q1,same_quarter_last_week_features_to_same_quarter_last_week_fsfp,5,2,2.0,0.0,0.0,1.0,17,17,17,462,1
300377,201813,2018-03-26,13,2018Q1,1,2018Q1,201813,2018Q1,2,1,2015Q1-2017Q4,2018Q1,2018Q1,2018Q1,same_quarter_last_week_features_to_same_quarter_last_week_fsfp,5,0,0.0,0.0,0.0,1.0,17,17,17,465,2
300382,201813,2018-03-26,13,2018Q1,1,2018Q1,201813,2018Q1,2,1,2015Q1-2017Q4,2018Q1,2018Q1,2018Q1,same_quarter_last_week_features_to_same_quarter_last_week_fsfp,5,0,0.0,0.0,0.0,1.0,17,17,17,470,0
300393,201813,2018-03-26,13,2018Q1,1,2018Q1,201813,2018Q1,2,1,2015Q1-2017Q4,2018Q1,2018Q1,2018Q1,same_quarter_last_week_features_to_same_quarter_last_week_fsfp,5,1,1.0,0.0,0.0,1.0,17,17,17,474,1
300396,201813,2018-03-26,13,2018Q1,1,2018Q1,201813,2018Q1,2,1,2015Q1-2017Q4,2018Q1,2018Q1,2018Q1,same_quarter_last_week_features_to_same_quarter_last_week_fsfp,5,0,0.0,0.0,0.0,1.0,17,17,17,475,1
300402,201813,2018-03-26,13,2018Q1,1,2018Q1,201813,2018Q1,2,1,2015Q1-2017Q4,2018Q1,2018Q1,2018Q1,same_quarter_last_week_features_to_same_quarter_last_week_fsfp,5,1,1.0,0.0,0.0,1.0,17,17,17,477,2
300403,201813,2018-03-26,13,2018Q1,1,2018Q1,201813,2018Q1,2,1,2015Q1-2017Q4,2018Q1,2018Q1,2018Q1,same_quarter_last_week_features_to_same_quarter_last_week_fsfp,5,0,0.0,0.0,0.0,1.0,17,17,17,478,0
300406,201813,2018-03-26,13,2018Q1,1,2018Q1,201813,2018Q1,2,1,2015Q1-2017Q4,2018Q1,2018Q1,2018Q1,same_quarter_last_week_features_to_same_quarter_last_week_fsfp,5,0,0.0,0.0,0.0,1.0,17,17,17,480,0
300408,201813,2018-03-26,13,2018Q1,1,2018Q1,201813,2018Q1,2,1,2015Q1-2017Q4,2018Q1,2018Q1,2018Q1,same_quarter_last_week_features_to_same_quarter_last_week_fsfp,5,0,0.0,0.0,0.0,1.0,17,17,17,482,0
300411,201805,2018-01-29,5,2018Q1,1,2018Q1,201805,2018Q1,2,1,2015Q1-2017Q4,2018Q1,2018Q1,2018Q1,same_quarter_last_week_features_to_same_quarter_last_week_fsfp,5,0,0.0,0.0,0.0,1.0,17,17,17,483,1
300422,201813,2018-03-26,13,2018Q1,1,2018Q1,201813,2018Q1,2,1,2015Q1-2017Q4,2018Q1,2018Q1,2018Q1,same_quarter_last_week_features_to_same_quarter_last_week_fsfp,5,0,0.0,0.0,0.0,1.0,17,17,17,488,0
300423,201812,2018-03-19,12,2018Q1,1,2018Q1,201812,2018Q1,2,1,2015Q1-2017Q4,2018Q1,2018Q1,2018Q1,same_quarter_last_week_features_to_same_quarter_last_week_fsfp,5,0,0.0,0.0,0.0,1.0,17,17,17,489,0
300426,201813,2018-03-26,13,2018Q1,1,2018Q1,201813,2018Q1,2,1,2015Q1-2017Q4,2018Q1,2018Q1,2018Q1,same_quarter_last_week_features_to_same_quarter_last_week_fsfp,5,0,0.0,0.0,0.0,1.0,17,17,17,490,0
300441,201801,2018-01-01,1,2018Q1,1,2018Q1,201801,2018Q1,2,1,2015Q1-2017Q4,2018Q1,2018Q1,2018Q1,same_quarter_last_week_features_to_same_quarter_last_week_fsfp,5,0,0.0,0.0,0.0,1.0,17,17,17,494,0
300443,201813,2018-03-26,13,2018Q1,1,2018Q1,201813,2018Q1,2,1,2015Q1-2017Q4,2018Q1,2018Q1,2018Q1,same_quarter_last_week_features_to_same_quarter_last_week_fsfp,5,0,0.0,0.0,0.0,1.0,17,17,17,495,0
300446,201813,2018-03-26,13,2018Q1,1,2018Q1,201813,2018Q1,2,1,2015Q1-2017Q4,2018Q1,2018Q1,2018Q1,same_quarter_last_week_features_to_same_quarter_last_week_fsfp,5,1,1.0,0.0,0.0,1.0,17,17,17,496,0
300447,201813,2018-03-26,13,2018Q1,1,2018Q1,201813,2018Q1,2,1,2015Q1-2017Q4,2018Q1,2018Q1,2018Q1,same_quarter_last_week_features_to_same_quarter_last_week_fsfp,5,0,0.0,0.0,0.0,1.0,17,17,17,497,0
300451,201813,2018-03-26,13,2018Q1,1,2018Q1,201813,2018Q1,2,1,2015Q1-2017Q4,2018Q1,2018Q1,2018Q1,same_quarter_last_week_features_to_same_quarter_last_week_fsfp,5,0,0.0,0.0,0.0,1.0,17,17,17,498,0
300452,201813,2018-03-26,13,2018Q1,1,2018Q1,201813,2018Q1,2,1,2015Q1-2017Q4,2018Q1,2018Q1,2018Q1,same_quarter_last_week_features_to_same_quarter_last_week_fsfp,5,0,0.0,0.0,0.0,1.0,17,17,17,499,0
300474,201813,2018-03-26,13,2018Q1,1,2018Q1,201813,2018Q1,2,1,2015Q1-2017Q4,2018Q1,2018Q1,2018Q1,same_quarter_last_week_features_to_same_quarter_last_week_fsfp,5,0,0.0,0.0,0.0,1.0,17,17,17,507,0
300475,201813,2018-03-26,13,2018Q1,1,2018Q1,201813,2018Q1,2,1,2015Q1-2017Q4,2018Q1,2018Q1,2018Q1,same_quarter_last_week_features_to_same_quarter_last_week_fsfp,5,0,0.0,0.0,0.0,1.0,17,17,17,508,0
300489,201813,2018-03-26,13,2018Q1,1,2018Q1,201813,2018Q1,2,1,2015Q1-2017Q4,2018Q1,2018Q1,2018Q1,same_quarter_last_week_features_to_same_quarter_last_week_fsfp,5,0,0.0,0.0,0.0,1.0,17,17,17,513,0
300492,201813,2018-03-26,13,2018Q1,1,2018Q1,201813,2018Q1,2,1,2015Q1-2017Q4,2018Q1,2018Q1,2018Q1,same_quarter_last_week_features_to_same_quarter_last_week_fsfp,5,0,0.0,0.0,0.0,1.0,17,17,17,514,0
300505,201813,2018-03-26,13,2018Q1,1,2018Q1,201813,2018Q1,2,1,2015Q1-2017Q4,2018Q1,2018Q1,2018Q1,same_quarter_last_week_features_to_same_quarter_last_week_fsfp,5,0,0.0,0.0,0.0,1.0,17,17,17,518,0
300506,201813,2018-03-26,13,2018Q1,1,2018Q1,201813,2018Q1,2,1,2015Q1-2017Q4,2018Q1,2018Q1,2018Q1,same_quarter_last_week_features_to_same_quarter_last_week_fsfp,5,0,0.0,0.0,0.0,1.0,17,17,17,519,0
300530,201813,2018-03-26,13,2018Q1,1,2018Q1,201813,2018Q1,2,1,2015Q1-2017Q4,2018Q1,2018Q1,2018Q1,same_quarter_last_week_features_to_same_quarter_last_week_fsfp,5,0,0.0,0.0,0.0,1.0,17,17,17,530,0
300533,201813,2018-03-26,13,2018Q1,1,2018Q1,201813,2018Q1,2,1,2015Q1-2017Q4,2018Q1,2018Q1,2018Q1,same_quarter_last_week_features_to_same_quarter_last_week_fsfp,5,0,0.0,0.0,0.0,1.0,17,17,17,532,0
300537,201813,2018-03-26,13,2018Q1,1,2018Q1,201813,2018Q1,2,1,2015Q1-2017Q4,2018Q1,2018Q1,2018Q1,same_quarter_last_week_features_to_same_quarter_last_week_fsfp,5,0,0.0,0.0,0.0,1.0,17,17,17,535,2
300538,201813,2018-03-26,13,2018Q1,1,2018Q1,201813,2018Q1,2,1,2015Q1-2017Q4,2018Q1,2018Q1,2018Q1,same_quarter_last_week_features_to_same_quarter_last_week_fsfp,5,0,0.0,0.0,0.0,1.0,17,17,17,536,0
300542,201813,2018-03-26,13,2018Q1,1,2018Q1,201813,2018Q1,2,1,2015Q1-2017Q4,2018Q1,2018Q1,2018Q1,same_quarter_last_week_features_to_same_quarter_last_week_fsfp,5,2,2.0,0.0,0.0,1.0,17,17,17,537,2
300561,201813,2018-03-26,13,2018Q1,1,2018Q1,201813,2018Q1,2,1,2015Q1-2017Q4,2018Q1,2018Q1,2018Q1,same_quarter_last_week_features_to_same_quarter_last_week_fsfp,5,2,2.0,0.0,0.0,1.0,17,17,17,542,0
300576,201813,2018-03-26,13,2018Q1,1,2018Q1,201813,2018Q1,2,1,2015Q1-2017Q4,2018Q1,2018Q1,2018Q1,same_quarter_last_week_features_to_same_quarter_last_week_fsfp,5,0,0.0,0.0,0.0,1.0,17,17,17,545,0
300582,201813,2018-03-26,13,2018Q1,1,2018Q1,201813,2018Q1,2,1,2015Q1-2017Q4,2018Q1,2018Q1,2018Q1,same_quarter_last_week_features_to_same_quarter_last_week_fsfp,5,0,0.0,0.0,0.0,1.0,17,17,17,547,2
300585,201813,2018-03-26,13,2018Q1,1,2018Q1,201813,2018Q1,2,1,2015Q1-2017Q4,2018Q1,2018Q1,2018Q1,same_quarter_last_week_features_to_same_quarter_last_week_fsfp,5,2,2.0,0.0,0.0,1.0,17,17,17,550,2
300587,201813,2018-03-26,13,2018Q1,1,2018Q1,201813,2018Q1,2,1,2015Q1-2017Q4,2018Q1,2018Q1,2018Q1,same_quarter_last_week_features_to_same_quarter_last_week_fsfp,5,0,0.0,0.0,0.0,1.0,17,17,17,551,0
300588,201813,2018-03-26,13,2018Q1,1,2018Q1,201813,2018Q1,2,1,2015Q1-2017Q4,2018Q1,2018Q1,2018Q1,same_quarter_last_week_features_to_same_quarter_last_week_fsfp,5,2,2.0,0.0,0.0,1.0,17,17,17,552,0
300593,201813,2018-03-26,13,2018Q1,1,2018Q1,201813,2018Q1,2,1,2015Q1-2017Q4,2018Q1,2018Q1,2018Q1,same_quarter_last_week_features_to_same_quarter_last_week_fsfp,5,0,0.0,0.0,0.0,1.0,17,17,17,554,0
300596,201813,2018-03-26,13,2018Q1,1,2018Q1,201813,2018Q1,2,1,2015Q1-2017Q4,2018Q1,2018Q1,2018Q1,same_quarter_last_week_features_to_same_quarter_last_week_fsfp,5,0,0.0,0.0,0.0,1.0,17,17,17,555,0
300598,201813,2018-03-26,13,2018Q1,1,2018Q1,201813,2018Q1,2,1,2015Q1-2017Q4,2018Q1,2018Q1,2018Q1,same_quarter_last_week_features_to_same_quarter_last_week_fsfp,5,2,2.0,0.0,0.0,1.0,17,17,17,557,2
300599,201813,2018-03-26,13,2018Q1,1,2018Q1,201813,2018Q1,2,1,2015Q1-2017Q4,2018Q1,2018Q1,2018Q1,same_quarter_last_week_features_to_same_quarter_last_week_fsfp,5,0,0.0,0.0,0.0,1.0,17,17,17,558,2
300600,201813,2018-03-26,13,2018Q1,1,2018Q1,201813,2018Q1,2,1,2015Q1-2017Q4,2018Q1,2018Q1,2018Q1,same_quarter_last_week_features_to_same_quarter_last_week_fsfp,5,2,2.0,0.0,0.0,1.0,17,17,17,559,2
300601,201813,2018-03-26,13,2018Q1,1,2018Q1,201813,2018Q1,2,1,2015Q1-2017Q4,2018Q1,2018Q1,2018Q1,same_quarter_last_week_features_to_same_quarter_last_week_fsfp,5,0,0.0,0.0,0.0,1.0,17,17,17,560,0
300602,201813,2018-03-26,13,2018Q1,1,2018Q1,201813,2018Q1,2,1,2015Q1-2017Q4,2018Q1,2018Q1,2018Q1,same_quarter_last_week_features_to_same_quarter_last_week_fsfp,5,2,2.0,0.0,0.0,1.0,17,17,17,561,2
300605,201813,2018-03-26,13,2018Q1,1,2018Q1,201813,2018Q1,2,1,2015Q1-2017Q4,2018Q1,2018Q1,2018Q1,same_quarter_last_week_features_to_same_quarter_last_week_fsfp,5,0,0.0,0.0,0.0,1.0,17,17,17,562,0
300606,201813,2018-03-26,13,2018Q1,1,2018Q1,201813,2018Q1,2,1,2015Q1-2017Q4,2018Q1,2018Q1,2018Q1,same_quarter_last_week_features_to_same_quarter_last_week_fsfp,5,2,2.0,0.0,0.0,1.0,17,17,17,563,2
300607,201813,2018-03-26,13,2018Q1,1,2018Q1,201813,2018Q1,2,1,2015Q1-2017Q4,2018Q1,2018Q1,2018Q1,same_quarter_last_week_features_to_same_quarter_last_week_fsfp,5,2,2.0,0.0,0.0,1.0,17,17,17,564,2
300608,201813,2018-03-26,13,2018Q1,1,2018Q1,201813,2018Q1,2,1,2015Q1-2017Q4,2018Q1,2018Q1,2018Q1,same_quarter_last_week_features_to_same_quarter_last_week_fsfp,5,2,2.0,0.0,0.0,1.0,17,17,17,565,2
300609,201813,2018-03-26,13,2018Q1,1,2018Q1,201813,2018Q1,2,1,2015Q1-2017Q4,2018Q1,2018Q1,2018Q1,same_quarter_last_week_features_to_same_quarter_last_week_fsfp,5,2,2.0,0.0,0.0,1.0,17,17,17,566,2
300610,201813,2018-03-26,13,2018Q1,1,2018Q1,201813,2018Q1,2,1,2015Q1-2017Q4,2018Q1,2018Q1,2018Q1,same_quarter_last_week_features_to_same_quarter_last_week_fsfp,5,0,0.0,0.0,0.0,1.0,17,17,17,567,0
300615,201813,2018-03-26,13,2018Q1,1,2018Q1,201813,2018Q1,2,1,2015Q1-2017Q4,2018Q1,2018Q1,2018Q1,same_quarter_last_week_features_to_same_quarter_last_week_fsfp,5,0,0.0,0.0,0.0,1.0,17,17,17,570,0
300617,201813,2018-03-26,13,2018Q1,1,2018Q1,201813,2018Q1,2,1,2015Q1-2017Q4,2018Q1,2018Q1,2018Q1,same_quarter_last_week_features_to_same_quarter_last_week_fsfp,5,2,2.0,0.0,0.0,1.0,17,17,17,572,2
300619,201813,2018-03-26,13,2018Q1,1,2018Q1,201813,2018Q1,2,1,2015Q1-2017Q4,2018Q1,2018Q1,2018Q1,same_quarter_last_week_features_to_same_quarter_last_week_fsfp,5,2,2.0,0.0,0.0,1.0,17,17,17,574,2
300621,201813,2018-03-26,13,2018Q1,1,2018Q1,201813,2018Q1,2,1,2015Q1-2017Q4,2018Q1,2018Q1,2018Q1,same_quarter_last_week_features_to_same_quarter_last_week_fsfp,5,2,2.0,0.0,0.0,1.0,17,17,17,576,2
300623,201813,2018-03-26,13,2018Q1,1,2018Q1,201813,2018Q1,2,1,2015Q1-2017Q4,2018Q1,2018Q1,2018Q1,same_quarter_last_week_features_to_same_quarter_last_week_fsfp,5,0,0.0,0.0,0.0,1.0,17,17,17,578,0
300626,201813,2018-03-26,13,2018Q1,1,2018Q1,201813,2018Q1,2,1,2015Q1-2017Q4,2018Q1,2018Q1,2018Q1,same_quarter_last_week_features_to_same_quarter_last_week_fsfp,5,0,0.0,0.0,0.0,1.0,17,17,17,580,0
300627,201813,2018-03-26,13,2018Q1,1,2018Q1,201813,2018Q1,2,1,2015Q1-2017Q4,2018Q1,2018Q1,2018Q1,same_quarter_last_week_features_to_same_quarter_last_week_fsfp,5,0,0.0,0.0,0.0,1.0,17,17,17,581,0
300628,201813,2018-03-26,13,2018Q1,1,2018Q1,201813,2018Q1,2,1,2015Q1-2017Q4,2018Q1,2018Q1,2018Q1,same_quarter_last_week_features_to_same_quarter_last_week_fsfp,5,0,0.0,0.0,0.0,1.0,17,17,17,582,0
300631,201813,2018-03-26,13,2018Q1,1,2018Q1,201813,2018Q1,2,1,2015Q1-2017Q4,2018Q1,2018Q1,2018Q1,same_quarter_last_week_features_to_same_quarter_last_week_fsfp,5,0,0.0,0.0,0.0,1.0,17,17,17,583,0
300633,201813,2018-03-26,13,2018Q1,1,2018Q1,201813,2018Q1,2,1,2015Q1-2017Q4,2018Q1,2018Q1,2018Q1,same_quarter_last_week_features_to_same_quarter_last_week_fsfp,5,0,0.0,0.0,0.0,1.0,17,17,17,585,0
300635,201813,2018-03-26,13,2018Q1,1,2018Q1,201813,2018Q1,2,1,2015Q1-2017Q4,2018Q1,2018Q1,2018Q1,same_quarter_last_week_features_to_same_quarter_last_week_fsfp,5,0,0.0,0.0,0.0,1.0,17,17,17,586,0
300636,201813,2018-03-26,13,2018Q1,1,2018Q1,201813,2018Q1,2,1,2015Q1-2017Q4,2018Q1,2018Q1,2018Q1,same_quarter_last_week_features_to_same_quarter_last_week_fsfp,5,0,0.0,0.0,0.0,1.0,17,17,17,587,0
600000,201813,2018-03-26,13,2018Q1,1,2018Q1,201813,2018Q1,2,1,2015Q1-2017Q4,2018Q1,2018Q1,2018Q1,same_quarter_last_week_features_to_same_quarter_last_week_fsfp,5,1,1.0,0.0,0.0,1.0,17,17,17,588,1
600004,201813,2018-03-26,13,2018Q1,1,2018Q1,201813,2018Q1,2,1,2015Q1-2017Q4,2018Q1,2018Q1,2018Q1,same_quarter_last_week_features_to_same_quarter_last_week_fsfp,5,0,0.0,0.0,0.0,1.0,17,17,17,589,0
600006,201813,2018-03-26,13,2018Q1,1,2018Q1,201813,2018Q1,2,1,2015Q1-2017Q4,2018Q1,2018Q1,2018Q1,same_quarter_last_week_features_to_same_quarter_last_week_fsfp,5,1,1.0,0.0,0.0,1.0,17,17,17,590,1
600007,201813,2018-03-26,13,2018Q1,1,2018Q1,201813,2018Q1,2,1,2015Q1-2017Q4,2018Q1,2018Q1,2018Q1,same_quarter_last_week_features_to_same_quarter_last_week_fsfp,5,0,0.0,0.0,0.0,1.0,17,17,17,591,0
600009,201813,2018-03-26,13,2018Q1,1,2018Q1,201813,2018Q1,2,1,2015Q1-2017Q4,2018Q1,2018Q1,2018Q1,same_quarter_last_week_features_to_same_quarter_last_week_fsfp,5,0,0.0,0.0,0.0,1.0,17,17,17,593,0
600010,201813,2018-03-26,13,2018Q1,1,2018Q1,201813,2018Q1,2,1,2015Q1-2017Q4,2018Q1,2018Q1,2018Q1,same_quarter_last_week_features_to_same_quarter_last_week_fsfp,5,0,0.0,0.0,0.0,1.0,17,17,17,594,0
600011,201813,2018-03-26,13,2018Q1,1,2018Q1,201813,2018Q1,2,1,2015Q1-2017Q4,2018Q1,2018Q1,2018Q1,same_quarter_last_week_features_to_same_quarter_last_week_fsfp,5,0,0.0,0.0,0.0,1.0,17,17,17,595,0
600012,201813,2018-03-26,13,2018Q1,1,2018Q1,201813,2018Q1,2,1,2015Q1-2017Q4,2018Q1,2018Q1,2018Q1,same_quarter_last_week_features_to_same_quarter_last_week_fsfp,5,2,2.0,0.0,0.0,1.0,17,17,17,596,2
600016,201813,2018-03-26,13,2018Q1,1,2018Q1,201813,2018Q1,2,1,2015Q1-2017Q4,2018Q1,2018Q1,2018Q1,same_quarter_last_week_features_to_same_quarter_last_week_fsfp,5,0,0.0,0.0,0.0,1.0,17,17,17,598,0
600017,201813,2018-03-26,13,2018Q1,1,2018Q1,201813,2018Q1,2,1,2015Q1-2017Q4,2018Q1,2018Q1,2018Q1,same_quarter_last_week_features_to_same_quarter_last_week_fsfp,5,1,1.0,0.0,0.0,1.0,17,17,17,599,1
600018,201813,2018-03-26,13,2018Q1,1,2018Q1,201813,2018Q1,2,1,2015Q1-2017Q4,2018Q1,2018Q1,2018Q1,same_quarter_last_week_features_to_same_quarter_last_week_fsfp,5,0,0.0,0.0,0.0,1.0,17,17,17,600,0
600019,201813,2018-03-26,13,2018Q1,1,2018Q1,201813,2018Q1,2,1,2015Q1-2017Q4,2018Q1,2018Q1,2018Q1,same_quarter_last_week_features_to_same_quarter_last_week_fsfp,5,0,0.0,0.0,0.0,1.0,17,17,17,601,0
600020,201813,2018-03-26,13,2018Q1,1,2018Q1,201813,2018Q1,2,1,2015Q1-2017Q4,2018Q1,2018Q1,2018Q1,same_quarter_last_week_features_to_same_quarter_last_week_fsfp,5,1,1.0,0.0,0.0,1.0,17,17,17,602,1
600022,201813,2018-03-26,13,2018Q1,1,2018Q1,201813,2018Q1,2,1,2015Q1-2017Q4,2018Q1,2018Q1,2018Q1,same_quarter_last_week_features_to_same_quarter_last_week_fsfp,5,1,1.0,0.0,0.0,1.0,17,17,17,604,1
600023,201813,2018-03-26,13,2018Q1,1,2018Q1,201813,2018Q1,2,1,2015Q1-2017Q4,2018Q1,2018Q1,2018Q1,same_quarter_last_week_features_to_same_quarter_last_week_fsfp,5,0,0.0,0.0,0.0,1.0,17,17,17,605,0
600026,201813,2018-03-26,13,2018Q1,1,2018Q1,201813,2018Q1,2,1,2015Q1-2017Q4,2018Q1,2018Q1,2018Q1,same_quarter_last_week_features_to_same_quarter_last_week_fsfp,5,0,0.0,0.0,0.0,1.0,17,17,17,606,0
600028,201813,2018-03-26,13,2018Q1,1,2018Q1,201813,2018Q1,2,1,2015Q1-2017Q4,2018Q1,2018Q1,2018Q1,same_quarter_last_week_features_to_same_quarter_last_week_fsfp,5,0,0.0,0.0,0.0,1.0,17,17,17,608,0
600029,201813,2018-03-26,13,2018Q1,1,2018Q1,201813,2018Q1,2,1,2015Q1-2017Q4,2018Q1,2018Q1,2018Q1,same_quarter_last_week_features_to_same_quarter_last_week_fsfp,5,0,0.0,0.0,0.0,1.0,17,17,17,609,0
600030,201813,2018-03-26,13,2018Q1,1,2018Q1,201813,2018Q1,2,1,2015Q1-2017Q4,2018Q1,2018Q1,2018Q1,same_quarter_last_week_features_to_same_quarter_last_week_fsfp,5,0,0.0,0.0,0.0,1.0,17,17,17,610,0
600033,201813,2018-03-26,13,2018Q1,1,2018Q1,201813,2018Q1,2,1,2015Q1-2017Q4,2018Q1,2018Q1,2018Q1,same_quarter_last_week_features_to_same_quarter_last_week_fsfp,5,1,1.0,0.0,0.0,1.0,17,17,17,612,1
600035,201813,2018-03-26,13,2018Q1,1,2018Q1,201813,2018Q1,2,1,2015Q1-2017Q4,2018Q1,2018Q1,2018Q1,same_quarter_last_week_features_to_same_quarter_last_week_fsfp,5,1,1.0,0.0,0.0,1.0,17,17,17,613,1
600036,201813,2018-03-26,13,2018Q1,1,2018Q1,201813,2018Q1,2,1,2015Q1-2017Q4,2018Q1,2018Q1,2018Q1,same_quarter_last_week_features_to_same_quarter_last_week_fsfp,5,0,0.0,0.0,0.0,1.0,17,17,17,614,0
600037,201813,2018-03-26,13,2018Q1,1,2018Q1,201813,2018Q1,2,1,2015Q1-2017Q4,2018Q1,2018Q1,2018Q1,same_quarter_last_week_features_to_same_quarter_last_week_fsfp,5,1,1.0,0.0,0.0,1.0,17,17,17,615,1
600038,201813,2018-03-26,13,2018Q1,1,2018Q1,201813,2018Q1,2,1,2015Q1-2017Q4,2018Q1,2018Q1,2018Q1,same_quarter_last_week_features_to_same_quarter_last_week_fsfp,5,0,0.0,0.0,0.0,1.0,17,17,17,616,0
600039,201813,2018-03-26,13,2018Q1,1,2018Q1,201813,2018Q1,2,1,2015Q1-2017Q4,2018Q1,2018Q1,2018Q1,same_quarter_last_week_features_to_same_quarter_last_week_fsfp,5,0,0.0,0.0,0.0,1.0,17,17,17,617,0
600048,201813,2018-03-26,13,2018Q1,1,2018Q1,201813,2018Q1,2,1,2015Q1-2017Q4,2018Q1,2018Q1,2018Q1,same_quarter_last_week_features_to_same_quarter_last_week_fsfp,5,0,0.0,0.0,0.0,1.0,17,17,17,618,0
600050,201813,2018-03-26,13,2018Q1,1,2018Q1,201813,2018Q1,2,1,2015Q1-2017Q4,2018Q1,2018Q1,2018Q1,same_quarter_last_week_features_to_same_quarter_last_week_fsfp,5,0,0.0,0.0,0.0,1.0,17,17,17,619,0
600051,201802,2018-01-08,2,2018Q1,1,2018Q1,201802,2018Q1,2,1,2015Q1-2017Q4,2018Q1,2018Q1,2018Q1,same_quarter_last_week_features_to_same_quarter_last_week_fsfp,5,1,1.0,0.0,0.0,1.0,17,17,17,620,1
600052,201813,2018-03-26,13,2018Q1,1,2018Q1,201813,2018Q1,2,1,2015Q1-2017Q4,2018Q1,2018Q1,2018Q1,same_quarter_last_week_features_to_same_quarter_last_week_fsfp,5,0,0.0,0.0,0.0,1.0,17,17,17,621,0
600053,201813,2018-03-26,13,2018Q1,1,2018Q1,201813,2018Q1,2,1,2015Q1-2017Q4,2018Q1,2018Q1,2018Q1,same_quarter_last_week_features_to_same_quarter_last_week_fsfp,5,2,2.0,0.0,0.0,1.0,17,17,17,622,2
600054,201813,2018-03-26,13,2018Q1,1,2018Q1,201813,2018Q1,2,1,2015Q1-2017Q4,2018Q1,2018Q1,2018Q1,same_quarter_last_week_features_to_same_quarter_last_week_fsfp,5,1,1.0,0.0,0.0,1.0,17,17,17,623,1
600055,201813,2018-03-26,13,2018Q1,1,2018Q1,201813,2018Q1,2,1,2015Q1-2017Q4,2018Q1,2018Q1,2018Q1,same_quarter_last_week_features_to_same_quarter_last_week_fsfp,5,1,1.0,0.0,0.0,1.0,17,17,17,624,1
600056,201813,2018-03-26,13,2018Q1,1,2018Q1,201813,2018Q1,2,1,2015Q1-2017Q4,2018Q1,2018Q1,2018Q1,same_quarter_last_week_features_to_same_quarter_last_week_fsfp,5,0,0.0,0.0,0.0,1.0,17,17,17,625,0
600057,201813,2018-03-26,13,2018Q1,1,2018Q1,201813,2018Q1,2,1,2015Q1-2017Q4,2018Q1,2018Q1,2018Q1,same_quarter_last_week_features_to_same_quarter_last_week_fsfp,5,1,1.0,0.0,0.0,1.0,17,17,17,626,1
600058,201813,2018-03-26,13,2018Q1,1,2018Q1,201813,2018Q1,2,1,2015Q1-2017Q4,2018Q1,2018Q1,2018Q1,same_quarter_last_week_features_to_same_quarter_last_week_fsfp,5,2,2.0,0.0,0.0,1.0,17,17,17,627,2
600059,201813,2018-03-26,13,2018Q1,1,2018Q1,201813,2018Q1,2,1,2015Q1-2017Q4,2018Q1,2018Q1,2018Q1,same_quarter_last_week_features_to_same_quarter_last_week_fsfp,5,1,1.0,0.0,0.0,1.0,17,17,17,628,1
600060,201813,2018-03-26,13,2018Q1,1,2018Q1,201813,2018Q1,2,1,2015Q1-2017Q4,2018Q1,2018Q1,2018Q1,same_quarter_last_week_features_to_same_quarter_last_week_fsfp,5,0,0.0,0.0,0.0,1.0,17,17,17,629,0
600061,201813,2018-03-26,13,2018Q1,1,2018Q1,201813,2018Q1,2,1,2015Q1-2017Q4,2018Q1,2018Q1,2018Q1,same_quarter_last_week_features_to_same_quarter_last_week_fsfp,5,0,0.0,0.0,0.0,1.0,17,17,17,630,0
600063,201813,2018-03-26,13,2018Q1,1,2018Q1,201813,2018Q1,2,1,2015Q1-2017Q4,2018Q1,2018Q1,2018Q1,same_quarter_last_week_features_to_same_quarter_last_week_fsfp,5,2,2.0,0.0,0.0,1.0,17,17,17,632,2
600064,201813,2018-03-26,13,2018Q1,1,2018Q1,201813,2018Q1,2,1,2015Q1-2017Q4,2018Q1,2018Q1,2018Q1,same_quarter_last_week_features_to_same_quarter_last_week_fsfp,5,1,1.0,0.0,0.0,1.0,17,17,17,633,1
600066,201813,2018-03-26,13,2018Q1,1,2018Q1,201813,2018Q1,2,1,2015Q1-2017Q4,2018Q1,2018Q1,2018Q1,same_quarter_last_week_features_to_same_quarter_last_week_fsfp,5,0,0.0,0.0,0.0,1.0,17,17,17,634,0
600067,201813,2018-03-26,13,2018Q1,1,2018Q1,201813,2018Q1,2,1,2015Q1-2017Q4,2018Q1,2018Q1,2018Q1,same_quarter_last_week_features_to_same_quarter_last_week_fsfp,5,0,0.0,0.0,0.0,1.0,17,17,17,635,0
600071,201813,2018-03-26,13,2018Q1,1,2018Q1,201813,2018Q1,2,1,2015Q1-2017Q4,2018Q1,2018Q1,2018Q1,same_quarter_last_week_features_to_same_quarter_last_week_fsfp,5,2,2.0,0.0,0.0,1.0,17,17,17,636,2
600072,201813,2018-03-26,13,2018Q1,1,2018Q1,201813,2018Q1,2,1,2015Q1-2017Q4,2018Q1,2018Q1,2018Q1,same_quarter_last_week_features_to_same_quarter_last_week_fsfp,5,1,1.0,0.0,0.0,1.0,17,17,17,637,1
600073,201813,2018-03-26,13,2018Q1,1,2018Q1,201813,2018Q1,2,1,2015Q1-2017Q4,2018Q1,2018Q1,2018Q1,same_quarter_last_week_features_to_same_quarter_last_week_fsfp,5,0,0.0,0.0,0.0,1.0,17,17,17,638,0
600075,201813,2018-03-26,13,2018Q1,1,2018Q1,201813,2018Q1,2,1,2015Q1-2017Q4,2018Q1,2018Q1,2018Q1,same_quarter_last_week_features_to_same_quarter_last_week_fsfp,5,1,1.0,0.0,0.0,1.0,17,17,17,639,1
600078,201813,2018-03-26,13,2018Q1,1,2018Q1,201813,2018Q1,2,1,2015Q1-2017Q4,2018Q1,2018Q1,2018Q1,same_quarter_last_week_features_to_same_quarter_last_week_fsfp,5,2,2.0,0.0,0.0,1.0,17,17,17,641,2
600080,201813,2018-03-26,13,2018Q1,1,2018Q1,201813,2018Q1,2,1,2015Q1-2017Q4,2018Q1,2018Q1,2018Q1,same_quarter_last_week_features_to_same_quarter_last_week_fsfp,5,2,2.0,0.0,0.0,1.0,17,17,17,643,2
600081,201813,2018-03-26,13,2018Q1,1,2018Q1,201813,2018Q1,2,1,2015Q1-2017Q4,2018Q1,2018Q1,2018Q1,same_quarter_last_week_features_to_same_quarter_last_week_fsfp,5,2,2.0,0.0,0.0,1.0,17,17,17,644,2
600082,201813,2018-03-26,13,2018Q1,1,2018Q1,201813,2018Q1,2,1,2015Q1-2017Q4,2018Q1,2018Q1,2018Q1,same_quarter_last_week_features_to_same_quarter_last_week_fsfp,5,2,2.0,0.0,0.0,1.0,17,17,17,645,2
600088,201813,2018-03-26,13,2018Q1,1,2018Q1,201813,2018Q1,2,1,2015Q1-2017Q4,2018Q1,2018Q1,2018Q1,same_quarter_last_week_features_to_same_quarter_last_week_fsfp,5,1,1.0,0.0,0.0,1.0,17,17,17,647,1
600089,201813,2018-03-26,13,2018Q1,1,2018Q1,201813,2018Q1,2,1,2015Q1-2017Q4,2018Q1,2018Q1,2018Q1,same_quarter_last_week_features_to_same_quarter_last_week_fsfp,5,0,0.0,0.0,0.0,1.0,17,17,17,648,0
600094,201813,2018-03-26,13,2018Q1,1,2018Q1,201813,2018Q1,2,1,2015Q1-2017Q4,2018Q1,2018Q1,2018Q1,same_quarter_last_week_features_to_same_quarter_last_week_fsfp,5,2,2.0,0.0,0.0,1.0,17,17,17,649,2
600095,201813,2018-03-26,13,2018Q1,1,2018Q1,201813,2018Q1,2,1,2015Q1-2017Q4,2018Q1,2018Q1,2018Q1,same_quarter_last_week_features_to_same_quarter_last_week_fsfp,5,0,0.0,0.0,0.0,1.0,17,17,17,650,0
600096,201813,2018-03-26,13,2018Q1,1,2018Q1,201813,2018Q1,2,1,2015Q1-2017Q4,2018Q1,2018Q1,2018Q1,same_quarter_last_week_features_to_same_quarter_last_week_fsfp,5,0,0.0,0.0,0.0,1.0,17,17,17,651,0
600097,201813,2018-03-26,13,2018Q1,1,2018Q1,201813,2018Q1,2,1,2015Q1-2017Q4,2018Q1,2018Q1,2018Q1,same_quarter_last_week_features_to_same_quarter_last_week_fsfp,5,2,2.0,0.0,0.0,1.0,17,17,17,652,2
600098,201813,2018-03-26,13,2018Q1,1,2018Q1,201813,2018Q1,2,1,2015Q1-2017Q4,2018Q1,2018Q1,2018Q1,same_quarter_last_week_features_to_same_quarter_last_week_fsfp,5,0,0.0,0.0,0.0,1.0,17,17,17,653,0
600099,201813,2018-03-26,13,2018Q1,1,2018Q1,201813,2018Q1,2,1,2015Q1-2017Q4,2018Q1,2018Q1,2018Q1,same_quarter_last_week_features_to_same_quarter_last_week_fsfp,5,1,1.0,0.0,0.0,1.0,17,17,17,654,1
600100,201813,2018-03-26,13,2018Q1,1,2018Q1,201813,2018Q1,2,1,2015Q1-2017Q4,2018Q1,2018Q1,2018Q1,same_quarter_last_week_features_to_same_quarter_last_week_fsfp,5,1,1.0,0.0,0.0,1.0,17,17,17,655,1
600101,201813,2018-03-26,13,2018Q1,1,2018Q1,201813,2018Q1,2,1,2015Q1-2017Q4,2018Q1,2018Q1,2018Q1,same_quarter_last_week_features_to_same_quarter_last_week_fsfp,5,2,2.0,0.0,0.0,1.0,17,17,17,656,2
600103,201813,2018-03-26,13,2018Q1,1,2018Q1,201813,2018Q1,2,1,2015Q1-2017Q4,2018Q1,2018Q1,2018Q1,same_quarter_last_week_features_to_same_quarter_last_week_fsfp,5,1,1.0,0.0,0.0,1.0,17,17,17,657,1
600104,201813,2018-03-26,13,2018Q1,1,2018Q1,201813,2018Q1,2,1,2015Q1-2017Q4,2018Q1,2018Q1,2018Q1,same_quarter_last_week_features_to_same_quarter_last_week_fsfp,5,0,0.0,0.0,0.0,1.0,17,17,17,658,0
600105,201813,2018-03-26,13,2018Q1,1,2018Q1,201813,2018Q1,2,1,2015Q1-2017Q4,2018Q1,2018Q1,2018Q1,same_quarter_last_week_features_to_same_quarter_last_week_fsfp,5,1,1.0,0.0,0.0,1.0,17,17,17,659,1
600106,201813,2018-03-26,13,2018Q1,1,2018Q1,201813,2018Q1,2,1,2015Q1-2017Q4,2018Q1,2018Q1,2018Q1,same_quarter_last_week_features_to_same_quarter_last_week_fsfp,5,2,2.0,0.0,0.0,1.0,17,17,17,660,2
600107,201813,2018-03-26,13,2018Q1,1,2018Q1,201813,2018Q1,2,1,2015Q1-2017Q4,2018Q1,2018Q1,2018Q1,same_quarter_last_week_features_to_same_quarter_last_week_fsfp,5,1,1.0,0.0,0.0,1.0,17,17,17,661,1
600110,201813,2018-03-26,13,2018Q1,1,2018Q1,201813,2018Q1,2,1,2015Q1-2017Q4,2018Q1,2018Q1,2018Q1,same_quarter_last_week_features_to_same_quarter_last_week_fsfp,5,1,1.0,0.0,0.0,1.0,17,17,17,664,1
600113,201813,2018-03-26,13,2018Q1,1,2018Q1,201813,2018Q1,2,1,2015Q1-2017Q4,2018Q1,2018Q1,2018Q1,same_quarter_last_week_features_to_same_quarter_last_week_fsfp,5,2,2.0,0.0,0.0,1.0,17,17,17,666,2
600114,201813,2018-03-26,13,2018Q1,1,2018Q1,201813,2018Q1,2,1,2015Q1-2017Q4,2018Q1,2018Q1,2018Q1,same_quarter_last_week_features_to_same_quarter_last_week_fsfp,5,1,1.0,0.0,0.0,1.0,17,17,17,667,1
600115,201813,2018-03-26,13,2018Q1,1,2018Q1,201813,2018Q1,2,1,2015Q1-2017Q4,2018Q1,2018Q1,2018Q1,same_quarter_last_week_features_to_same_quarter_last_week_fsfp,5,0,0.0,0.0,0.0,1.0,17,17,17,668,0
600116,201813,2018-03-26,13,2018Q1,1,2018Q1,201813,2018Q1,2,1,2015Q1-2017Q4,2018Q1,2018Q1,2018Q1,same_quarter_last_week_features_to_same_quarter_last_week_fsfp,5,1,1.0,0.0,0.0,1.0,17,17,17,669,1
600117,201813,2018-03-26,13,2018Q1,1,2018Q1,201813,2018Q1,2,1,2015Q1-2017Q4,2018Q1,2018Q1,2018Q1,same_quarter_last_week_features_to_same_quarter_last_week_fsfp,5,2,2.0,0.0,0.0,1.0,17,17,17,670,2
600118,201813,2018-03-26,13,2018Q1,1,2018Q1,201813,2018Q1,2,1,2015Q1-2017Q4,2018Q1,2018Q1,2018Q1,same_quarter_last_week_features_to_same_quarter_last_week_fsfp,5,0,0.0,0.0,0.0,1.0,17,17,17,671,0
600119,201813,2018-03-26,13,2018Q1,1,2018Q1,201813,2018Q1,2,1,2015Q1-2017Q4,2018Q1,2018Q1,2018Q1,same_quarter_last_week_features_to_same_quarter_last_week_fsfp,5,1,1.0,0.0,0.0,1.0,17,17,17,672,1
600120,201813,2018-03-26,13,2018Q1,1,2018Q1,201813,2018Q1,2,1,2015Q1-2017Q4,2018Q1,2018Q1,2018Q1,same_quarter_last_week_features_to_same_quarter_last_week_fsfp,5,1,1.0,0.0,0.0,1.0,17,17,17,673,1
600121,201813,2018-03-26,13,2018Q1,1,2018Q1,201813,2018Q1,2,1,2015Q1-2017Q4,2018Q1,2018Q1,2018Q1,same_quarter_last_week_features_to_same_quarter_last_week_fsfp,5,2,2.0,0.0,0.0,1.0,17,17,17,674,2
600123,201813,2018-03-26,13,2018Q1,1,2018Q1,201813,2018Q1,2,1,2015Q1-2017Q4,2018Q1,2018Q1,2018Q1,same_quarter_last_week_features_to_same_quarter_last_week_fsfp,5,1,1.0,0.0,0.0,1.0,17,17,17,675,1
600125,201813,2018-03-26,13,2018Q1,1,2018Q1,201813,2018Q1,2,1,2015Q1-2017Q4,2018Q1,2018Q1,2018Q1,same_quarter_last_week_features_to_same_quarter_last_week_fsfp,5,1,1.0,0.0,0.0,1.0,17,17,17,676,1
600126,201813,2018-03-26,13,2018Q1,1,2018Q1,201813,2018Q1,2,1,2015Q1-2017Q4,2018Q1,2018Q1,2018Q1,same_quarter_last_week_features_to_same_quarter_last_week_fsfp,5,0,0.0,0.0,0.0,1.0,17,17,17,677,0
600127,201813,2018-03-26,13,2018Q1,1,2018Q1,201813,2018Q1,2,1,2015Q1-2017Q4,2018Q1,2018Q1,2018Q1,same_quarter_last_week_features_to_same_quarter_last_week_fsfp,5,2,2.0,0.0,0.0,1.0,17,17,17,678,2
600128,201813,2018-03-26,13,2018Q1,1,2018Q1,201813,2018Q1,2,1,2015Q1-2017Q4,2018Q1,2018Q1,2018Q1,same_quarter_last_week_features_to_same_quarter_last_week_fsfp,5,0,0.0,0.0,0.0,1.0,17,17,17,679,0
600129,201813,2018-03-26,13,2018Q1,1,2018Q1,201813,2018Q1,2,1,2015Q1-2017Q4,2018Q1,2018Q1,2018Q1,same_quarter_last_week_features_to_same_quarter_last_week_fsfp,5,1,1.0,0.0,0.0,1.0,17,17,17,680,1
600131,201813,2018-03-26,13,2018Q1,1,2018Q1,201813,2018Q1,2,1,2015Q1-2017Q4,2018Q1,2018Q1,2018Q1,same_quarter_last_week_features_to_same_quarter_last_week_fsfp,5,0,0.0,0.0,0.0,1.0,17,17,17,682,0
600132,201813,2018-03-26,13,2018Q1,1,2018Q1,201813,2018Q1,2,1,2015Q1-2017Q4,2018Q1,2018Q1,2018Q1,same_quarter_last_week_features_to_same_quarter_last_week_fsfp,5,0,0.0,0.0,0.0,1.0,17,17,17,683,0
600133,201812,2018-03-19,12,2018Q1,1,2018Q1,201812,2018Q1,2,1,2015Q1-2017Q4,2018Q1,2018Q1,2018Q1,same_quarter_last_week_features_to_same_quarter_last_week_fsfp,5,1,1.0,0.0,0.0,1.0,17,17,17,684,1
600135,201813,2018-03-26,13,2018Q1,1,2018Q1,201813,2018Q1,2,1,2015Q1-2017Q4,2018Q1,2018Q1,2018Q1,same_quarter_last_week_features_to_same_quarter_last_week_fsfp,5,1,1.0,0.0,0.0,1.0,17,17,17,685,1
600136,201813,2018-03-26,13,2018Q1,1,2018Q1,201813,2018Q1,2,1,2015Q1-2017Q4,2018Q1,2018Q1,2018Q1,same_quarter_last_week_features_to_same_quarter_last_week_fsfp,5,0,0.0,0.0,0.0,1.0,17,17,17,686,0
600137,201813,2018-03-26,13,2018Q1,1,2018Q1,201813,2018Q1,2,1,2015Q1-2017Q4,2018Q1,2018Q1,2018Q1,same_quarter_last_week_features_to_same_quarter_last_week_fsfp,5,2,2.0,0.0,0.0,1.0,17,17,17,687,2
600138,201813,2018-03-26,13,2018Q1,1,2018Q1,201813,2018Q1,2,1,2015Q1-2017Q4,2018Q1,2018Q1,2018Q1,same_quarter_last_week_features_to_same_quarter_last_week_fsfp,5,1,1.0,0.0,0.0,1.0,17,17,17,688,1
600143,201813,2018-03-26,13,2018Q1,1,2018Q1,201813,2018Q1,2,1,2015Q1-2017Q4,2018Q1,2018Q1,2018Q1,same_quarter_last_week_features_to_same_quarter_last_week_fsfp,5,0,0.0,0.0,0.0,1.0,17,17,17,690,0
600148,201807,2018-02-12,7,2018Q1,1,2018Q1,201807,2018Q1,2,1,2015Q1-2017Q4,2018Q1,2018Q1,2018Q1,same_quarter_last_week_features_to_same_quarter_last_week_fsfp,5,1,1.0,0.0,0.0,1.0,17,17,17,691,1
600149,201813,2018-03-26,13,2018Q1,1,2018Q1,201813,2018Q1,2,1,2015Q1-2017Q4,2018Q1,2018Q1,2018Q1,same_quarter_last_week_features_to_same_quarter_last_week_fsfp,5,1,1.0,0.0,0.0,1.0,17,17,17,692,1
600150,201813,2018-03-26,13,2018Q1,1,2018Q1,201813,2018Q1,2,1,2015Q1-2017Q4,2018Q1,2018Q1,2018Q1,same_quarter_last_week_features_to_same_quarter_last_week_fsfp,5,0,0.0,0.0,0.0,1.0,17,17,17,693,0
600151,201813,2018-03-26,13,2018Q1,1,2018Q1,201813,2018Q1,2,1,2015Q1-2017Q4,2018Q1,2018Q1,2018Q1,same_quarter_last_week_features_to_same_quarter_last_week_fsfp,5,1,1.0,0.0,0.0,1.0,17,17,17,694,1
600153,201813,2018-03-26,13,2018Q1,1,2018Q1,201813,2018Q1,2,1,2015Q1-2017Q4,2018Q1,2018Q1,2018Q1,same_quarter_last_week_features_to_same_quarter_last_week_fsfp,5,0,0.0,0.0,0.0,1.0,17,17,17,696,0
600155,201813,2018-03-26,13,2018Q1,1,2018Q1,201813,2018Q1,2,1,2015Q1-2017Q4,2018Q1,2018Q1,2018Q1,same_quarter_last_week_features_to_same_quarter_last_week_fsfp,5,0,0.0,0.0,0.0,1.0,17,17,17,697,0
600156,201813,2018-03-26,13,2018Q1,1,2018Q1,201813,2018Q1,2,1,2015Q1-2017Q4,2018Q1,2018Q1,2018Q1,same_quarter_last_week_features_to_same_quarter_last_week_fsfp,5,2,2.0,0.0,0.0,1.0,17,17,17,698,2
600158,201813,2018-03-26,13,2018Q1,1,2018Q1,201813,2018Q1,2,1,2015Q1-2017Q4,2018Q1,2018Q1,2018Q1,same_quarter_last_week_features_to_same_quarter_last_week_fsfp,5,2,2.0,0.0,0.0,1.0,17,17,17,699,2
600159,201813,2018-03-26,13,2018Q1,1,2018Q1,201813,2018Q1,2,1,2015Q1-2017Q4,2018Q1,2018Q1,2018Q1,same_quarter_last_week_features_to_same_quarter_last_week_fsfp,5,1,1.0,0.0,0.0,1.0,17,17,17,700,1
600160,201813,2018-03-26,13,2018Q1,1,2018Q1,201813,2018Q1,2,1,2015Q1-2017Q4,2018Q1,2018Q1,2018Q1,same_quarter_last_week_features_to_same_quarter_last_week_fsfp,5,0,0.0,0.0,0.0,1.0,17,17,17,701,0
600161,201813,2018-03-26,13,2018Q1,1,2018Q1,201813,2018Q1,2,1,2015Q1-2017Q4,2018Q1,2018Q1,2018Q1,same_quarter_last_week_features_to_same_quarter_last_week_fsfp,5,0,0.0,0.0,0.0,1.0,17,17,17,702,0
600162,201813,2018-03-26,13,2018Q1,1,2018Q1,201813,2018Q1,2,1,2015Q1-2017Q4,2018Q1,2018Q1,2018Q1,same_quarter_last_week_features_to_same_quarter_last_week_fsfp,5,2,2.0,0.0,0.0,1.0,17,17,17,703,2
600163,201813,2018-03-26,13,2018Q1,1,2018Q1,201813,2018Q1,2,1,2015Q1-2017Q4,2018Q1,2018Q1,2018Q1,same_quarter_last_week_features_to_same_quarter_last_week_fsfp,5,1,1.0,0.0,0.0,1.0,17,17,17,704,1
600165,201807,2018-02-12,7,2018Q1,1,2018Q1,201807,2018Q1,2,1,2015Q1-2017Q4,2018Q1,2018Q1,2018Q1,same_quarter_last_week_features_to_same_quarter_last_week_fsfp,5,0,0.0,0.0,0.0,1.0,17,17,17,705,0
600167,201813,2018-03-26,13,2018Q1,1,2018Q1,201813,2018Q1,2,1,2015Q1-2017Q4,2018Q1,2018Q1,2018Q1,same_quarter_last_week_features_to_same_quarter_last_week_fsfp,5,1,1.0,0.0,0.0,1.0,17,17,17,707,1
600168,201813,2018-03-26,13,2018Q1,1,2018Q1,201813,2018Q1,2,1,2015Q1-2017Q4,2018Q1,2018Q1,2018Q1,same_quarter_last_week_features_to_same_quarter_last_week_fsfp,5,2,2.0,0.0,0.0,1.0,17,17,17,708,2
600169,201813,2018-03-26,13,2018Q1,1,2018Q1,201813,2018Q1,2,1,2015Q1-2017Q4,2018Q1,2018Q1,2018Q1,same_quarter_last_week_features_to_same_quarter_last_week_fsfp,5,1,1.0,0.0,0.0,1.0,17,17,17,709,1
600170,201813,2018-03-26,13,2018Q1,1,2018Q1,201813,2018Q1,2,1,2015Q1-2017Q4,2018Q1,2018Q1,2018Q1,same_quarter_last_week_features_to_same_quarter_last_week_fsfp,5,0,0.0,0.0,0.0,1.0,17,17,17,710,0
600171,201813,2018-03-26,13,2018Q1,1,2018Q1,201813,2018Q1,2,1,2015Q1-2017Q4,2018Q1,2018Q1,2018Q1,same_quarter_last_week_features_to_same_quarter_last_week_fsfp,5,0,0.0,0.0,0.0,1.0,17,17,17,711,0
600172,201813,2018-03-26,13,2018Q1,1,2018Q1,201813,2018Q1,2,1,2015Q1-2017Q4,2018Q1,2018Q1,2018Q1,same_quarter_last_week_features_to_same_quarter_last_week_fsfp,5,1,1.0,0.0,0.0,1.0,17,17,17,712,1
600173,201813,2018-03-26,13,2018Q1,1,2018Q1,201813,2018Q1,2,1,2015Q1-2017Q4,2018Q1,2018Q1,2018Q1,same_quarter_last_week_features_to_same_quarter_last_week_fsfp,5,0,0.0,0.0,0.0,1.0,17,17,17,713,0
600177,201813,2018-03-26,13,2018Q1,1,2018Q1,201813,2018Q1,2,1,2015Q1-2017Q4,2018Q1,2018Q1,2018Q1,same_quarter_last_week_features_to_same_quarter_last_week_fsfp,5,0,0.0,0.0,0.0,1.0,17,17,17,715,0
600179,201813,2018-03-26,13,2018Q1,1,2018Q1,201813,2018Q1,2,1,2015Q1-2017Q4,2018Q1,2018Q1,2018Q1,same_quarter_last_week_features_to_same_quarter_last_week_fsfp,5,1,1.0,0.0,0.0,1.0,17,17,17,717,1
600182,201813,2018-03-26,13,2018Q1,1,2018Q1,201813,2018Q1,2,1,2015Q1-2017Q4,2018Q1,2018Q1,2018Q1,same_quarter_last_week_features_to_same_quarter_last_week_fsfp,5,2,2.0,0.0,0.0,1.0,17,17,17,719,2
600183,201813,2018-03-26,13,2018Q1,1,2018Q1,201813,2018Q1,2,1,2015Q1-2017Q4,2018Q1,2018Q1,2018Q1,same_quarter_last_week_features_to_same_quarter_last_week_fsfp,5,0,0.0,0.0,0.0,1.0,17,17,17,720,0
600184,201813,2018-03-26,13,2018Q1,1,2018Q1,201813,2018Q1,2,1,2015Q1-2017Q4,2018Q1,2018Q1,2018Q1,same_quarter_last_week_features_to_same_quarter_last_week_fsfp,5,2,2.0,0.0,0.0,1.0,17,17,17,721,2
600186,201813,2018-03-26,13,2018Q1,1,2018Q1,201813,2018Q1,2,1,2015Q1-2017Q4,2018Q1,2018Q1,2018Q1,same_quarter_last_week_features_to_same_quarter_last_week_fsfp,5,0,0.0,0.0,0.0,1.0,17,17,17,723,0
600187,201813,2018-03-26,13,2018Q1,1,2018Q1,201813,2018Q1,2,1,2015Q1-2017Q4,2018Q1,2018Q1,2018Q1,same_quarter_last_week_features_to_same_quarter_last_week_fsfp,5,2,2.0,0.0,0.0,1.0,17,17,17,724,2
600188,201813,2018-03-26,13,2018Q1,1,2018Q1,201813,2018Q1,2,1,2015Q1-2017Q4,2018Q1,2018Q1,2018Q1,same_quarter_last_week_features_to_same_quarter_last_week_fsfp,5,0,0.0,0.0,0.0,1.0,17,17,17,725,0
600189,201813,2018-03-26,13,2018Q1,1,2018Q1,201813,2018Q1,2,1,2015Q1-2017Q4,2018Q1,2018Q1,2018Q1,same_quarter_last_week_features_to_same_quarter_last_week_fsfp,5,2,2.0,0.0,0.0,1.0,17,17,17,726,2
600191,201813,2018-03-26,13,2018Q1,1,2018Q1,201813,2018Q1,2,1,2015Q1-2017Q4,2018Q1,2018Q1,2018Q1,same_quarter_last_week_features_to_same_quarter_last_week_fsfp,5,2,2.0,0.0,0.0,1.0,17,17,17,728,2
600192,201813,2018-03-26,13,2018Q1,1,2018Q1,201813,2018Q1,2,1,2015Q1-2017Q4,2018Q1,2018Q1,2018Q1,same_quarter_last_week_features_to_same_quarter_last_week_fsfp,5,1,1.0,0.0,0.0,1.0,17,17,17,729,1
600195,201813,2018-03-26,13,2018Q1,1,2018Q1,201813,2018Q1,2,1,2015Q1-2017Q4,2018Q1,2018Q1,2018Q1,same_quarter_last_week_features_to_same_quarter_last_week_fsfp,5,2,2.0,0.0,0.0,1.0,17,17,17,731,2
600197,201813,2018-03-26,13,2018Q1,1,2018Q1,201813,2018Q1,2,1,2015Q1-2017Q4,2018Q1,2018Q1,2018Q1,same_quarter_last_week_features_to_same_quarter_last_week_fsfp,5,2,2.0,0.0,0.0,1.0,17,17,17,733,2
600198,201813,2018-03-26,13,2018Q1,1,2018Q1,201813,2018Q1,2,1,2015Q1-2017Q4,2018Q1,2018Q1,2018Q1,same_quarter_last_week_features_to_same_quarter_last_week_fsfp,5,1,1.0,0.0,0.0,1.0,17,17,17,734,1
000063,201813,2018-03-26,13,2018Q1,1,2018Q1,201813,2018Q1,2,1,2015Q1-2017Q4,2018Q1,2018Q1,2018Q1,same_quarter_last_week_features_to_same_quarter_last_week_fsfp,6,1,1.0,0.0,0.0,1.0,17,17,17,8,1
000153,201813,2018-03-26,13,2018Q1,1,2018Q1,201813,2018Q1,2,1,2015Q1-2017Q4,2018Q1,2018Q1,2018Q1,same_quarter_last_week_features_to_same_quarter_last_week_fsfp,6,0,0.0,0.0,0.0,1.0,17,17,17,11,1
000404,201813,2018-03-26,13,2018Q1,1,2018Q1,201813,2018Q1,2,1,2015Q1-2017Q4,2018Q1,2018Q1,2018Q1,same_quarter_last_week_features_to_same_quarter_last_week_fsfp,6,1,1.0,0.0,0.0,1.0,17,17,17,13,0
000411,201813,2018-03-26,13,2018Q1,1,2018Q1,201813,2018Q1,2,1,2015Q1-2017Q4,2018Q1,2018Q1,2018Q1,same_quarter_last_week_features_to_same_quarter_last_week_fsfp,6,1,1.0,0.0,0.0,1.0,17,17,17,15,2
000509,201813,2018-03-26,13,2018Q1,1,2018Q1,201813,2018Q1,2,1,2015Q1-2017Q4,2018Q1,2018Q1,2018Q1,same_quarter_last_week_features_to_same_quarter_last_week_fsfp,6,0,0.0,0.0,0.0,1.0,17,17,17,19,2
000524,201813,2018-03-26,13,2018Q1,1,2018Q1,201813,2018Q1,2,1,2015Q1-2017Q4,2018Q1,2018Q1,2018Q1,same_quarter_last_week_features_to_same_quarter_last_week_fsfp,6,1,1.0,0.0,0.0,1.0,17,17,17,22,1
000538,201813,2018-03-26,13,2018Q1,1,2018Q1,201813,2018Q1,2,1,2015Q1-2017Q4,2018Q1,2018Q1,2018Q1,same_quarter_last_week_features_to_same_quarter_last_week_fsfp,6,1,1.0,0.0,0.0,1.0,17,17,17,23,1
000550,201813,2018-03-26,13,2018Q1,1,2018Q1,201813,2018Q1,2,1,2015Q1-2017Q4,2018Q1,2018Q1,2018Q1,same_quarter_last_week_features_to_same_quarter_last_week_fsfp,6,1,1.0,0.0,0.0,1.0,17,17,17,27,1
000560,201813,2018-03-26,13,2018Q1,1,2018Q1,201813,2018Q1,2,1,2015Q1-2017Q4,2018Q1,2018Q1,2018Q1,same_quarter_last_week_features_to_same_quarter_last_week_fsfp,6,0,0.0,0.0,0.0,1.0,17,17,17,30,2
000608,201813,2018-03-26,13,2018Q1,1,2018Q1,201813,2018Q1,2,1,2015Q1-2017Q4,2018Q1,2018Q1,2018Q1,same_quarter_last_week_features_to_same_quarter_last_week_fsfp,6,0,0.0,0.0,0.0,1.0,17,17,17,35,0
000670,201813,2018-03-26,13,2018Q1,1,2018Q1,201813,2018Q1,2,1,2015Q1-2017Q4,2018Q1,2018Q1,2018Q1,same_quarter_last_week_features_to_same_quarter_last_week_fsfp,6,0,0.0,0.0,0.0,1.0,17,17,17,43,1
000686,201813,2018-03-26,13,2018Q1,1,2018Q1,201813,2018Q1,2,1,2015Q1-2017Q4,2018Q1,2018Q1,2018Q1,same_quarter_last_week_features_to_same_quarter_last_week_fsfp,6,2,2.0,0.0,0.0,1.0,17,17,17,45,2
000726,201813,2018-03-26,13,2018Q1,1,2018Q1,201813,2018Q1,2,1,2015Q1-2017Q4,2018Q1,2018Q1,2018Q1,same_quarter_last_week_features_to_same_quarter_last_week_fsfp,6,1,1.0,0.0,0.0,1.0,17,17,17,52,1
000751,201813,2018-03-26,13,2018Q1,1,2018Q1,201813,2018Q1,2,1,2015Q1-2017Q4,2018Q1,2018Q1,2018Q1,same_quarter_last_week_features_to_same_quarter_last_week_fsfp,6,0,0.0,0.0,0.0,1.0,17,17,17,55,2
000798,201813,2018-03-26,13,2018Q1,1,2018Q1,201813,2018Q1,2,1,2015Q1-2017Q4,2018Q1,2018Q1,2018Q1,same_quarter_last_week_features_to_same_quarter_last_week_fsfp,6,1,1.0,0.0,0.0,1.0,17,17,17,60,2
000905,201813,2018-03-26,13,2018Q1,1,2018Q1,201813,2018Q1,2,1,2015Q1-2017Q4,2018Q1,2018Q1,2018Q1,same_quarter_last_week_features_to_same_quarter_last_week_fsfp,6,1,1.0,0.0,0.0,1.0,17,17,17,72,1
002004,201813,2018-03-26,13,2018Q1,1,2018Q1,201813,2018Q1,2,1,2015Q1-2017Q4,2018Q1,2018Q1,2018Q1,same_quarter_last_week_features_to_same_quarter_last_week_fsfp,6,1,1.0,0.0,0.0,1.0,17,17,17,82,0
002059,201812,2018-03-19,12,2018Q1,1,2018Q1,201812,2018Q1,2,1,2015Q1-2017Q4,2018Q1,2018Q1,2018Q1,same_quarter_last_week_features_to_same_quarter_last_week_fsfp,6,1,1.0,0.0,0.0,1.0,17,17,17,96,2
002100,201813,2018-03-26,13,2018Q1,1,2018Q1,201813,2018Q1,2,1,2015Q1-2017Q4,2018Q1,2018Q1,2018Q1,same_quarter_last_week_features_to_same_quarter_last_week_fsfp,6,1,1.0,0.0,0.0,1.0,17,17,17,99,0
002149,201813,2018-03-26,13,2018Q1,1,2018Q1,201813,2018Q1,2,1,2015Q1-2017Q4,2018Q1,2018Q1,2018Q1,same_quarter_last_week_features_to_same_quarter_last_week_fsfp,6,1,1.0,0.0,0.0,1.0,17,17,17,103,1
002175,201813,2018-03-26,13,2018Q1,1,2018Q1,201813,2018Q1,2,1,2015Q1-2017Q4,2018Q1,2018Q1,2018Q1,same_quarter_last_week_features_to_same_quarter_last_week_fsfp,6,0,0.0,0.0,0.0,1.0,17,17,17,107,0
002211,201813,2018-03-26,13,2018Q1,1,2018Q1,201813,2018Q1,2,1,2015Q1-2017Q4,2018Q1,2018Q1,2018Q1,same_quarter_last_week_features_to_same_quarter_last_week_fsfp,6,1,1.0,0.0,0.0,1.0,17,17,17,114,2
002217,201813,2018-03-26,13,2018Q1,1,2018Q1,201813,2018Q1,2,1,2015Q1-2017Q4,2018Q1,2018Q1,2018Q1,same_quarter_last_week_features_to_same_quarter_last_week_fsfp,6,1,1.0,0.0,0.0,1.0,17,17,17,115,0
002253,201813,2018-03-26,13,2018Q1,1,2018Q1,201813,2018Q1,2,1,2015Q1-2017Q4,2018Q1,2018Q1,2018Q1,same_quarter_last_week_features_to_same_quarter_last_week_fsfp,6,0,0.0,0.0,0.0,1.0,17,17,17,126,0
002300,201813,2018-03-26,13,2018Q1,1,2018Q1,201813,2018Q1,2,1,2015Q1-2017Q4,2018Q1,2018Q1,2018Q1,same_quarter_last_week_features_to_same_quarter_last_week_fsfp,6,0,0.0,0.0,0.0,1.0,17,17,17,138,0
002391,201813,2018-03-26,13,2018Q1,1,2018Q1,201813,2018Q1,2,1,2015Q1-2017Q4,2018Q1,2018Q1,2018Q1,same_quarter_last_week_features_to_same_quarter_last_week_fsfp,6,0,0.0,0.0,0.0,1.0,17,17,17,151,0
002403,201813,2018-03-26,13,2018Q1,1,2018Q1,201813,2018Q1,2,1,2015Q1-2017Q4,2018Q1,2018Q1,2018Q1,same_quarter_last_week_features_to_same_quarter_last_week_fsfp,6,0,0.0,0.0,0.0,1.0,17,17,17,156,0
002443,201813,2018-03-26,13,2018Q1,1,2018Q1,201813,2018Q1,2,1,2015Q1-2017Q4,2018Q1,2018Q1,2018Q1,same_quarter_last_week_features_to_same_quarter_last_week_fsfp,6,0,0.0,0.0,0.0,1.0,17,17,17,165,0
002449,201813,2018-03-26,13,2018Q1,1,2018Q1,201813,2018Q1,2,1,2015Q1-2017Q4,2018Q1,2018Q1,2018Q1,same_quarter_last_week_features_to_same_quarter_last_week_fsfp,6,1,1.0,0.0,0.0,1.0,17,17,17,167,0
002469,201813,2018-03-26,13,2018Q1,1,2018Q1,201813,2018Q1,2,1,2015Q1-2017Q4,2018Q1,2018Q1,2018Q1,same_quarter_last_week_features_to_same_quarter_last_week_fsfp,6,0,0.0,0.0,0.0,1.0,17,17,17,169,0
002492,201813,2018-03-26,13,2018Q1,1,2018Q1,201813,2018Q1,2,1,2015Q1-2017Q4,2018Q1,2018Q1,2018Q1,same_quarter_last_week_features_to_same_quarter_last_week_fsfp,6,0,0.0,0.0,0.0,1.0,17,17,17,173,2
002494,201813,2018-03-26,13,2018Q1,1,2018Q1,201813,2018Q1,2,1,2015Q1-2017Q4,2018Q1,2018Q1,2018Q1,same_quarter_last_week_features_to_same_quarter_last_week_fsfp,6,1,1.0,0.0,0.0,1.0,17,17,17,174,1
002514,201813,2018-03-26,13,2018Q1,1,2018Q1,201813,2018Q1,2,1,2015Q1-2017Q4,2018Q1,2018Q1,2018Q1,same_quarter_last_week_features_to_same_quarter_last_week_fsfp,6,0,0.0,0.0,0.0,1.0,17,17,17,177,0
002548,201813,2018-03-26,13,2018Q1,1,2018Q1,201813,2018Q1,2,1,2015Q1-2017Q4,2018Q1,2018Q1,2018Q1,same_quarter_last_week_features_to_same_quarter_last_week_fsfp,6,1,1.0,0.0,0.0,1.0,17,17,17,182,1
002550,201813,2018-03-26,13,2018Q1,1,2018Q1,201813,2018Q1,2,1,2015Q1-2017Q4,2018Q1,2018Q1,2018Q1,same_quarter_last_week_features_to_same_quarter_last_week_fsfp,6,1,1.0,0.0,0.0,1.0,17,17,17,184,1
002553,201813,2018-03-26,13,2018Q1,1,2018Q1,201813,2018Q1,2,1,2015Q1-2017Q4,2018Q1,2018Q1,2018Q1,same_quarter_last_week_features_to_same_quarter_last_week_fsfp,6,0,0.0,0.0,0.0,1.0,17,17,17,185,0
002578,201811,2018-03-12,11,2018Q1,1,2018Q1,201811,2018Q1,2,1,2015Q1-2017Q4,2018Q1,2018Q1,2018Q1,same_quarter_last_week_features_to_same_quarter_last_week_fsfp,6,0,0.0,0.0,0.0,1.0,17,17,17,190,2
002579,201813,2018-03-26,13,2018Q1,1,2018Q1,201813,2018Q1,2,1,2015Q1-2017Q4,2018Q1,2018Q1,2018Q1,same_quarter_last_week_features_to_same_quarter_last_week_fsfp,6,0,0.0,0.0,0.0,1.0,17,17,17,191,2
002584,201805,2018-01-29,5,2018Q1,1,2018Q1,201805,2018Q1,2,1,2015Q1-2017Q4,2018Q1,2018Q1,2018Q1,same_quarter_last_week_features_to_same_quarter_last_week_fsfp,6,0,0.0,0.0,0.0,1.0,17,17,17,192,0
002593,201813,2018-03-26,13,2018Q1,1,2018Q1,201813,2018Q1,2,1,2015Q1-2017Q4,2018Q1,2018Q1,2018Q1,same_quarter_last_week_features_to_same_quarter_last_week_fsfp,6,0,0.0,0.0,0.0,1.0,17,17,17,195,0
002599,201813,2018-03-26,13,2018Q1,1,2018Q1,201813,2018Q1,2,1,2015Q1-2017Q4,2018Q1,2018Q1,2018Q1,same_quarter_last_week_features_to_same_quarter_last_week_fsfp,6,2,2.0,0.0,0.0,1.0,17,17,17,196,0
002609,201813,2018-03-26,13,2018Q1,1,2018Q1,201813,2018Q1,2,1,2015Q1-2017Q4,2018Q1,2018Q1,2018Q1,same_quarter_last_week_features_to_same_quarter_last_week_fsfp,6,1,1.0,0.0,0.0,1.0,17,17,17,198,1
002742,201813,2018-03-26,13,2018Q1,1,2018Q1,201813,2018Q1,2,1,2015Q1-2017Q4,2018Q1,2018Q1,2018Q1,same_quarter_last_week_features_to_same_quarter_last_week_fsfp,6,0,0.0,0.0,0.0,1.0,17,17,17,222,0
002748,201813,2018-03-26,13,2018Q1,1,2018Q1,201813,2018Q1,2,1,2015Q1-2017Q4,2018Q1,2018Q1,2018Q1,same_quarter_last_week_features_to_same_quarter_last_week_fsfp,6,0,0.0,0.0,0.0,1.0,17,17,17,223,0
002771,201813,2018-03-26,13,2018Q1,1,2018Q1,201813,2018Q1,2,1,2015Q1-2017Q4,2018Q1,2018Q1,2018Q1,same_quarter_last_week_features_to_same_quarter_last_week_fsfp,6,0,0.0,0.0,0.0,1.0,17,17,17,230,1
002782,201813,2018-03-26,13,2018Q1,1,2018Q1,201813,2018Q1,2,1,2015Q1-2017Q4,2018Q1,2018Q1,2018Q1,same_quarter_last_week_features_to_same_quarter_last_week_fsfp,6,0,0.0,0.0,0.0,1.0,17,17,17,232,1
002802,201813,2018-03-26,13,2018Q1,1,2018Q1,201813,2018Q1,2,1,2015Q1-2017Q4,2018Q1,2018Q1,2018Q1,same_quarter_last_week_features_to_same_quarter_last_week_fsfp,6,0,0.0,0.0,0.0,1.0,17,17,17,238,1
002811,201813,2018-03-26,13,2018Q1,1,2018Q1,201813,2018Q1,2,1,2015Q1-2017Q4,2018Q1,2018Q1,2018Q1,same_quarter_last_week_features_to_same_quarter_last_week_fsfp,6,2,2.0,0.0,0.0,1.0,17,17,17,243,0
002822,201813,2018-03-26,13,2018Q1,1,2018Q1,201813,2018Q1,2,1,2015Q1-2017Q4,2018Q1,2018Q1,2018Q1,same_quarter_last_week_features_to_same_quarter_last_week_fsfp,6,2,2.0,0.0,0.0,1.0,17,17,17,245,1
002836,201813,2018-03-26,13,2018Q1,1,2018Q1,201813,2018Q1,2,1,2015Q1-2017Q4,2018Q1,2018Q1,2018Q1,same_quarter_last_week_features_to_same_quarter_last_week_fsfp,6,0,0.0,0.0,0.0,1.0,17,17,17,249,2
002838,201813,2018-03-26,13,2018Q1,1,2018Q1,201813,2018Q1,2,1,2015Q1-2017Q4,2018Q1,2018Q1,2018Q1,same_quarter_last_week_features_to_same_quarter_last_week_fsfp,6,0,0.0,0.0,0.0,1.0,17,17,17,250,0
002862,201813,2018-03-26,13,2018Q1,1,2018Q1,201813,2018Q1,2,1,2015Q1-2017Q4,2018Q1,2018Q1,2018Q1,same_quarter_last_week_features_to_same_quarter_last_week_fsfp,6,0,0.0,0.0,0.0,1.0,17,17,17,254,2
300006,201813,2018-03-26,13,2018Q1,1,2018Q1,201813,2018Q1,2,1,2015Q1-2017Q4,2018Q1,2018Q1,2018Q1,same_quarter_last_week_features_to_same_quarter_last_week_fsfp,6,0,0.0,0.0,0.0,1.0,17,17,17,255,1
300017,201813,2018-03-26,13,2018Q1,1,2018Q1,201813,2018Q1,2,1,2015Q1-2017Q4,2018Q1,2018Q1,2018Q1,same_quarter_last_week_features_to_same_quarter_last_week_fsfp,6,0,0.0,0.0,0.0,1.0,17,17,17,257,0
300025,201813,2018-03-26,13,2018Q1,1,2018Q1,201813,2018Q1,2,1,2015Q1-2017Q4,2018Q1,2018Q1,2018Q1,same_quarter_last_week_features_to_same_quarter_last_week_fsfp,6,0,0.0,0.0,0.0,1.0,17,17,17,258,1
300033,201813,2018-03-26,13,2018Q1,1,2018Q1,201813,2018Q1,2,1,2015Q1-2017Q4,2018Q1,2018Q1,2018Q1,same_quarter_last_week_features_to_same_quarter_last_week_fsfp,6,2,2.0,0.0,0.0,1.0,17,17,17,261,1
300042,201813,2018-03-26,13,2018Q1,1,2018Q1,201813,2018Q1,2,1,2015Q1-2017Q4,2018Q1,2018Q1,2018Q1,same_quarter_last_week_features_to_same_quarter_last_week_fsfp,6,0,0.0,0.0,0.0,1.0,17,17,17,263,2
300107,201813,2018-03-26,13,2018Q1,1,2018Q1,201813,2018Q1,2,1,2015Q1-2017Q4,2018Q1,2018Q1,2018Q1,same_quarter_last_week_features_to_same_quarter_last_week_fsfp,6,0,0.0,0.0,0.0,1.0,17,17,17,275,1
300126,201813,2018-03-26,13,2018Q1,1,2018Q1,201813,2018Q1,2,1,2015Q1-2017Q4,2018Q1,2018Q1,2018Q1,same_quarter_last_week_features_to_same_quarter_last_week_fsfp,6,0,0.0,0.0,0.0,1.0,17,17,17,281,0
300127,201813,2018-03-26,13,2018Q1,1,2018Q1,201813,2018Q1,2,1,2015Q1-2017Q4,2018Q1,2018Q1,2018Q1,same_quarter_last_week_features_to_same_quarter_last_week_fsfp,6,0,0.0,0.0,0.0,1.0,17,17,17,282,0
300152,201813,2018-03-26,13,2018Q1,1,2018Q1,201813,2018Q1,2,1,2015Q1-2017Q4,2018Q1,2018Q1,2018Q1,same_quarter_last_week_features_to_same_quarter_last_week_fsfp,6,0,0.0,0.0,0.0,1.0,17,17,17,293,1
300154,201813,2018-03-26,13,2018Q1,1,2018Q1,201813,2018Q1,2,1,2015Q1-2017Q4,2018Q1,2018Q1,2018Q1,same_quarter_last_week_features_to_same_quarter_last_week_fsfp,6,0,0.0,0.0,0.0,1.0,17,17,17,294,0
300175,201813,2018-03-26,13,2018Q1,1,2018Q1,201813,2018Q1,2,1,2015Q1-2017Q4,2018Q1,2018Q1,2018Q1,same_quarter_last_week_features_to_same_quarter_last_week_fsfp,6,0,0.0,0.0,0.0,1.0,17,17,17,300,0
300179,201813,2018-03-26,13,2018Q1,1,2018Q1,201813,2018Q1,2,1,2015Q1-2017Q4,2018Q1,2018Q1,2018Q1,same_quarter_last_week_features_to_same_quarter_last_week_fsfp,6,0,0.0,0.0,0.0,1.0,17,17,17,302,1
300192,201813,2018-03-26,13,2018Q1,1,2018Q1,201813,2018Q1,2,1,2015Q1-2017Q4,2018Q1,2018Q1,2018Q1,same_quarter_last_week_features_to_same_quarter_last_week_fsfp,6,0,0.0,0.0,0.0,1.0,17,17,17,307,0
300199,201813,2018-03-26,13,2018Q1,1,2018Q1,201813,2018Q1,2,1,2015Q1-2017Q4,2018Q1,2018Q1,2018Q1,same_quarter_last_week_features_to_same_quarter_last_week_fsfp,6,1,1.0,0.0,0.0,1.0,17,17,17,309,1
300214,201813,2018-03-26,13,2018Q1,1,2018Q1,201813,2018Q1,2,1,2015Q1-2017Q4,2018Q1,2018Q1,2018Q1,same_quarter_last_week_features_to_same_quarter_last_week_fsfp,6,0,0.0,0.0,0.0,1.0,17,17,17,313,0
300218,201813,2018-03-26,13,2018Q1,1,2018Q1,201813,2018Q1,2,1,2015Q1-2017Q4,2018Q1,2018Q1,2018Q1,same_quarter_last_week_features_to_same_quarter_last_week_fsfp,6,1,1.0,0.0,0.0,1.0,17,17,17,315,2
300219,201813,2018-03-26,13,2018Q1,1,2018Q1,201813,2018Q1,2,1,2015Q1-2017Q4,2018Q1,2018Q1,2018Q1,same_quarter_last_week_features_to_same_quarter_last_week_fsfp,6,1,1.0,0.0,0.0,1.0,17,17,17,316,0
300233,201813,2018-03-26,13,2018Q1,1,2018Q1,201813,2018Q1,2,1,2015Q1-2017Q4,2018Q1,2018Q1,2018Q1,same_quarter_last_week_features_to_same_quarter_last_week_fsfp,6,1,1.0,0.0,0.0,1.0,17,17,17,320,2
300236,201813,2018-03-26,13,2018Q1,1,2018Q1,201813,2018Q1,2,1,2015Q1-2017Q4,2018Q1,2018Q1,2018Q1,same_quarter_last_week_features_to_same_quarter_last_week_fsfp,6,1,1.0,0.0,0.0,1.0,17,17,17,321,1
300246,201813,2018-03-26,13,2018Q1,1,2018Q1,201813,2018Q1,2,1,2015Q1-2017Q4,2018Q1,2018Q1,2018Q1,same_quarter_last_week_features_to_same_quarter_last_week_fsfp,6,1,1.0,0.0,0.0,1.0,17,17,17,325,2
300271,201813,2018-03-26,13,2018Q1,1,2018Q1,201813,2018Q1,2,1,2015Q1-2017Q4,2018Q1,2018Q1,2018Q1,same_quarter_last_week_features_to_same_quarter_last_week_fsfp,6,2,2.0,0.0,0.0,1.0,17,17,17,332,1
300277,201813,2018-03-26,13,2018Q1,1,2018Q1,201813,2018Q1,2,1,2015Q1-2017Q4,2018Q1,2018Q1,2018Q1,same_quarter_last_week_features_to_same_quarter_last_week_fsfp,6,0,0.0,0.0,0.0,1.0,17,17,17,334,2
300281,201813,2018-03-26,13,2018Q1,1,2018Q1,201813,2018Q1,2,1,2015Q1-2017Q4,2018Q1,2018Q1,2018Q1,same_quarter_last_week_features_to_same_quarter_last_week_fsfp,6,0,0.0,0.0,0.0,1.0,17,17,17,336,0
300286,201813,2018-03-26,13,2018Q1,1,2018Q1,201813,2018Q1,2,1,2015Q1-2017Q4,2018Q1,2018Q1,2018Q1,same_quarter_last_week_features_to_same_quarter_last_week_fsfp,6,0,0.0,0.0,0.0,1.0,17,17,17,337,0
300291,201813,2018-03-26,13,2018Q1,1,2018Q1,201813,2018Q1,2,1,2015Q1-2017Q4,2018Q1,2018Q1,2018Q1,same_quarter_last_week_features_to_same_quarter_last_week_fsfp,6,0,0.0,0.0,0.0,1.0,17,17,17,339,0
300311,201813,2018-03-26,13,2018Q1,1,2018Q1,201813,2018Q1,2,1,2015Q1-2017Q4,2018Q1,2018Q1,2018Q1,same_quarter_last_week_features_to_same_quarter_last_week_fsfp,6,2,2.0,0.0,0.0,1.0,17,17,17,343,2
300331,201813,2018-03-26,13,2018Q1,1,2018Q1,201813,2018Q1,2,1,2015Q1-2017Q4,2018Q1,2018Q1,2018Q1,same_quarter_last_week_features_to_same_quarter_last_week_fsfp,6,1,1.0,0.0,0.0,1.0,17,17,17,350,1
300344,201813,2018-03-26,13,2018Q1,1,2018Q1,201813,2018Q1,2,1,2015Q1-2017Q4,2018Q1,2018Q1,2018Q1,same_quarter_last_week_features_to_same_quarter_last_week_fsfp,6,0,0.0,0.0,0.0,1.0,17,17,17,353,2
300346,201813,2018-03-26,13,2018Q1,1,2018Q1,201813,2018Q1,2,1,2015Q1-2017Q4,2018Q1,2018Q1,2018Q1,same_quarter_last_week_features_to_same_quarter_last_week_fsfp,6,0,0.0,0.0,0.0,1.0,17,17,17,354,0
300368,201813,2018-03-26,13,2018Q1,1,2018Q1,201813,2018Q1,2,1,2015Q1-2017Q4,2018Q1,2018Q1,2018Q1,same_quarter_last_week_features_to_same_quarter_last_week_fsfp,6,2,2.0,0.0,0.0,1.0,17,17,17,356,1
300376,201813,2018-03-26,13,2018Q1,1,2018Q1,201813,2018Q1,2,1,2015Q1-2017Q4,2018Q1,2018Q1,2018Q1,same_quarter_last_week_features_to_same_quarter_last_week_fsfp,6,0,0.0,0.0,0.0,1.0,17,17,17,358,0
300379,201813,2018-03-26,13,2018Q1,1,2018Q1,201813,2018Q1,2,1,2015Q1-2017Q4,2018Q1,2018Q1,2018Q1,same_quarter_last_week_features_to_same_quarter_last_week_fsfp,6,2,2.0,0.0,0.0,1.0,17,17,17,360,0
300380,201813,2018-03-26,13,2018Q1,1,2018Q1,201813,2018Q1,2,1,2015Q1-2017Q4,2018Q1,2018Q1,2018Q1,same_quarter_last_week_features_to_same_quarter_last_week_fsfp,6,2,2.0,0.0,0.0,1.0,17,17,17,361,2
300381,201813,2018-03-26,13,2018Q1,1,2018Q1,201813,2018Q1,2,1,2015Q1-2017Q4,2018Q1,2018Q1,2018Q1,same_quarter_last_week_features_to_same_quarter_last_week_fsfp,6,0,0.0,0.0,0.0,1.0,17,17,17,362,0
300385,201813,2018-03-26,13,2018Q1,1,2018Q1,201813,2018Q1,2,1,2015Q1-2017Q4,2018Q1,2018Q1,2018Q1,same_quarter_last_week_features_to_same_quarter_last_week_fsfp,6,2,2.0,0.0,0.0,1.0,17,17,17,363,2
300386,201813,2018-03-26,13,2018Q1,1,2018Q1,201813,2018Q1,2,1,2015Q1-2017Q4,2018Q1,2018Q1,2018Q1,same_quarter_last_week_features_to_same_quarter_last_week_fsfp,6,2,2.0,0.0,0.0,1.0,17,17,17,364,2
300389,201813,2018-03-26,13,2018Q1,1,2018Q1,201813,2018Q1,2,1,2015Q1-2017Q4,2018Q1,2018Q1,2018Q1,same_quarter_last_week_features_to_same_quarter_last_week_fsfp,6,1,1.0,0.0,0.0,1.0,17,17,17,365,1
300421,201813,2018-03-26,13,2018Q1,1,2018Q1,201813,2018Q1,2,1,2015Q1-2017Q4,2018Q1,2018Q1,2018Q1,same_quarter_last_week_features_to_same_quarter_last_week_fsfp,6,0,0.0,0.0,0.0,1.0,17,17,17,372,0
300432,201813,2018-03-26,13,2018Q1,1,2018Q1,201813,2018Q1,2,1,2015Q1-2017Q4,2018Q1,2018Q1,2018Q1,same_quarter_last_week_features_to_same_quarter_last_week_fsfp,6,2,2.0,0.0,0.0,1.0,17,17,17,373,2
300453,201813,2018-03-26,13,2018Q1,1,2018Q1,201813,2018Q1,2,1,2015Q1-2017Q4,2018Q1,2018Q1,2018Q1,same_quarter_last_week_features_to_same_quarter_last_week_fsfp,6,0,0.0,0.0,0.0,1.0,17,17,17,376,0
300462,201813,2018-03-26,13,2018Q1,1,2018Q1,201813,2018Q1,2,1,2015Q1-2017Q4,2018Q1,2018Q1,2018Q1,same_quarter_last_week_features_to_same_quarter_last_week_fsfp,6,0,0.0,0.0,0.0,1.0,17,17,17,377,2
300471,201813,2018-03-26,13,2018Q1,1,2018Q1,201813,2018Q1,2,1,2015Q1-2017Q4,2018Q1,2018Q1,2018Q1,same_quarter_last_week_features_to_same_quarter_last_week_fsfp,6,1,1.0,0.0,0.0,1.0,17,17,17,381,2
300472,201813,2018-03-26,13,2018Q1,1,2018Q1,201813,2018Q1,2,1,2015Q1-2017Q4,2018Q1,2018Q1,2018Q1,same_quarter_last_week_features_to_same_quarter_last_week_fsfp,6,0,0.0,0.0,0.0,1.0,17,17,17,382,0
300488,201813,2018-03-26,13,2018Q1,1,2018Q1,201813,2018Q1,2,1,2015Q1-2017Q4,2018Q1,2018Q1,2018Q1,same_quarter_last_week_features_to_same_quarter_last_week_fsfp,6,0,0.0,0.0,0.0,1.0,17,17,17,386,0
300497,201813,2018-03-26,13,2018Q1,1,2018Q1,201813,2018Q1,2,1,2015Q1-2017Q4,2018Q1,2018Q1,2018Q1,same_quarter_last_week_features_to_same_quarter_last_week_fsfp,6,0,0.0,0.0,0.0,1.0,17,17,17,389,0
300507,201813,2018-03-26,13,2018Q1,1,2018Q1,201813,2018Q1,2,1,2015Q1-2017Q4,2018Q1,2018Q1,2018Q1,same_quarter_last_week_features_to_same_quarter_last_week_fsfp,6,0,0.0,0.0,0.0,1.0,17,17,17,390,2
300508,201813,2018-03-26,13,2018Q1,1,2018Q1,201813,2018Q1,2,1,2015Q1-2017Q4,2018Q1,2018Q1,2018Q1,same_quarter_last_week_features_to_same_quarter_last_week_fsfp,6,0,0.0,0.0,0.0,1.0,17,17,17,391,0
300510,201813,2018-03-26,13,2018Q1,1,2018Q1,201813,2018Q1,2,1,2015Q1-2017Q4,2018Q1,2018Q1,2018Q1,same_quarter_last_week_features_to_same_quarter_last_week_fsfp,6,0,0.0,0.0,0.0,1.0,17,17,17,393,0
300513,201813,2018-03-26,13,2018Q1,1,2018Q1,201813,2018Q1,2,1,2015Q1-2017Q4,2018Q1,2018Q1,2018Q1,same_quarter_last_week_features_to_same_quarter_last_week_fsfp,6,0,0.0,0.0,0.0,1.0,17,17,17,395,0
300521,201813,2018-03-26,13,2018Q1,1,2018Q1,201813,2018Q1,2,1,2015Q1-2017Q4,2018Q1,2018Q1,2018Q1,same_quarter_last_week_features_to_same_quarter_last_week_fsfp,6,0,0.0,0.0,0.0,1.0,17,17,17,397,2
300525,201813,2018-03-26,13,2018Q1,1,2018Q1,201813,2018Q1,2,1,2015Q1-2017Q4,2018Q1,2018Q1,2018Q1,same_quarter_last_week_features_to_same_quarter_last_week_fsfp,6,2,2.0,0.0,0.0,1.0,17,17,17,398,2
300528,201813,2018-03-26,13,2018Q1,1,2018Q1,201813,2018Q1,2,1,2015Q1-2017Q4,2018Q1,2018Q1,2018Q1,same_quarter_last_week_features_to_same_quarter_last_week_fsfp,6,2,2.0,0.0,0.0,1.0,17,17,17,399,2
300534,201813,2018-03-26,13,2018Q1,1,2018Q1,201813,2018Q1,2,1,2015Q1-2017Q4,2018Q1,2018Q1,2018Q1,same_quarter_last_week_features_to_same_quarter_last_week_fsfp,6,2,2.0,0.0,0.0,1.0,17,17,17,401,2
300547,201813,2018-03-26,13,2018Q1,1,2018Q1,201813,2018Q1,2,1,2015Q1-2017Q4,2018Q1,2018Q1,2018Q1,same_quarter_last_week_features_to_same_quarter_last_week_fsfp,6,0,0.0,0.0,0.0,1.0,17,17,17,403,2
300553,201813,2018-03-26,13,2018Q1,1,2018Q1,201813,2018Q1,2,1,2015Q1-2017Q4,2018Q1,2018Q1,2018Q1,same_quarter_last_week_features_to_same_quarter_last_week_fsfp,6,0,0.0,0.0,0.0,1.0,17,17,17,405,0
300565,201813,2018-03-26,13,2018Q1,1,2018Q1,201813,2018Q1,2,1,2015Q1-2017Q4,2018Q1,2018Q1,2018Q1,same_quarter_last_week_features_to_same_quarter_last_week_fsfp,6,0,0.0,0.0,0.0,1.0,17,17,17,407,2
300573,201813,2018-03-26,13,2018Q1,1,2018Q1,201813,2018Q1,2,1,2015Q1-2017Q4,2018Q1,2018Q1,2018Q1,same_quarter_last_week_features_to_same_quarter_last_week_fsfp,6,0,0.0,0.0,0.0,1.0,17,17,17,408,0
300581,201813,2018-03-26,13,2018Q1,1,2018Q1,201813,2018Q1,2,1,2015Q1-2017Q4,2018Q1,2018Q1,2018Q1,same_quarter_last_week_features_to_same_quarter_last_week_fsfp,6,0,0.0,0.0,0.0,1.0,17,17,17,409,2
300583,201813,2018-03-26,13,2018Q1,1,2018Q1,201813,2018Q1,2,1,2015Q1-2017Q4,2018Q1,2018Q1,2018Q1,same_quarter_last_week_features_to_same_quarter_last_week_fsfp,6,0,0.0,0.0,0.0,1.0,17,17,17,410,2
300613,201813,2018-03-26,13,2018Q1,1,2018Q1,201813,2018Q1,2,1,2015Q1-2017Q4,2018Q1,2018Q1,2018Q1,same_quarter_last_week_features_to_same_quarter_last_week_fsfp,6,0,0.0,0.0,0.0,1.0,17,17,17,415,2
300616,201813,2018-03-26,13,2018Q1,1,2018Q1,201813,2018Q1,2,1,2015Q1-2017Q4,2018Q1,2018Q1,2018Q1,same_quarter_last_week_features_to_same_quarter_last_week_fsfp,6,2,2.0,0.0,0.0,1.0,17,17,17,416,2
300622,201813,2018-03-26,13,2018Q1,1,2018Q1,201813,2018Q1,2,1,2015Q1-2017Q4,2018Q1,2018Q1,2018Q1,same_quarter_last_week_features_to_same_quarter_last_week_fsfp,6,0,0.0,0.0,0.0,1.0,17,17,17,419,0
300625,201813,2018-03-26,13,2018Q1,1,2018Q1,201813,2018Q1,2,1,2015Q1-2017Q4,2018Q1,2018Q1,2018Q1,same_quarter_last_week_features_to_same_quarter_last_week_fsfp,6,0,0.0,0.0,0.0,1.0,17,17,17,420,0
300632,201813,2018-03-26,13,2018Q1,1,2018Q1,201813,2018Q1,2,1,2015Q1-2017Q4,2018Q1,2018Q1,2018Q1,same_quarter_last_week_features_to_same_quarter_last_week_fsfp,6,0,0.0,0.0,0.0,1.0,17,17,17,421,0
600008,201813,2018-03-26,13,2018Q1,1,2018Q1,201813,2018Q1,2,1,2015Q1-2017Q4,2018Q1,2018Q1,2018Q1,same_quarter_last_week_features_to_same_quarter_last_week_fsfp,6,0,0.0,0.0,0.0,1.0,17,17,17,422,0
600027,201813,2018-03-26,13,2018Q1,1,2018Q1,201813,2018Q1,2,1,2015Q1-2017Q4,2018Q1,2018Q1,2018Q1,same_quarter_last_week_features_to_same_quarter_last_week_fsfp,6,0,0.0,0.0,0.0,1.0,17,17,17,425,0
600031,201813,2018-03-26,13,2018Q1,1,2018Q1,201813,2018Q1,2,1,2015Q1-2017Q4,2018Q1,2018Q1,2018Q1,same_quarter_last_week_features_to_same_quarter_last_week_fsfp,6,0,0.0,0.0,0.0,1.0,17,17,17,426,0
600062,201813,2018-03-26,13,2018Q1,1,2018Q1,201813,2018Q1,2,1,2015Q1-2017Q4,2018Q1,2018Q1,2018Q1,same_quarter_last_week_features_to_same_quarter_last_week_fsfp,6,0,0.0,0.0,0.0,1.0,17,17,17,427,0
600076,201805,2018-01-29,5,2018Q1,1,2018Q1,201805,2018Q1,2,1,2015Q1-2017Q4,2018Q1,2018Q1,2018Q1,same_quarter_last_week_features_to_same_quarter_last_week_fsfp,6,0,0.0,0.0,0.0,1.0,17,17,17,428,0
600108,201813,2018-03-26,13,2018Q1,1,2018Q1,201813,2018Q1,2,1,2015Q1-2017Q4,2018Q1,2018Q1,2018Q1,same_quarter_last_week_features_to_same_quarter_last_week_fsfp,6,2,2.0,0.0,0.0,1.0,17,17,17,431,2
600111,201813,2018-03-26,13,2018Q1,1,2018Q1,201813,2018Q1,2,1,2015Q1-2017Q4,2018Q1,2018Q1,2018Q1,same_quarter_last_week_features_to_same_quarter_last_week_fsfp,6,0,0.0,0.0,0.0,1.0,17,17,17,433,0
600130,201813,2018-03-26,13,2018Q1,1,2018Q1,201813,2018Q1,2,1,2015Q1-2017Q4,2018Q1,2018Q1,2018Q1,same_quarter_last_week_features_to_same_quarter_last_week_fsfp,6,0,0.0,0.0,0.0,1.0,17,17,17,434,0
600141,201813,2018-03-26,13,2018Q1,1,2018Q1,201813,2018Q1,2,1,2015Q1-2017Q4,2018Q1,2018Q1,2018Q1,same_quarter_last_week_features_to_same_quarter_last_week_fsfp,6,0,0.0,0.0,0.0,1.0,17,17,17,435,0
600152,201813,2018-03-26,13,2018Q1,1,2018Q1,201813,2018Q1,2,1,2015Q1-2017Q4,2018Q1,2018Q1,2018Q1,same_quarter_last_week_features_to_same_quarter_last_week_fsfp,6,0,0.0,0.0,0.0,1.0,17,17,17,436,0
600185,201813,2018-03-26,13,2018Q1,1,2018Q1,201813,2018Q1,2,1,2015Q1-2017Q4,2018Q1,2018Q1,2018Q1,same_quarter_last_week_features_to_same_quarter_last_week_fsfp,6,0,0.0,0.0,0.0,1.0,17,17,17,441,0
600190,201813,2018-03-26,13,2018Q1,1,2018Q1,201813,2018Q1,2,1,2015Q1-2017Q4,2018Q1,2018Q1,2018Q1,same_quarter_last_week_features_to_same_quarter_last_week_fsfp,6,0,0.0,0.0,0.0,1.0,17,17,17,442,0
600193,201813,2018-03-26,13,2018Q1,1,2018Q1,201813,2018Q1,2,1,2015Q1-2017Q4,2018Q1,2018Q1,2018Q1,same_quarter_last_week_features_to_same_quarter_last_week_fsfp,6,0,0.0,0.0,0.0,1.0,17,17,17,443,0
600199,201813,2018-03-26,13,2018Q1,1,2018Q1,201813,2018Q1,2,1,2015Q1-2017Q4,2018Q1,2018Q1,2018Q1,same_quarter_last_week_features_to_same_quarter_last_week_fsfp,6,1,1.0,0.0,0.0,1.0,17,17,17,445,1
600200,201813,2018-03-26,13,2018Q1,1,2018Q1,201813,2018Q1,2,1,2015Q1-2017Q4,2018Q1,2018Q1,2018Q1,same_quarter_last_week_features_to_same_quarter_last_week_fsfp,6,0,0.0,0.0,0.0,1.0,17,17,17,446,0
600201,201813,2018-03-26,13,2018Q1,1,2018Q1,201813,2018Q1,2,1,2015Q1-2017Q4,2018Q1,2018Q1,2018Q1,same_quarter_last_week_features_to_same_quarter_last_week_fsfp,6,1,1.0,0.0,0.0,1.0,17,17,17,447,1
600202,201813,2018-03-26,13,2018Q1,1,2018Q1,201813,2018Q1,2,1,2015Q1-2017Q4,2018Q1,2018Q1,2018Q1,same_quarter_last_week_features_to_same_quarter_last_week_fsfp,6,0,0.0,0.0,0.0,1.0,17,17,17,448,0
600203,201813,2018-03-26,13,2018Q1,1,2018Q1,201813,2018Q1,2,1,2015Q1-2017Q4,2018Q1,2018Q1,2018Q1,same_quarter_last_week_features_to_same_quarter_last_week_fsfp,6,0,0.0,0.0,0.0,1.0,17,17,17,449,0
600207,201813,2018-03-26,13,2018Q1,1,2018Q1,201813,2018Q1,2,1,2015Q1-2017Q4,2018Q1,2018Q1,2018Q1,same_quarter_last_week_features_to_same_quarter_last_week_fsfp,6,0,0.0,0.0,0.0,1.0,17,17,17,451,0
600208,201813,2018-03-26,13,2018Q1,1,2018Q1,201813,2018Q1,2,1,2015Q1-2017Q4,2018Q1,2018Q1,2018Q1,same_quarter_last_week_features_to_same_quarter_last_week_fsfp,6,0,0.0,0.0,0.0,1.0,17,17,17,452,0
600210,201813,2018-03-26,13,2018Q1,1,2018Q1,201813,2018Q1,2,1,2015Q1-2017Q4,2018Q1,2018Q1,2018Q1,same_quarter_last_week_features_to_same_quarter_last_week_fsfp,6,0,0.0,0.0,0.0,1.0,17,17,17,453,0
600211,201813,2018-03-26,13,2018Q1,1,2018Q1,201813,2018Q1,2,1,2015Q1-2017Q4,2018Q1,2018Q1,2018Q1,same_quarter_last_week_features_to_same_quarter_last_week_fsfp,6,0,0.0,0.0,0.0,1.0,17,17,17,454,0
600212,201813,2018-03-26,13,2018Q1,1,2018Q1,201813,2018Q1,2,1,2015Q1-2017Q4,2018Q1,2018Q1,2018Q1,same_quarter_last_week_features_to_same_quarter_last_week_fsfp,6,0,0.0,0.0,0.0,1.0,17,17,17,455,0
600216,201813,2018-03-26,13,2018Q1,1,2018Q1,201813,2018Q1,2,1,2015Q1-2017Q4,2018Q1,2018Q1,2018Q1,same_quarter_last_week_features_to_same_quarter_last_week_fsfp,6,0,0.0,0.0,0.0,1.0,17,17,17,457,0
600217,201813,2018-03-26,13,2018Q1,1,2018Q1,201813,2018Q1,2,1,2015Q1-2017Q4,2018Q1,2018Q1,2018Q1,same_quarter_last_week_features_to_same_quarter_last_week_fsfp,6,0,0.0,0.0,0.0,1.0,17,17,17,458,0
600218,201813,2018-03-26,13,2018Q1,1,2018Q1,201813,2018Q1,2,1,2015Q1-2017Q4,2018Q1,2018Q1,2018Q1,same_quarter_last_week_features_to_same_quarter_last_week_fsfp,6,0,0.0,0.0,0.0,1.0,17,17,17,459,0
600219,201813,2018-03-26,13,2018Q1,1,2018Q1,201813,2018Q1,2,1,2015Q1-2017Q4,2018Q1,2018Q1,2018Q1,same_quarter_last_week_features_to_same_quarter_last_week_fsfp,6,0,0.0,0.0,0.0,1.0,17,17,17,460,0
600221,201802,2018-01-08,2,2018Q1,1,2018Q1,201802,2018Q1,2,1,2015Q1-2017Q4,2018Q1,2018Q1,2018Q1,same_quarter_last_week_features_to_same_quarter_last_week_fsfp,6,1,1.0,0.0,0.0,1.0,17,17,17,461,1
600222,201813,2018-03-26,13,2018Q1,1,2018Q1,201813,2018Q1,2,1,2015Q1-2017Q4,2018Q1,2018Q1,2018Q1,same_quarter_last_week_features_to_same_quarter_last_week_fsfp,6,1,1.0,0.0,0.0,1.0,17,17,17,462,1
600223,201813,2018-03-26,13,2018Q1,1,2018Q1,201813,2018Q1,2,1,2015Q1-2017Q4,2018Q1,2018Q1,2018Q1,same_quarter_last_week_features_to_same_quarter_last_week_fsfp,6,1,1.0,0.0,0.0,1.0,17,17,17,463,1
600227,201813,2018-03-26,13,2018Q1,1,2018Q1,201813,2018Q1,2,1,2015Q1-2017Q4,2018Q1,2018Q1,2018Q1,same_quarter_last_week_features_to_same_quarter_last_week_fsfp,6,2,2.0,0.0,0.0,1.0,17,17,17,464,2
600228,201813,2018-03-26,13,2018Q1,1,2018Q1,201813,2018Q1,2,1,2015Q1-2017Q4,2018Q1,2018Q1,2018Q1,same_quarter_last_week_features_to_same_quarter_last_week_fsfp,6,0,0.0,0.0,0.0,1.0,17,17,17,465,0
600229,201813,2018-03-26,13,2018Q1,1,2018Q1,201813,2018Q1,2,1,2015Q1-2017Q4,2018Q1,2018Q1,2018Q1,same_quarter_last_week_features_to_same_quarter_last_week_fsfp,6,0,0.0,0.0,0.0,1.0,17,17,17,466,0
600230,201813,2018-03-26,13,2018Q1,1,2018Q1,201813,2018Q1,2,1,2015Q1-2017Q4,2018Q1,2018Q1,2018Q1,same_quarter_last_week_features_to_same_quarter_last_week_fsfp,6,2,2.0,0.0,0.0,1.0,17,17,17,467,2
600231,201813,2018-03-26,13,2018Q1,1,2018Q1,201813,2018Q1,2,1,2015Q1-2017Q4,2018Q1,2018Q1,2018Q1,same_quarter_last_week_features_to_same_quarter_last_week_fsfp,6,1,1.0,0.0,0.0,1.0,17,17,17,468,1
600232,201813,2018-03-26,13,2018Q1,1,2018Q1,201813,2018Q1,2,1,2015Q1-2017Q4,2018Q1,2018Q1,2018Q1,same_quarter_last_week_features_to_same_quarter_last_week_fsfp,6,0,0.0,0.0,0.0,1.0,17,17,17,469,0
600233,201813,2018-03-26,13,2018Q1,1,2018Q1,201813,2018Q1,2,1,2015Q1-2017Q4,2018Q1,2018Q1,2018Q1,same_quarter_last_week_features_to_same_quarter_last_week_fsfp,6,0,0.0,0.0,0.0,1.0,17,17,17,470,0
600236,201813,2018-03-26,13,2018Q1,1,2018Q1,201813,2018Q1,2,1,2015Q1-2017Q4,2018Q1,2018Q1,2018Q1,same_quarter_last_week_features_to_same_quarter_last_week_fsfp,6,1,1.0,0.0,0.0,1.0,17,17,17,473,1
600237,201813,2018-03-26,13,2018Q1,1,2018Q1,201813,2018Q1,2,1,2015Q1-2017Q4,2018Q1,2018Q1,2018Q1,same_quarter_last_week_features_to_same_quarter_last_week_fsfp,6,1,1.0,0.0,0.0,1.0,17,17,17,474,1
600238,201813,2018-03-26,13,2018Q1,1,2018Q1,201813,2018Q1,2,1,2015Q1-2017Q4,2018Q1,2018Q1,2018Q1,same_quarter_last_week_features_to_same_quarter_last_week_fsfp,6,0,0.0,0.0,0.0,1.0,17,17,17,475,0
600239,201813,2018-03-26,13,2018Q1,1,2018Q1,201813,2018Q1,2,1,2015Q1-2017Q4,2018Q1,2018Q1,2018Q1,same_quarter_last_week_features_to_same_quarter_last_week_fsfp,6,1,1.0,0.0,0.0,1.0,17,17,17,476,1
600241,201806,2018-02-05,6,2018Q1,1,2018Q1,201806,2018Q1,2,1,2015Q1-2017Q4,2018Q1,2018Q1,2018Q1,same_quarter_last_week_features_to_same_quarter_last_week_fsfp,6,2,2.0,0.0,0.0,1.0,17,17,17,477,2
600243,201813,2018-03-26,13,2018Q1,1,2018Q1,201813,2018Q1,2,1,2015Q1-2017Q4,2018Q1,2018Q1,2018Q1,same_quarter_last_week_features_to_same_quarter_last_week_fsfp,6,0,0.0,0.0,0.0,1.0,17,17,17,478,0
600246,201813,2018-03-26,13,2018Q1,1,2018Q1,201813,2018Q1,2,1,2015Q1-2017Q4,2018Q1,2018Q1,2018Q1,same_quarter_last_week_features_to_same_quarter_last_week_fsfp,6,0,0.0,0.0,0.0,1.0,17,17,17,479,0
600248,201813,2018-03-26,13,2018Q1,1,2018Q1,201813,2018Q1,2,1,2015Q1-2017Q4,2018Q1,2018Q1,2018Q1,same_quarter_last_week_features_to_same_quarter_last_week_fsfp,6,0,0.0,0.0,0.0,1.0,17,17,17,480,0
600249,201813,2018-03-26,13,2018Q1,1,2018Q1,201813,2018Q1,2,1,2015Q1-2017Q4,2018Q1,2018Q1,2018Q1,same_quarter_last_week_features_to_same_quarter_last_week_fsfp,6,1,1.0,0.0,0.0,1.0,17,17,17,481,1
600250,201813,2018-03-26,13,2018Q1,1,2018Q1,201813,2018Q1,2,1,2015Q1-2017Q4,2018Q1,2018Q1,2018Q1,same_quarter_last_week_features_to_same_quarter_last_week_fsfp,6,0,0.0,0.0,0.0,1.0,17,17,17,482,0
600251,201813,2018-03-26,13,2018Q1,1,2018Q1,201813,2018Q1,2,1,2015Q1-2017Q4,2018Q1,2018Q1,2018Q1,same_quarter_last_week_features_to_same_quarter_last_week_fsfp,6,2,2.0,0.0,0.0,1.0,17,17,17,483,2
600252,201813,2018-03-26,13,2018Q1,1,2018Q1,201813,2018Q1,2,1,2015Q1-2017Q4,2018Q1,2018Q1,2018Q1,same_quarter_last_week_features_to_same_quarter_last_week_fsfp,6,1,1.0,0.0,0.0,1.0,17,17,17,484,1
600255,201805,2018-01-29,5,2018Q1,1,2018Q1,201805,2018Q1,2,1,2015Q1-2017Q4,2018Q1,2018Q1,2018Q1,same_quarter_last_week_features_to_same_quarter_last_week_fsfp,6,2,2.0,0.0,0.0,1.0,17,17,17,485,2
600256,201812,2018-03-19,12,2018Q1,1,2018Q1,201812,2018Q1,2,1,2015Q1-2017Q4,2018Q1,2018Q1,2018Q1,same_quarter_last_week_features_to_same_quarter_last_week_fsfp,6,2,2.0,0.0,0.0,1.0,17,17,17,486,2
600258,201813,2018-03-26,13,2018Q1,1,2018Q1,201813,2018Q1,2,1,2015Q1-2017Q4,2018Q1,2018Q1,2018Q1,same_quarter_last_week_features_to_same_quarter_last_week_fsfp,6,0,0.0,0.0,0.0,1.0,17,17,17,487,0
600259,201813,2018-03-26,13,2018Q1,1,2018Q1,201813,2018Q1,2,1,2015Q1-2017Q4,2018Q1,2018Q1,2018Q1,same_quarter_last_week_features_to_same_quarter_last_week_fsfp,6,2,2.0,0.0,0.0,1.0,17,17,17,488,2
600261,201813,2018-03-26,13,2018Q1,1,2018Q1,201813,2018Q1,2,1,2015Q1-2017Q4,2018Q1,2018Q1,2018Q1,same_quarter_last_week_features_to_same_quarter_last_week_fsfp,6,1,1.0,0.0,0.0,1.0,17,17,17,489,1
600262,201813,2018-03-26,13,2018Q1,1,2018Q1,201813,2018Q1,2,1,2015Q1-2017Q4,2018Q1,2018Q1,2018Q1,same_quarter_last_week_features_to_same_quarter_last_week_fsfp,6,1,1.0,0.0,0.0,1.0,17,17,17,490,1
600265,201813,2018-03-26,13,2018Q1,1,2018Q1,201813,2018Q1,2,1,2015Q1-2017Q4,2018Q1,2018Q1,2018Q1,same_quarter_last_week_features_to_same_quarter_last_week_fsfp,6,0,0.0,0.0,0.0,1.0,17,17,17,491,0
600266,201813,2018-03-26,13,2018Q1,1,2018Q1,201813,2018Q1,2,1,2015Q1-2017Q4,2018Q1,2018Q1,2018Q1,same_quarter_last_week_features_to_same_quarter_last_week_fsfp,6,1,1.0,0.0,0.0,1.0,17,17,17,492,1
600267,201813,2018-03-26,13,2018Q1,1,2018Q1,201813,2018Q1,2,1,2015Q1-2017Q4,2018Q1,2018Q1,2018Q1,same_quarter_last_week_features_to_same_quarter_last_week_fsfp,6,1,1.0,0.0,0.0,1.0,17,17,17,493,1
600268,201813,2018-03-26,13,2018Q1,1,2018Q1,201813,2018Q1,2,1,2015Q1-2017Q4,2018Q1,2018Q1,2018Q1,same_quarter_last_week_features_to_same_quarter_last_week_fsfp,6,1,1.0,0.0,0.0,1.0,17,17,17,494,1
600269,201813,2018-03-26,13,2018Q1,1,2018Q1,201813,2018Q1,2,1,2015Q1-2017Q4,2018Q1,2018Q1,2018Q1,same_quarter_last_week_features_to_same_quarter_last_week_fsfp,6,1,1.0,0.0,0.0,1.0,17,17,17,495,1
600271,201813,2018-03-26,13,2018Q1,1,2018Q1,201813,2018Q1,2,1,2015Q1-2017Q4,2018Q1,2018Q1,2018Q1,same_quarter_last_week_features_to_same_quarter_last_week_fsfp,6,0,0.0,0.0,0.0,1.0,17,17,17,496,0
600272,201813,2018-03-26,13,2018Q1,1,2018Q1,201813,2018Q1,2,1,2015Q1-2017Q4,2018Q1,2018Q1,2018Q1,same_quarter_last_week_features_to_same_quarter_last_week_fsfp,6,2,2.0,0.0,0.0,1.0,17,17,17,497,2
600273,201813,2018-03-26,13,2018Q1,1,2018Q1,201813,2018Q1,2,1,2015Q1-2017Q4,2018Q1,2018Q1,2018Q1,same_quarter_last_week_features_to_same_quarter_last_week_fsfp,6,2,2.0,0.0,0.0,1.0,17,17,17,498,2
600276,201813,2018-03-26,13,2018Q1,1,2018Q1,201813,2018Q1,2,1,2015Q1-2017Q4,2018Q1,2018Q1,2018Q1,same_quarter_last_week_features_to_same_quarter_last_week_fsfp,6,0,0.0,0.0,0.0,1.0,17,17,17,499,0
600278,201813,2018-03-26,13,2018Q1,1,2018Q1,201813,2018Q1,2,1,2015Q1-2017Q4,2018Q1,2018Q1,2018Q1,same_quarter_last_week_features_to_same_quarter_last_week_fsfp,6,2,2.0,0.0,0.0,1.0,17,17,17,500,2
600279,201813,2018-03-26,13,2018Q1,1,2018Q1,201813,2018Q1,2,1,2015Q1-2017Q4,2018Q1,2018Q1,2018Q1,same_quarter_last_week_features_to_same_quarter_last_week_fsfp,6,1,1.0,0.0,0.0,1.0,17,17,17,501,1
600280,201813,2018-03-26,13,2018Q1,1,2018Q1,201813,2018Q1,2,1,2015Q1-2017Q4,2018Q1,2018Q1,2018Q1,same_quarter_last_week_features_to_same_quarter_last_week_fsfp,6,1,1.0,0.0,0.0,1.0,17,17,17,502,1
600281,201813,2018-03-26,13,2018Q1,1,2018Q1,201813,2018Q1,2,1,2015Q1-2017Q4,2018Q1,2018Q1,2018Q1,same_quarter_last_week_features_to_same_quarter_last_week_fsfp,6,0,0.0,0.0,0.0,1.0,17,17,17,503,0
600282,201813,2018-03-26,13,2018Q1,1,2018Q1,201813,2018Q1,2,1,2015Q1-2017Q4,2018Q1,2018Q1,2018Q1,same_quarter_last_week_features_to_same_quarter_last_week_fsfp,6,0,0.0,0.0,0.0,1.0,17,17,17,504,0
600283,201813,2018-03-26,13,2018Q1,1,2018Q1,201813,2018Q1,2,1,2015Q1-2017Q4,2018Q1,2018Q1,2018Q1,same_quarter_last_week_features_to_same_quarter_last_week_fsfp,6,1,1.0,0.0,0.0,1.0,17,17,17,505,1
600284,201813,2018-03-26,13,2018Q1,1,2018Q1,201813,2018Q1,2,1,2015Q1-2017Q4,2018Q1,2018Q1,2018Q1,same_quarter_last_week_features_to_same_quarter_last_week_fsfp,6,1,1.0,0.0,0.0,1.0,17,17,17,506,1
600285,201813,2018-03-26,13,2018Q1,1,2018Q1,201813,2018Q1,2,1,2015Q1-2017Q4,2018Q1,2018Q1,2018Q1,same_quarter_last_week_features_to_same_quarter_last_week_fsfp,6,1,1.0,0.0,0.0,1.0,17,17,17,507,1
600287,201813,2018-03-26,13,2018Q1,1,2018Q1,201813,2018Q1,2,1,2015Q1-2017Q4,2018Q1,2018Q1,2018Q1,same_quarter_last_week_features_to_same_quarter_last_week_fsfp,6,2,2.0,0.0,0.0,1.0,17,17,17,508,2
600288,201813,2018-03-26,13,2018Q1,1,2018Q1,201813,2018Q1,2,1,2015Q1-2017Q4,2018Q1,2018Q1,2018Q1,same_quarter_last_week_features_to_same_quarter_last_week_fsfp,6,1,1.0,0.0,0.0,1.0,17,17,17,509,1
600289,201813,2018-03-26,13,2018Q1,1,2018Q1,201813,2018Q1,2,1,2015Q1-2017Q4,2018Q1,2018Q1,2018Q1,same_quarter_last_week_features_to_same_quarter_last_week_fsfp,6,0,0.0,0.0,0.0,1.0,17,17,17,510,0
600292,201813,2018-03-26,13,2018Q1,1,2018Q1,201813,2018Q1,2,1,2015Q1-2017Q4,2018Q1,2018Q1,2018Q1,same_quarter_last_week_features_to_same_quarter_last_week_fsfp,6,1,1.0,0.0,0.0,1.0,17,17,17,511,1
600293,201813,2018-03-26,13,2018Q1,1,2018Q1,201813,2018Q1,2,1,2015Q1-2017Q4,2018Q1,2018Q1,2018Q1,same_quarter_last_week_features_to_same_quarter_last_week_fsfp,6,2,2.0,0.0,0.0,1.0,17,17,17,512,2
600298,201813,2018-03-26,13,2018Q1,1,2018Q1,201813,2018Q1,2,1,2015Q1-2017Q4,2018Q1,2018Q1,2018Q1,same_quarter_last_week_features_to_same_quarter_last_week_fsfp,6,1,1.0,0.0,0.0,1.0,17,17,17,514,1
600299,201813,2018-03-26,13,2018Q1,1,2018Q1,201813,2018Q1,2,1,2015Q1-2017Q4,2018Q1,2018Q1,2018Q1,same_quarter_last_week_features_to_same_quarter_last_week_fsfp,6,0,0.0,0.0,0.0,1.0,17,17,17,515,0
600300,201813,2018-03-26,13,2018Q1,1,2018Q1,201813,2018Q1,2,1,2015Q1-2017Q4,2018Q1,2018Q1,2018Q1,same_quarter_last_week_features_to_same_quarter_last_week_fsfp,6,2,2.0,0.0,0.0,1.0,17,17,17,516,2
600301,201813,2018-03-26,13,2018Q1,1,2018Q1,201813,2018Q1,2,1,2015Q1-2017Q4,2018Q1,2018Q1,2018Q1,same_quarter_last_week_features_to_same_quarter_last_week_fsfp,6,0,0.0,0.0,0.0,1.0,17,17,17,517,0
600302,201813,2018-03-26,13,2018Q1,1,2018Q1,201813,2018Q1,2,1,2015Q1-2017Q4,2018Q1,2018Q1,2018Q1,same_quarter_last_week_features_to_same_quarter_last_week_fsfp,6,2,2.0,0.0,0.0,1.0,17,17,17,518,2
600303,201813,2018-03-26,13,2018Q1,1,2018Q1,201813,2018Q1,2,1,2015Q1-2017Q4,2018Q1,2018Q1,2018Q1,same_quarter_last_week_features_to_same_quarter_last_week_fsfp,6,2,2.0,0.0,0.0,1.0,17,17,17,519,2
600305,201813,2018-03-26,13,2018Q1,1,2018Q1,201813,2018Q1,2,1,2015Q1-2017Q4,2018Q1,2018Q1,2018Q1,same_quarter_last_week_features_to_same_quarter_last_week_fsfp,6,1,1.0,0.0,0.0,1.0,17,17,17,520,1
600307,201813,2018-03-26,13,2018Q1,1,2018Q1,201813,2018Q1,2,1,2015Q1-2017Q4,2018Q1,2018Q1,2018Q1,same_quarter_last_week_features_to_same_quarter_last_week_fsfp,6,1,1.0,0.0,0.0,1.0,17,17,17,521,1
600308,201813,2018-03-26,13,2018Q1,1,2018Q1,201813,2018Q1,2,1,2015Q1-2017Q4,2018Q1,2018Q1,2018Q1,same_quarter_last_week_features_to_same_quarter_last_week_fsfp,6,1,1.0,0.0,0.0,1.0,17,17,17,522,1
600312,201813,2018-03-26,13,2018Q1,1,2018Q1,201813,2018Q1,2,1,2015Q1-2017Q4,2018Q1,2018Q1,2018Q1,same_quarter_last_week_features_to_same_quarter_last_week_fsfp,6,0,0.0,0.0,0.0,1.0,17,17,17,524,0
600313,201813,2018-03-26,13,2018Q1,1,2018Q1,201813,2018Q1,2,1,2015Q1-2017Q4,2018Q1,2018Q1,2018Q1,same_quarter_last_week_features_to_same_quarter_last_week_fsfp,6,0,0.0,0.0,0.0,1.0,17,17,17,525,0
600315,201813,2018-03-26,13,2018Q1,1,2018Q1,201813,2018Q1,2,1,2015Q1-2017Q4,2018Q1,2018Q1,2018Q1,same_quarter_last_week_features_to_same_quarter_last_week_fsfp,6,2,2.0,0.0,0.0,1.0,17,17,17,526,2
600316,201813,2018-03-26,13,2018Q1,1,2018Q1,201813,2018Q1,2,1,2015Q1-2017Q4,2018Q1,2018Q1,2018Q1,same_quarter_last_week_features_to_same_quarter_last_week_fsfp,6,0,0.0,0.0,0.0,1.0,17,17,17,527,0
600318,201812,2018-03-19,12,2018Q1,1,2018Q1,201812,2018Q1,2,1,2015Q1-2017Q4,2018Q1,2018Q1,2018Q1,same_quarter_last_week_features_to_same_quarter_last_week_fsfp,6,2,2.0,0.0,0.0,1.0,17,17,17,528,2
600319,201813,2018-03-26,13,2018Q1,1,2018Q1,201813,2018Q1,2,1,2015Q1-2017Q4,2018Q1,2018Q1,2018Q1,same_quarter_last_week_features_to_same_quarter_last_week_fsfp,6,2,2.0,0.0,0.0,1.0,17,17,17,529,2
600320,201813,2018-03-26,13,2018Q1,1,2018Q1,201813,2018Q1,2,1,2015Q1-2017Q4,2018Q1,2018Q1,2018Q1,same_quarter_last_week_features_to_same_quarter_last_week_fsfp,6,1,1.0,0.0,0.0,1.0,17,17,17,530,1
600322,201813,2018-03-26,13,2018Q1,1,2018Q1,201813,2018Q1,2,1,2015Q1-2017Q4,2018Q1,2018Q1,2018Q1,same_quarter_last_week_features_to_same_quarter_last_week_fsfp,6,0,0.0,0.0,0.0,1.0,17,17,17,531,0
600325,201813,2018-03-26,13,2018Q1,1,2018Q1,201813,2018Q1,2,1,2015Q1-2017Q4,2018Q1,2018Q1,2018Q1,same_quarter_last_week_features_to_same_quarter_last_week_fsfp,6,0,0.0,0.0,0.0,1.0,17,17,17,533,0
600326,201813,2018-03-26,13,2018Q1,1,2018Q1,201813,2018Q1,2,1,2015Q1-2017Q4,2018Q1,2018Q1,2018Q1,same_quarter_last_week_features_to_same_quarter_last_week_fsfp,6,1,1.0,0.0,0.0,1.0,17,17,17,534,1
600327,201813,2018-03-26,13,2018Q1,1,2018Q1,201813,2018Q1,2,1,2015Q1-2017Q4,2018Q1,2018Q1,2018Q1,same_quarter_last_week_features_to_same_quarter_last_week_fsfp,6,2,2.0,0.0,0.0,1.0,17,17,17,535,2
600328,201813,2018-03-26,13,2018Q1,1,2018Q1,201813,2018Q1,2,1,2015Q1-2017Q4,2018Q1,2018Q1,2018Q1,same_quarter_last_week_features_to_same_quarter_last_week_fsfp,6,0,0.0,0.0,0.0,1.0,17,17,17,536,0
600329,201813,2018-03-26,13,2018Q1,1,2018Q1,201813,2018Q1,2,1,2015Q1-2017Q4,2018Q1,2018Q1,2018Q1,same_quarter_last_week_features_to_same_quarter_last_week_fsfp,6,0,0.0,0.0,0.0,1.0,17,17,17,537,0
600331,201813,2018-03-26,13,2018Q1,1,2018Q1,201813,2018Q1,2,1,2015Q1-2017Q4,2018Q1,2018Q1,2018Q1,same_quarter_last_week_features_to_same_quarter_last_week_fsfp,6,2,2.0,0.0,0.0,1.0,17,17,17,539,2
600335,201813,2018-03-26,13,2018Q1,1,2018Q1,201813,2018Q1,2,1,2015Q1-2017Q4,2018Q1,2018Q1,2018Q1,same_quarter_last_week_features_to_same_quarter_last_week_fsfp,6,2,2.0,0.0,0.0,1.0,17,17,17,542,2
600336,201813,2018-03-26,13,2018Q1,1,2018Q1,201813,2018Q1,2,1,2015Q1-2017Q4,2018Q1,2018Q1,2018Q1,same_quarter_last_week_features_to_same_quarter_last_week_fsfp,6,1,1.0,0.0,0.0,1.0,17,17,17,543,1
600337,201813,2018-03-26,13,2018Q1,1,2018Q1,201813,2018Q1,2,1,2015Q1-2017Q4,2018Q1,2018Q1,2018Q1,same_quarter_last_week_features_to_same_quarter_last_week_fsfp,6,0,0.0,0.0,0.0,1.0,17,17,17,544,0
600338,201813,2018-03-26,13,2018Q1,1,2018Q1,201813,2018Q1,2,1,2015Q1-2017Q4,2018Q1,2018Q1,2018Q1,same_quarter_last_week_features_to_same_quarter_last_week_fsfp,6,1,1.0,0.0,0.0,1.0,17,17,17,545,1
600339,201813,2018-03-26,13,2018Q1,1,2018Q1,201813,2018Q1,2,1,2015Q1-2017Q4,2018Q1,2018Q1,2018Q1,same_quarter_last_week_features_to_same_quarter_last_week_fsfp,6,0,0.0,0.0,0.0,1.0,17,17,17,546,0
600340,201813,2018-03-26,13,2018Q1,1,2018Q1,201813,2018Q1,2,1,2015Q1-2017Q4,2018Q1,2018Q1,2018Q1,same_quarter_last_week_features_to_same_quarter_last_week_fsfp,6,1,1.0,0.0,0.0,1.0,17,17,17,547,1
600343,201813,2018-03-26,13,2018Q1,1,2018Q1,201813,2018Q1,2,1,2015Q1-2017Q4,2018Q1,2018Q1,2018Q1,same_quarter_last_week_features_to_same_quarter_last_week_fsfp,6,1,1.0,0.0,0.0,1.0,17,17,17,548,1
600345,201813,2018-03-26,13,2018Q1,1,2018Q1,201813,2018Q1,2,1,2015Q1-2017Q4,2018Q1,2018Q1,2018Q1,same_quarter_last_week_features_to_same_quarter_last_week_fsfp,6,2,2.0,0.0,0.0,1.0,17,17,17,549,2
600346,201813,2018-03-26,13,2018Q1,1,2018Q1,201813,2018Q1,2,1,2015Q1-2017Q4,2018Q1,2018Q1,2018Q1,same_quarter_last_week_features_to_same_quarter_last_week_fsfp,6,0,0.0,0.0,0.0,1.0,17,17,17,550,0
600348,201813,2018-03-26,13,2018Q1,1,2018Q1,201813,2018Q1,2,1,2015Q1-2017Q4,2018Q1,2018Q1,2018Q1,same_quarter_last_week_features_to_same_quarter_last_week_fsfp,6,0,0.0,0.0,0.0,1.0,17,17,17,551,0
600350,201813,2018-03-26,13,2018Q1,1,2018Q1,201813,2018Q1,2,1,2015Q1-2017Q4,2018Q1,2018Q1,2018Q1,same_quarter_last_week_features_to_same_quarter_last_week_fsfp,6,1,1.0,0.0,0.0,1.0,17,17,17,552,1
600352,201813,2018-03-26,13,2018Q1,1,2018Q1,201813,2018Q1,2,1,2015Q1-2017Q4,2018Q1,2018Q1,2018Q1,same_quarter_last_week_features_to_same_quarter_last_week_fsfp,6,0,0.0,0.0,0.0,1.0,17,17,17,554,0
600353,201813,2018-03-26,13,2018Q1,1,2018Q1,201813,2018Q1,2,1,2015Q1-2017Q4,2018Q1,2018Q1,2018Q1,same_quarter_last_week_features_to_same_quarter_last_week_fsfp,6,0,0.0,0.0,0.0,1.0,17,17,17,555,0
600355,201813,2018-03-26,13,2018Q1,1,2018Q1,201813,2018Q1,2,1,2015Q1-2017Q4,2018Q1,2018Q1,2018Q1,same_quarter_last_week_features_to_same_quarter_last_week_fsfp,6,0,0.0,0.0,0.0,1.0,17,17,17,557,0
600356,201813,2018-03-26,13,2018Q1,1,2018Q1,201813,2018Q1,2,1,2015Q1-2017Q4,2018Q1,2018Q1,2018Q1,same_quarter_last_week_features_to_same_quarter_last_week_fsfp,6,2,2.0,0.0,0.0,1.0,17,17,17,558,2
600358,201813,2018-03-26,13,2018Q1,1,2018Q1,201813,2018Q1,2,1,2015Q1-2017Q4,2018Q1,2018Q1,2018Q1,same_quarter_last_week_features_to_same_quarter_last_week_fsfp,6,2,2.0,0.0,0.0,1.0,17,17,17,559,2
600359,201813,2018-03-26,13,2018Q1,1,2018Q1,201813,2018Q1,2,1,2015Q1-2017Q4,2018Q1,2018Q1,2018Q1,same_quarter_last_week_features_to_same_quarter_last_week_fsfp,6,2,2.0,0.0,0.0,1.0,17,17,17,560,2
600360,201813,2018-03-26,13,2018Q1,1,2018Q1,201813,2018Q1,2,1,2015Q1-2017Q4,2018Q1,2018Q1,2018Q1,same_quarter_last_week_features_to_same_quarter_last_week_fsfp,6,0,0.0,0.0,0.0,1.0,17,17,17,561,0
600361,201813,2018-03-26,13,2018Q1,1,2018Q1,201813,2018Q1,2,1,2015Q1-2017Q4,2018Q1,2018Q1,2018Q1,same_quarter_last_week_features_to_same_quarter_last_week_fsfp,6,0,0.0,0.0,0.0,1.0,17,17,17,562,0
600362,201813,2018-03-26,13,2018Q1,1,2018Q1,201813,2018Q1,2,1,2015Q1-2017Q4,2018Q1,2018Q1,2018Q1,same_quarter_last_week_features_to_same_quarter_last_week_fsfp,6,0,0.0,0.0,0.0,1.0,17,17,17,563,0
600363,201813,2018-03-26,13,2018Q1,1,2018Q1,201813,2018Q1,2,1,2015Q1-2017Q4,2018Q1,2018Q1,2018Q1,same_quarter_last_week_features_to_same_quarter_last_week_fsfp,6,0,0.0,0.0,0.0,1.0,17,17,17,564,0
600365,201813,2018-03-26,13,2018Q1,1,2018Q1,201813,2018Q1,2,1,2015Q1-2017Q4,2018Q1,2018Q1,2018Q1,same_quarter_last_week_features_to_same_quarter_last_week_fsfp,6,1,1.0,0.0,0.0,1.0,17,17,17,565,1
600366,201813,2018-03-26,13,2018Q1,1,2018Q1,201813,2018Q1,2,1,2015Q1-2017Q4,2018Q1,2018Q1,2018Q1,same_quarter_last_week_features_to_same_quarter_last_week_fsfp,6,1,1.0,0.0,0.0,1.0,17,17,17,566,1
600367,201813,2018-03-26,13,2018Q1,1,2018Q1,201813,2018Q1,2,1,2015Q1-2017Q4,2018Q1,2018Q1,2018Q1,same_quarter_last_week_features_to_same_quarter_last_week_fsfp,6,1,1.0,0.0,0.0,1.0,17,17,17,567,1
600368,201813,2018-03-26,13,2018Q1,1,2018Q1,201813,2018Q1,2,1,2015Q1-2017Q4,2018Q1,2018Q1,2018Q1,same_quarter_last_week_features_to_same_quarter_last_week_fsfp,6,2,2.0,0.0,0.0,1.0,17,17,17,568,2
600370,201813,2018-03-26,13,2018Q1,1,2018Q1,201813,2018Q1,2,1,2015Q1-2017Q4,2018Q1,2018Q1,2018Q1,same_quarter_last_week_features_to_same_quarter_last_week_fsfp,6,2,2.0,0.0,0.0,1.0,17,17,17,570,2
600372,201813,2018-03-26,13,2018Q1,1,2018Q1,201813,2018Q1,2,1,2015Q1-2017Q4,2018Q1,2018Q1,2018Q1,same_quarter_last_week_features_to_same_quarter_last_week_fsfp,6,0,0.0,0.0,0.0,1.0,17,17,17,572,0
600373,201813,2018-03-26,13,2018Q1,1,2018Q1,201813,2018Q1,2,1,2015Q1-2017Q4,2018Q1,2018Q1,2018Q1,same_quarter_last_week_features_to_same_quarter_last_week_fsfp,6,0,0.0,0.0,0.0,1.0,17,17,17,573,0
600375,201813,2018-03-26,13,2018Q1,1,2018Q1,201813,2018Q1,2,1,2015Q1-2017Q4,2018Q1,2018Q1,2018Q1,same_quarter_last_week_features_to_same_quarter_last_week_fsfp,6,0,0.0,0.0,0.0,1.0,17,17,17,574,0
600376,201813,2018-03-26,13,2018Q1,1,2018Q1,201813,2018Q1,2,1,2015Q1-2017Q4,2018Q1,2018Q1,2018Q1,same_quarter_last_week_features_to_same_quarter_last_week_fsfp,6,1,1.0,0.0,0.0,1.0,17,17,17,575,1
600377,201813,2018-03-26,13,2018Q1,1,2018Q1,201813,2018Q1,2,1,2015Q1-2017Q4,2018Q1,2018Q1,2018Q1,same_quarter_last_week_features_to_same_quarter_last_week_fsfp,6,0,0.0,0.0,0.0,1.0,17,17,17,576,0
600378,201813,2018-03-26,13,2018Q1,1,2018Q1,201813,2018Q1,2,1,2015Q1-2017Q4,2018Q1,2018Q1,2018Q1,same_quarter_last_week_features_to_same_quarter_last_week_fsfp,6,0,0.0,0.0,0.0,1.0,17,17,17,577,0
600379,201813,2018-03-26,13,2018Q1,1,2018Q1,201813,2018Q1,2,1,2015Q1-2017Q4,2018Q1,2018Q1,2018Q1,same_quarter_last_week_features_to_same_quarter_last_week_fsfp,6,1,1.0,0.0,0.0,1.0,17,17,17,578,1
600381,201813,2018-03-26,13,2018Q1,1,2018Q1,201813,2018Q1,2,1,2015Q1-2017Q4,2018Q1,2018Q1,2018Q1,same_quarter_last_week_features_to_same_quarter_last_week_fsfp,6,0,0.0,0.0,0.0,1.0,17,17,17,580,0
600382,201813,2018-03-26,13,2018Q1,1,2018Q1,201813,2018Q1,2,1,2015Q1-2017Q4,2018Q1,2018Q1,2018Q1,same_quarter_last_week_features_to_same_quarter_last_week_fsfp,6,2,2.0,0.0,0.0,1.0,17,17,17,581,2
600383,201813,2018-03-26,13,2018Q1,1,2018Q1,201813,2018Q1,2,1,2015Q1-2017Q4,2018Q1,2018Q1,2018Q1,same_quarter_last_week_features_to_same_quarter_last_week_fsfp,6,1,1.0,0.0,0.0,1.0,17,17,17,582,1
600386,201813,2018-03-26,13,2018Q1,1,2018Q1,201813,2018Q1,2,1,2015Q1-2017Q4,2018Q1,2018Q1,2018Q1,same_quarter_last_week_features_to_same_quarter_last_week_fsfp,6,1,1.0,0.0,0.0,1.0,17,17,17,583,1
600387,201813,2018-03-26,13,2018Q1,1,2018Q1,201813,2018Q1,2,1,2015Q1-2017Q4,2018Q1,2018Q1,2018Q1,same_quarter_last_week_features_to_same_quarter_last_week_fsfp,6,0,0.0,0.0,0.0,1.0,17,17,17,584,0
600388,201813,2018-03-26,13,2018Q1,1,2018Q1,201813,2018Q1,2,1,2015Q1-2017Q4,2018Q1,2018Q1,2018Q1,same_quarter_last_week_features_to_same_quarter_last_week_fsfp,6,1,1.0,0.0,0.0,1.0,17,17,17,585,1
600389,201813,2018-03-26,13,2018Q1,1,2018Q1,201813,2018Q1,2,1,2015Q1-2017Q4,2018Q1,2018Q1,2018Q1,same_quarter_last_week_features_to_same_quarter_last_week_fsfp,6,1,1.0,0.0,0.0,1.0,17,17,17,586,1
600391,201813,2018-03-26,13,2018Q1,1,2018Q1,201813,2018Q1,2,1,2015Q1-2017Q4,2018Q1,2018Q1,2018Q1,same_quarter_last_week_features_to_same_quarter_last_week_fsfp,6,1,1.0,0.0,0.0,1.0,17,17,17,588,1
600392,201813,2018-03-26,13,2018Q1,1,2018Q1,201813,2018Q1,2,1,2015Q1-2017Q4,2018Q1,2018Q1,2018Q1,same_quarter_last_week_features_to_same_quarter_last_week_fsfp,6,0,0.0,0.0,0.0,1.0,17,17,17,589,0
600395,201813,2018-03-26,13,2018Q1,1,2018Q1,201813,2018Q1,2,1,2015Q1-2017Q4,2018Q1,2018Q1,2018Q1,same_quarter_last_week_features_to_same_quarter_last_week_fsfp,6,1,1.0,0.0,0.0,1.0,17,17,17,590,1
600396,201813,2018-03-26,13,2018Q1,1,2018Q1,201813,2018Q1,2,1,2015Q1-2017Q4,2018Q1,2018Q1,2018Q1,same_quarter_last_week_features_to_same_quarter_last_week_fsfp,6,0,0.0,0.0,0.0,1.0,17,17,17,591,0
600399,201805,2018-01-29,5,2018Q1,1,2018Q1,201805,2018Q1,2,1,2015Q1-2017Q4,2018Q1,2018Q1,2018Q1,same_quarter_last_week_features_to_same_quarter_last_week_fsfp,6,1,1.0,0.0,0.0,1.0,17,17,17,594,1
600400,201813,2018-03-26,13,2018Q1,1,2018Q1,201813,2018Q1,2,1,2015Q1-2017Q4,2018Q1,2018Q1,2018Q1,same_quarter_last_week_features_to_same_quarter_last_week_fsfp,6,1,1.0,0.0,0.0,1.0,17,17,17,595,1
600403,201813,2018-03-26,13,2018Q1,1,2018Q1,201813,2018Q1,2,1,2015Q1-2017Q4,2018Q1,2018Q1,2018Q1,same_quarter_last_week_features_to_same_quarter_last_week_fsfp,6,2,2.0,0.0,0.0,1.0,17,17,17,596,2
600405,201813,2018-03-26,13,2018Q1,1,2018Q1,201813,2018Q1,2,1,2015Q1-2017Q4,2018Q1,2018Q1,2018Q1,same_quarter_last_week_features_to_same_quarter_last_week_fsfp,6,1,1.0,0.0,0.0,1.0,17,17,17,597,1
600406,201813,2018-03-26,13,2018Q1,1,2018Q1,201813,2018Q1,2,1,2015Q1-2017Q4,2018Q1,2018Q1,2018Q1,same_quarter_last_week_features_to_same_quarter_last_week_fsfp,6,0,0.0,0.0,0.0,1.0,17,17,17,598,0
600408,201813,2018-03-26,13,2018Q1,1,2018Q1,201813,2018Q1,2,1,2015Q1-2017Q4,2018Q1,2018Q1,2018Q1,same_quarter_last_week_features_to_same_quarter_last_week_fsfp,6,2,2.0,0.0,0.0,1.0,17,17,17,599,2
600409,201813,2018-03-26,13,2018Q1,1,2018Q1,201813,2018Q1,2,1,2015Q1-2017Q4,2018Q1,2018Q1,2018Q1,same_quarter_last_week_features_to_same_quarter_last_week_fsfp,6,1,1.0,0.0,0.0,1.0,17,17,17,600,1
600410,201813,2018-03-26,13,2018Q1,1,2018Q1,201813,2018Q1,2,1,2015Q1-2017Q4,2018Q1,2018Q1,2018Q1,same_quarter_last_week_features_to_same_quarter_last_week_fsfp,6,1,1.0,0.0,0.0,1.0,17,17,17,601,1
600415,201813,2018-03-26,13,2018Q1,1,2018Q1,201813,2018Q1,2,1,2015Q1-2017Q4,2018Q1,2018Q1,2018Q1,same_quarter_last_week_features_to_same_quarter_last_week_fsfp,6,0,0.0,0.0,0.0,1.0,17,17,17,602,0
600416,201813,2018-03-26,13,2018Q1,1,2018Q1,201813,2018Q1,2,1,2015Q1-2017Q4,2018Q1,2018Q1,2018Q1,same_quarter_last_week_features_to_same_quarter_last_week_fsfp,6,2,2.0,0.0,0.0,1.0,17,17,17,603,2
600418,201813,2018-03-26,13,2018Q1,1,2018Q1,201813,2018Q1,2,1,2015Q1-2017Q4,2018Q1,2018Q1,2018Q1,same_quarter_last_week_features_to_same_quarter_last_week_fsfp,6,1,1.0,0.0,0.0,1.0,17,17,17,604,1
600419,201813,2018-03-26,13,2018Q1,1,2018Q1,201813,2018Q1,2,1,2015Q1-2017Q4,2018Q1,2018Q1,2018Q1,same_quarter_last_week_features_to_same_quarter_last_week_fsfp,6,1,1.0,0.0,0.0,1.0,17,17,17,605,1
600420,201813,2018-03-26,13,2018Q1,1,2018Q1,201813,2018Q1,2,1,2015Q1-2017Q4,2018Q1,2018Q1,2018Q1,same_quarter_last_week_features_to_same_quarter_last_week_fsfp,6,0,0.0,0.0,0.0,1.0,17,17,17,606,0
600423,201810,2018-03-05,10,2018Q1,1,2018Q1,201810,2018Q1,2,1,2015Q1-2017Q4,2018Q1,2018Q1,2018Q1,same_quarter_last_week_features_to_same_quarter_last_week_fsfp,6,2,2.0,0.0,0.0,1.0,17,17,17,609,2
600425,201813,2018-03-26,13,2018Q1,1,2018Q1,201813,2018Q1,2,1,2015Q1-2017Q4,2018Q1,2018Q1,2018Q1,same_quarter_last_week_features_to_same_quarter_last_week_fsfp,6,1,1.0,0.0,0.0,1.0,17,17,17,610,1
600426,201813,2018-03-26,13,2018Q1,1,2018Q1,201813,2018Q1,2,1,2015Q1-2017Q4,2018Q1,2018Q1,2018Q1,same_quarter_last_week_features_to_same_quarter_last_week_fsfp,6,0,0.0,0.0,0.0,1.0,17,17,17,611,0
600429,201813,2018-03-26,13,2018Q1,1,2018Q1,201813,2018Q1,2,1,2015Q1-2017Q4,2018Q1,2018Q1,2018Q1,same_quarter_last_week_features_to_same_quarter_last_week_fsfp,6,1,1.0,0.0,0.0,1.0,17,17,17,613,1
600433,201813,2018-03-26,13,2018Q1,1,2018Q1,201813,2018Q1,2,1,2015Q1-2017Q4,2018Q1,2018Q1,2018Q1,same_quarter_last_week_features_to_same_quarter_last_week_fsfp,6,2,2.0,0.0,0.0,1.0,17,17,17,614,2
600435,201813,2018-03-26,13,2018Q1,1,2018Q1,201813,2018Q1,2,1,2015Q1-2017Q4,2018Q1,2018Q1,2018Q1,same_quarter_last_week_features_to_same_quarter_last_week_fsfp,6,0,0.0,0.0,0.0,1.0,17,17,17,615,0
600436,201813,2018-03-26,13,2018Q1,1,2018Q1,201813,2018Q1,2,1,2015Q1-2017Q4,2018Q1,2018Q1,2018Q1,same_quarter_last_week_features_to_same_quarter_last_week_fsfp,6,0,0.0,0.0,0.0,1.0,17,17,17,616,0
600438,201813,2018-03-26,13,2018Q1,1,2018Q1,201813,2018Q1,2,1,2015Q1-2017Q4,2018Q1,2018Q1,2018Q1,same_quarter_last_week_features_to_same_quarter_last_week_fsfp,6,0,0.0,0.0,0.0,1.0,17,17,17,617,0
600439,201813,2018-03-26,13,2018Q1,1,2018Q1,201813,2018Q1,2,1,2015Q1-2017Q4,2018Q1,2018Q1,2018Q1,same_quarter_last_week_features_to_same_quarter_last_week_fsfp,6,2,2.0,0.0,0.0,1.0,17,17,17,618,2
600444,201813,2018-03-26,13,2018Q1,1,2018Q1,201813,2018Q1,2,1,2015Q1-2017Q4,2018Q1,2018Q1,2018Q1,same_quarter_last_week_features_to_same_quarter_last_week_fsfp,6,0,0.0,0.0,0.0,1.0,17,17,17,619,0
600446,201813,2018-03-26,13,2018Q1,1,2018Q1,201813,2018Q1,2,1,2015Q1-2017Q4,2018Q1,2018Q1,2018Q1,same_quarter_last_week_features_to_same_quarter_last_week_fsfp,6,2,2.0,0.0,0.0,1.0,17,17,17,620,2
600448,201813,2018-03-26,13,2018Q1,1,2018Q1,201813,2018Q1,2,1,2015Q1-2017Q4,2018Q1,2018Q1,2018Q1,same_quarter_last_week_features_to_same_quarter_last_week_fsfp,6,2,2.0,0.0,0.0,1.0,17,17,17,621,2
600449,201813,2018-03-26,13,2018Q1,1,2018Q1,201813,2018Q1,2,1,2015Q1-2017Q4,2018Q1,2018Q1,2018Q1,same_quarter_last_week_features_to_same_quarter_last_week_fsfp,6,1,1.0,0.0,0.0,1.0,17,17,17,622,1
600452,201813,2018-03-26,13,2018Q1,1,2018Q1,201813,2018Q1,2,1,2015Q1-2017Q4,2018Q1,2018Q1,2018Q1,same_quarter_last_week_features_to_same_quarter_last_week_fsfp,6,1,1.0,0.0,0.0,1.0,17,17,17,623,1
600455,201813,2018-03-26,13,2018Q1,1,2018Q1,201813,2018Q1,2,1,2015Q1-2017Q4,2018Q1,2018Q1,2018Q1,same_quarter_last_week_features_to_same_quarter_last_week_fsfp,6,0,0.0,0.0,0.0,1.0,17,17,17,624,0
600456,201813,2018-03-26,13,2018Q1,1,2018Q1,201813,2018Q1,2,1,2015Q1-2017Q4,2018Q1,2018Q1,2018Q1,same_quarter_last_week_features_to_same_quarter_last_week_fsfp,6,0,0.0,0.0,0.0,1.0,17,17,17,625,0
600458,201813,2018-03-26,13,2018Q1,1,2018Q1,201813,2018Q1,2,1,2015Q1-2017Q4,2018Q1,2018Q1,2018Q1,same_quarter_last_week_features_to_same_quarter_last_week_fsfp,6,1,1.0,0.0,0.0,1.0,17,17,17,626,1
000006,201813,2018-03-26,13,2018Q1,1,2018Q1,201813,2018Q1,2,1,2015Q1-2017Q4,2018Q1,2018Q1,2018Q1,same_quarter_last_week_features_to_same_quarter_last_week_fsfp,7,1,1.0,0.0,0.0,1.0,17,17,17,1,2
000010,201813,2018-03-26,13,2018Q1,1,2018Q1,201813,2018Q1,2,1,2015Q1-2017Q4,2018Q1,2018Q1,2018Q1,same_quarter_last_week_features_to_same_quarter_last_week_fsfp,7,0,0.0,0.0,0.0,1.0,17,17,17,2,1
000520,201813,2018-03-26,13,2018Q1,1,2018Q1,201813,2018Q1,2,1,2015Q1-2017Q4,2018Q1,2018Q1,2018Q1,same_quarter_last_week_features_to_same_quarter_last_week_fsfp,7,1,1.0,0.0,0.0,1.0,17,17,17,16,0
000600,201813,2018-03-26,13,2018Q1,1,2018Q1,201813,2018Q1,2,1,2015Q1-2017Q4,2018Q1,2018Q1,2018Q1,same_quarter_last_week_features_to_same_quarter_last_week_fsfp,7,1,1.0,0.0,0.0,1.0,17,17,17,24,1
000685,201813,2018-03-26,13,2018Q1,1,2018Q1,201813,2018Q1,2,1,2015Q1-2017Q4,2018Q1,2018Q1,2018Q1,same_quarter_last_week_features_to_same_quarter_last_week_fsfp,7,1,1.0,0.0,0.0,1.0,17,17,17,33,0
000858,201813,2018-03-26,13,2018Q1,1,2018Q1,201813,2018Q1,2,1,2015Q1-2017Q4,2018Q1,2018Q1,2018Q1,same_quarter_last_week_features_to_same_quarter_last_week_fsfp,7,0,0.0,0.0,0.0,1.0,17,17,17,51,1
000948,201813,2018-03-26,13,2018Q1,1,2018Q1,201813,2018Q1,2,1,2015Q1-2017Q4,2018Q1,2018Q1,2018Q1,same_quarter_last_week_features_to_same_quarter_last_week_fsfp,7,2,2.0,0.0,0.0,1.0,17,17,17,59,2
002160,201813,2018-03-26,13,2018Q1,1,2018Q1,201813,2018Q1,2,1,2015Q1-2017Q4,2018Q1,2018Q1,2018Q1,same_quarter_last_week_features_to_same_quarter_last_week_fsfp,7,0,0.0,0.0,0.0,1.0,17,17,17,85,2
002177,201813,2018-03-26,13,2018Q1,1,2018Q1,201813,2018Q1,2,1,2015Q1-2017Q4,2018Q1,2018Q1,2018Q1,same_quarter_last_week_features_to_same_quarter_last_week_fsfp,7,0,0.0,0.0,0.0,1.0,17,17,17,87,2
002224,201813,2018-03-26,13,2018Q1,1,2018Q1,201813,2018Q1,2,1,2015Q1-2017Q4,2018Q1,2018Q1,2018Q1,same_quarter_last_week_features_to_same_quarter_last_week_fsfp,7,0,0.0,0.0,0.0,1.0,17,17,17,93,2
002265,201813,2018-03-26,13,2018Q1,1,2018Q1,201813,2018Q1,2,1,2015Q1-2017Q4,2018Q1,2018Q1,2018Q1,same_quarter_last_week_features_to_same_quarter_last_week_fsfp,7,1,1.0,0.0,0.0,1.0,17,17,17,105,1
002268,201813,2018-03-26,13,2018Q1,1,2018Q1,201813,2018Q1,2,1,2015Q1-2017Q4,2018Q1,2018Q1,2018Q1,same_quarter_last_week_features_to_same_quarter_last_week_fsfp,7,2,2.0,0.0,0.0,1.0,17,17,17,106,0
002321,201813,2018-03-26,13,2018Q1,1,2018Q1,201813,2018Q1,2,1,2015Q1-2017Q4,2018Q1,2018Q1,2018Q1,same_quarter_last_week_features_to_same_quarter_last_week_fsfp,7,1,1.0,0.0,0.0,1.0,17,17,17,115,0
002331,201813,2018-03-26,13,2018Q1,1,2018Q1,201813,2018Q1,2,1,2015Q1-2017Q4,2018Q1,2018Q1,2018Q1,same_quarter_last_week_features_to_same_quarter_last_week_fsfp,7,0,0.0,0.0,0.0,1.0,17,17,17,117,0
002396,201813,2018-03-26,13,2018Q1,1,2018Q1,201813,2018Q1,2,1,2015Q1-2017Q4,2018Q1,2018Q1,2018Q1,same_quarter_last_week_features_to_same_quarter_last_week_fsfp,7,1,1.0,0.0,0.0,1.0,17,17,17,128,0
002442,201813,2018-03-26,13,2018Q1,1,2018Q1,201813,2018Q1,2,1,2015Q1-2017Q4,2018Q1,2018Q1,2018Q1,same_quarter_last_week_features_to_same_quarter_last_week_fsfp,7,1,1.0,0.0,0.0,1.0,17,17,17,137,0
002458,201813,2018-03-26,13,2018Q1,1,2018Q1,201813,2018Q1,2,1,2015Q1-2017Q4,2018Q1,2018Q1,2018Q1,same_quarter_last_week_features_to_same_quarter_last_week_fsfp,7,0,0.0,0.0,0.0,1.0,17,17,17,139,0
002490,201813,2018-03-26,13,2018Q1,1,2018Q1,201813,2018Q1,2,1,2015Q1-2017Q4,2018Q1,2018Q1,2018Q1,same_quarter_last_week_features_to_same_quarter_last_week_fsfp,7,0,0.0,0.0,0.0,1.0,17,17,17,142,2
002495,201813,2018-03-26,13,2018Q1,1,2018Q1,201813,2018Q1,2,1,2015Q1-2017Q4,2018Q1,2018Q1,2018Q1,same_quarter_last_week_features_to_same_quarter_last_week_fsfp,7,0,0.0,0.0,0.0,1.0,17,17,17,143,2
002549,201813,2018-03-26,13,2018Q1,1,2018Q1,201813,2018Q1,2,1,2015Q1-2017Q4,2018Q1,2018Q1,2018Q1,same_quarter_last_week_features_to_same_quarter_last_week_fsfp,7,0,0.0,0.0,0.0,1.0,17,17,17,149,2
002617,201813,2018-03-26,13,2018Q1,1,2018Q1,201813,2018Q1,2,1,2015Q1-2017Q4,2018Q1,2018Q1,2018Q1,same_quarter_last_week_features_to_same_quarter_last_week_fsfp,7,1,1.0,0.0,0.0,1.0,17,17,17,157,2
002661,201805,2018-01-29,5,2018Q1,1,2018Q1,201805,2018Q1,2,1,2015Q1-2017Q4,2018Q1,2018Q1,2018Q1,same_quarter_last_week_features_to_same_quarter_last_week_fsfp,7,0,0.0,0.0,0.0,1.0,17,17,17,166,2
002686,201813,2018-03-26,13,2018Q1,1,2018Q1,201813,2018Q1,2,1,2015Q1-2017Q4,2018Q1,2018Q1,2018Q1,same_quarter_last_week_features_to_same_quarter_last_week_fsfp,7,1,1.0,0.0,0.0,1.0,17,17,17,172,0
002715,201813,2018-03-26,13,2018Q1,1,2018Q1,201813,2018Q1,2,1,2015Q1-2017Q4,2018Q1,2018Q1,2018Q1,same_quarter_last_week_features_to_same_quarter_last_week_fsfp,7,0,0.0,0.0,0.0,1.0,17,17,17,177,2
002757,201813,2018-03-26,13,2018Q1,1,2018Q1,201813,2018Q1,2,1,2015Q1-2017Q4,2018Q1,2018Q1,2018Q1,same_quarter_last_week_features_to_same_quarter_last_week_fsfp,7,0,0.0,0.0,0.0,1.0,17,17,17,181,0
002767,201813,2018-03-26,13,2018Q1,1,2018Q1,201813,2018Q1,2,1,2015Q1-2017Q4,2018Q1,2018Q1,2018Q1,same_quarter_last_week_features_to_same_quarter_last_week_fsfp,7,0,0.0,0.0,0.0,1.0,17,17,17,185,1
002806,201813,2018-03-26,13,2018Q1,1,2018Q1,201813,2018Q1,2,1,2015Q1-2017Q4,2018Q1,2018Q1,2018Q1,same_quarter_last_week_features_to_same_quarter_last_week_fsfp,7,0,0.0,0.0,0.0,1.0,17,17,17,193,2
002833,201813,2018-03-26,13,2018Q1,1,2018Q1,201813,2018Q1,2,1,2015Q1-2017Q4,2018Q1,2018Q1,2018Q1,same_quarter_last_week_features_to_same_quarter_last_week_fsfp,7,0,0.0,0.0,0.0,1.0,17,17,17,198,1
002841,201813,2018-03-26,13,2018Q1,1,2018Q1,201813,2018Q1,2,1,2015Q1-2017Q4,2018Q1,2018Q1,2018Q1,same_quarter_last_week_features_to_same_quarter_last_week_fsfp,7,1,1.0,0.0,0.0,1.0,17,17,17,200,0
300101,201813,2018-03-26,13,2018Q1,1,2018Q1,201813,2018Q1,2,1,2015Q1-2017Q4,2018Q1,2018Q1,2018Q1,same_quarter_last_week_features_to_same_quarter_last_week_fsfp,7,0,0.0,0.0,0.0,1.0,17,17,17,217,1
300128,201805,2018-01-29,5,2018Q1,1,2018Q1,201805,2018Q1,2,1,2015Q1-2017Q4,2018Q1,2018Q1,2018Q1,same_quarter_last_week_features_to_same_quarter_last_week_fsfp,7,1,1.0,0.0,0.0,1.0,17,17,17,223,1
300147,201813,2018-03-26,13,2018Q1,1,2018Q1,201813,2018Q1,2,1,2015Q1-2017Q4,2018Q1,2018Q1,2018Q1,same_quarter_last_week_features_to_same_quarter_last_week_fsfp,7,0,0.0,0.0,0.0,1.0,17,17,17,230,0
300151,201813,2018-03-26,13,2018Q1,1,2018Q1,201813,2018Q1,2,1,2015Q1-2017Q4,2018Q1,2018Q1,2018Q1,same_quarter_last_week_features_to_same_quarter_last_week_fsfp,7,0,0.0,0.0,0.0,1.0,17,17,17,232,0
300171,201813,2018-03-26,13,2018Q1,1,2018Q1,201813,2018Q1,2,1,2015Q1-2017Q4,2018Q1,2018Q1,2018Q1,same_quarter_last_week_features_to_same_quarter_last_week_fsfp,7,0,0.0,0.0,0.0,1.0,17,17,17,236,1
300182,201813,2018-03-26,13,2018Q1,1,2018Q1,201813,2018Q1,2,1,2015Q1-2017Q4,2018Q1,2018Q1,2018Q1,same_quarter_last_week_features_to_same_quarter_last_week_fsfp,7,1,1.0,0.0,0.0,1.0,17,17,17,241,1
300237,201813,2018-03-26,13,2018Q1,1,2018Q1,201813,2018Q1,2,1,2015Q1-2017Q4,2018Q1,2018Q1,2018Q1,same_quarter_last_week_features_to_same_quarter_last_week_fsfp,7,0,0.0,0.0,0.0,1.0,17,17,17,251,1
300296,201813,2018-03-26,13,2018Q1,1,2018Q1,201813,2018Q1,2,1,2015Q1-2017Q4,2018Q1,2018Q1,2018Q1,same_quarter_last_week_features_to_same_quarter_last_week_fsfp,7,1,1.0,0.0,0.0,1.0,17,17,17,263,1
300304,201813,2018-03-26,13,2018Q1,1,2018Q1,201813,2018Q1,2,1,2015Q1-2017Q4,2018Q1,2018Q1,2018Q1,same_quarter_last_week_features_to_same_quarter_last_week_fsfp,7,0,0.0,0.0,0.0,1.0,17,17,17,265,1
300314,201813,2018-03-26,13,2018Q1,1,2018Q1,201813,2018Q1,2,1,2015Q1-2017Q4,2018Q1,2018Q1,2018Q1,same_quarter_last_week_features_to_same_quarter_last_week_fsfp,7,0,0.0,0.0,0.0,1.0,17,17,17,267,0
300323,201813,2018-03-26,13,2018Q1,1,2018Q1,201813,2018Q1,2,1,2015Q1-2017Q4,2018Q1,2018Q1,2018Q1,same_quarter_last_week_features_to_same_quarter_last_week_fsfp,7,0,0.0,0.0,0.0,1.0,17,17,17,271,1
300340,201813,2018-03-26,13,2018Q1,1,2018Q1,201813,2018Q1,2,1,2015Q1-2017Q4,2018Q1,2018Q1,2018Q1,same_quarter_last_week_features_to_same_quarter_last_week_fsfp,7,0,0.0,0.0,0.0,1.0,17,17,17,273,1
300378,201813,2018-03-26,13,2018Q1,1,2018Q1,201813,2018Q1,2,1,2015Q1-2017Q4,2018Q1,2018Q1,2018Q1,same_quarter_last_week_features_to_same_quarter_last_week_fsfp,7,0,0.0,0.0,0.0,1.0,17,17,17,276,0
300418,201813,2018-03-26,13,2018Q1,1,2018Q1,201813,2018Q1,2,1,2015Q1-2017Q4,2018Q1,2018Q1,2018Q1,same_quarter_last_week_features_to_same_quarter_last_week_fsfp,7,0,0.0,0.0,0.0,1.0,17,17,17,281,0
300467,201813,2018-03-26,13,2018Q1,1,2018Q1,201813,2018Q1,2,1,2015Q1-2017Q4,2018Q1,2018Q1,2018Q1,same_quarter_last_week_features_to_same_quarter_last_week_fsfp,7,0,0.0,0.0,0.0,1.0,17,17,17,286,2
300477,201813,2018-03-26,13,2018Q1,1,2018Q1,201813,2018Q1,2,1,2015Q1-2017Q4,2018Q1,2018Q1,2018Q1,same_quarter_last_week_features_to_same_quarter_last_week_fsfp,7,1,1.0,0.0,0.0,1.0,17,17,17,288,0
300509,201813,2018-03-26,13,2018Q1,1,2018Q1,201813,2018Q1,2,1,2015Q1-2017Q4,2018Q1,2018Q1,2018Q1,same_quarter_last_week_features_to_same_quarter_last_week_fsfp,7,0,0.0,0.0,0.0,1.0,17,17,17,293,2
300536,201813,2018-03-26,13,2018Q1,1,2018Q1,201813,2018Q1,2,1,2015Q1-2017Q4,2018Q1,2018Q1,2018Q1,same_quarter_last_week_features_to_same_quarter_last_week_fsfp,7,0,0.0,0.0,0.0,1.0,17,17,17,297,2
300551,201813,2018-03-26,13,2018Q1,1,2018Q1,201813,2018Q1,2,1,2015Q1-2017Q4,2018Q1,2018Q1,2018Q1,same_quarter_last_week_features_to_same_quarter_last_week_fsfp,7,2,2.0,0.0,0.0,1.0,17,17,17,298,0
300591,201813,2018-03-26,13,2018Q1,1,2018Q1,201813,2018Q1,2,1,2015Q1-2017Q4,2018Q1,2018Q1,2018Q1,same_quarter_last_week_features_to_same_quarter_last_week_fsfp,7,0,0.0,0.0,0.0,1.0,17,17,17,301,2
300618,201813,2018-03-26,13,2018Q1,1,2018Q1,201813,2018Q1,2,1,2015Q1-2017Q4,2018Q1,2018Q1,2018Q1,same_quarter_last_week_features_to_same_quarter_last_week_fsfp,7,1,1.0,0.0,0.0,1.0,17,17,17,304,2
300620,201813,2018-03-26,13,2018Q1,1,2018Q1,201813,2018Q1,2,1,2015Q1-2017Q4,2018Q1,2018Q1,2018Q1,same_quarter_last_week_features_to_same_quarter_last_week_fsfp,7,0,0.0,0.0,0.0,1.0,17,17,17,305,0
600176,201813,2018-03-26,13,2018Q1,1,2018Q1,201813,2018Q1,2,1,2015Q1-2017Q4,2018Q1,2018Q1,2018Q1,same_quarter_last_week_features_to_same_quarter_last_week_fsfp,7,0,0.0,0.0,0.0,1.0,17,17,17,312,0
600178,201813,2018-03-26,13,2018Q1,1,2018Q1,201813,2018Q1,2,1,2015Q1-2017Q4,2018Q1,2018Q1,2018Q1,same_quarter_last_week_features_to_same_quarter_last_week_fsfp,7,2,2.0,0.0,0.0,1.0,17,17,17,313,2
600180,201813,2018-03-26,13,2018Q1,1,2018Q1,201813,2018Q1,2,1,2015Q1-2017Q4,2018Q1,2018Q1,2018Q1,same_quarter_last_week_features_to_same_quarter_last_week_fsfp,7,0,0.0,0.0,0.0,1.0,17,17,17,314,0
600206,201813,2018-03-26,13,2018Q1,1,2018Q1,201813,2018Q1,2,1,2015Q1-2017Q4,2018Q1,2018Q1,2018Q1,same_quarter_last_week_features_to_same_quarter_last_week_fsfp,7,0,0.0,0.0,0.0,1.0,17,17,17,316,0
600215,201813,2018-03-26,13,2018Q1,1,2018Q1,201813,2018Q1,2,1,2015Q1-2017Q4,2018Q1,2018Q1,2018Q1,same_quarter_last_week_features_to_same_quarter_last_week_fsfp,7,0,0.0,0.0,0.0,1.0,17,17,17,317,0
600235,201813,2018-03-26,13,2018Q1,1,2018Q1,201813,2018Q1,2,1,2015Q1-2017Q4,2018Q1,2018Q1,2018Q1,same_quarter_last_week_features_to_same_quarter_last_week_fsfp,7,1,1.0,0.0,0.0,1.0,17,17,17,319,1
600310,201813,2018-03-26,13,2018Q1,1,2018Q1,201813,2018Q1,2,1,2015Q1-2017Q4,2018Q1,2018Q1,2018Q1,same_quarter_last_week_features_to_same_quarter_last_week_fsfp,7,1,1.0,0.0,0.0,1.0,17,17,17,321,1
600333,201813,2018-03-26,13,2018Q1,1,2018Q1,201813,2018Q1,2,1,2015Q1-2017Q4,2018Q1,2018Q1,2018Q1,same_quarter_last_week_features_to_same_quarter_last_week_fsfp,7,1,1.0,0.0,0.0,1.0,17,17,17,325,1
600354,201813,2018-03-26,13,2018Q1,1,2018Q1,201813,2018Q1,2,1,2015Q1-2017Q4,2018Q1,2018Q1,2018Q1,same_quarter_last_week_features_to_same_quarter_last_week_fsfp,7,1,1.0,0.0,0.0,1.0,17,17,17,327,1
600421,201813,2018-03-26,13,2018Q1,1,2018Q1,201813,2018Q1,2,1,2015Q1-2017Q4,2018Q1,2018Q1,2018Q1,same_quarter_last_week_features_to_same_quarter_last_week_fsfp,7,0,0.0,0.0,0.0,1.0,17,17,17,334,0
600459,201813,2018-03-26,13,2018Q1,1,2018Q1,201813,2018Q1,2,1,2015Q1-2017Q4,2018Q1,2018Q1,2018Q1,same_quarter_last_week_features_to_same_quarter_last_week_fsfp,7,1,1.0,0.0,0.0,1.0,17,17,17,337,1
600460,201813,2018-03-26,13,2018Q1,1,2018Q1,201813,2018Q1,2,1,2015Q1-2017Q4,2018Q1,2018Q1,2018Q1,same_quarter_last_week_features_to_same_quarter_last_week_fsfp,7,0,0.0,0.0,0.0,1.0,17,17,17,338,0
600461,201813,2018-03-26,13,2018Q1,1,2018Q1,201813,2018Q1,2,1,2015Q1-2017Q4,2018Q1,2018Q1,2018Q1,same_quarter_last_week_features_to_same_quarter_last_week_fsfp,7,0,0.0,0.0,0.0,1.0,17,17,17,339,0
600462,201813,2018-03-26,13,2018Q1,1,2018Q1,201813,2018Q1,2,1,2015Q1-2017Q4,2018Q1,2018Q1,2018Q1,same_quarter_last_week_features_to_same_quarter_last_week_fsfp,7,0,0.0,0.0,0.0,1.0,17,17,17,340,0
600463,201813,2018-03-26,13,2018Q1,1,2018Q1,201813,2018Q1,2,1,2015Q1-2017Q4,2018Q1,2018Q1,2018Q1,same_quarter_last_week_features_to_same_quarter_last_week_fsfp,7,2,2.0,0.0,0.0,1.0,17,17,17,341,2
600467,201813,2018-03-26,13,2018Q1,1,2018Q1,201813,2018Q1,2,1,2015Q1-2017Q4,2018Q1,2018Q1,2018Q1,same_quarter_last_week_features_to_same_quarter_last_week_fsfp,7,1,1.0,0.0,0.0,1.0,17,17,17,342,1
600468,201813,2018-03-26,13,2018Q1,1,2018Q1,201813,2018Q1,2,1,2015Q1-2017Q4,2018Q1,2018Q1,2018Q1,same_quarter_last_week_features_to_same_quarter_last_week_fsfp,7,2,2.0,0.0,0.0,1.0,17,17,17,343,2
600469,201813,2018-03-26,13,2018Q1,1,2018Q1,201813,2018Q1,2,1,2015Q1-2017Q4,2018Q1,2018Q1,2018Q1,same_quarter_last_week_features_to_same_quarter_last_week_fsfp,7,1,1.0,0.0,0.0,1.0,17,17,17,344,1
600470,201813,2018-03-26,13,2018Q1,1,2018Q1,201813,2018Q1,2,1,2015Q1-2017Q4,2018Q1,2018Q1,2018Q1,same_quarter_last_week_features_to_same_quarter_last_week_fsfp,7,1,1.0,0.0,0.0,1.0,17,17,17,345,1
600475,201813,2018-03-26,13,2018Q1,1,2018Q1,201813,2018Q1,2,1,2015Q1-2017Q4,2018Q1,2018Q1,2018Q1,same_quarter_last_week_features_to_same_quarter_last_week_fsfp,7,0,0.0,0.0,0.0,1.0,17,17,17,346,0
600476,201813,2018-03-26,13,2018Q1,1,2018Q1,201813,2018Q1,2,1,2015Q1-2017Q4,2018Q1,2018Q1,2018Q1,same_quarter_last_week_features_to_same_quarter_last_week_fsfp,7,2,2.0,0.0,0.0,1.0,17,17,17,347,2
600477,201813,2018-03-26,13,2018Q1,1,2018Q1,201813,2018Q1,2,1,2015Q1-2017Q4,2018Q1,2018Q1,2018Q1,same_quarter_last_week_features_to_same_quarter_last_week_fsfp,7,2,2.0,0.0,0.0,1.0,17,17,17,348,2
600478,201813,2018-03-26,13,2018Q1,1,2018Q1,201813,2018Q1,2,1,2015Q1-2017Q4,2018Q1,2018Q1,2018Q1,same_quarter_last_week_features_to_same_quarter_last_week_fsfp,7,2,2.0,0.0,0.0,1.0,17,17,17,349,2
600480,201813,2018-03-26,13,2018Q1,1,2018Q1,201813,2018Q1,2,1,2015Q1-2017Q4,2018Q1,2018Q1,2018Q1,same_quarter_last_week_features_to_same_quarter_last_week_fsfp,7,1,1.0,0.0,0.0,1.0,17,17,17,351,1
600481,201813,2018-03-26,13,2018Q1,1,2018Q1,201813,2018Q1,2,1,2015Q1-2017Q4,2018Q1,2018Q1,2018Q1,same_quarter_last_week_features_to_same_quarter_last_week_fsfp,7,1,1.0,0.0,0.0,1.0,17,17,17,352,1
600482,201813,2018-03-26,13,2018Q1,1,2018Q1,201813,2018Q1,2,1,2015Q1-2017Q4,2018Q1,2018Q1,2018Q1,same_quarter_last_week_features_to_same_quarter_last_week_fsfp,7,0,0.0,0.0,0.0,1.0,17,17,17,353,0
600483,201813,2018-03-26,13,2018Q1,1,2018Q1,201813,2018Q1,2,1,2015Q1-2017Q4,2018Q1,2018Q1,2018Q1,same_quarter_last_week_features_to_same_quarter_last_week_fsfp,7,0,0.0,0.0,0.0,1.0,17,17,17,354,0
600486,201813,2018-03-26,13,2018Q1,1,2018Q1,201813,2018Q1,2,1,2015Q1-2017Q4,2018Q1,2018Q1,2018Q1,same_quarter_last_week_features_to_same_quarter_last_week_fsfp,7,0,0.0,0.0,0.0,1.0,17,17,17,355,0
600487,201813,2018-03-26,13,2018Q1,1,2018Q1,201813,2018Q1,2,1,2015Q1-2017Q4,2018Q1,2018Q1,2018Q1,same_quarter_last_week_features_to_same_quarter_last_week_fsfp,7,0,0.0,0.0,0.0,1.0,17,17,17,356,0
600488,201813,2018-03-26,13,2018Q1,1,2018Q1,201813,2018Q1,2,1,2015Q1-2017Q4,2018Q1,2018Q1,2018Q1,same_quarter_last_week_features_to_same_quarter_last_week_fsfp,7,2,2.0,0.0,0.0,1.0,17,17,17,357,2
600489,201813,2018-03-26,13,2018Q1,1,2018Q1,201813,2018Q1,2,1,2015Q1-2017Q4,2018Q1,2018Q1,2018Q1,same_quarter_last_week_features_to_same_quarter_last_week_fsfp,7,0,0.0,0.0,0.0,1.0,17,17,17,358,0
600490,201813,2018-03-26,13,2018Q1,1,2018Q1,201813,2018Q1,2,1,2015Q1-2017Q4,2018Q1,2018Q1,2018Q1,same_quarter_last_week_features_to_same_quarter_last_week_fsfp,7,2,2.0,0.0,0.0,1.0,17,17,17,359,2
600491,201813,2018-03-26,13,2018Q1,1,2018Q1,201813,2018Q1,2,1,2015Q1-2017Q4,2018Q1,2018Q1,2018Q1,same_quarter_last_week_features_to_same_quarter_last_week_fsfp,7,1,1.0,0.0,0.0,1.0,17,17,17,360,1
600493,201813,2018-03-26,13,2018Q1,1,2018Q1,201813,2018Q1,2,1,2015Q1-2017Q4,2018Q1,2018Q1,2018Q1,same_quarter_last_week_features_to_same_quarter_last_week_fsfp,7,2,2.0,0.0,0.0,1.0,17,17,17,361,2
600495,201813,2018-03-26,13,2018Q1,1,2018Q1,201813,2018Q1,2,1,2015Q1-2017Q4,2018Q1,2018Q1,2018Q1,same_quarter_last_week_features_to_same_quarter_last_week_fsfp,7,1,1.0,0.0,0.0,1.0,17,17,17,362,1
600496,201813,2018-03-26,13,2018Q1,1,2018Q1,201813,2018Q1,2,1,2015Q1-2017Q4,2018Q1,2018Q1,2018Q1,same_quarter_last_week_features_to_same_quarter_last_week_fsfp,7,0,0.0,0.0,0.0,1.0,17,17,17,363,0
600497,201813,2018-03-26,13,2018Q1,1,2018Q1,201813,2018Q1,2,1,2015Q1-2017Q4,2018Q1,2018Q1,2018Q1,same_quarter_last_week_features_to_same_quarter_last_week_fsfp,7,0,0.0,0.0,0.0,1.0,17,17,17,364,0
600498,201813,2018-03-26,13,2018Q1,1,2018Q1,201813,2018Q1,2,1,2015Q1-2017Q4,2018Q1,2018Q1,2018Q1,same_quarter_last_week_features_to_same_quarter_last_week_fsfp,7,0,0.0,0.0,0.0,1.0,17,17,17,365,0
600499,201813,2018-03-26,13,2018Q1,1,2018Q1,201813,2018Q1,2,1,2015Q1-2017Q4,2018Q1,2018Q1,2018Q1,same_quarter_last_week_features_to_same_quarter_last_week_fsfp,7,0,0.0,0.0,0.0,1.0,17,17,17,366,0
600500,201813,2018-03-26,13,2018Q1,1,2018Q1,201813,2018Q1,2,1,2015Q1-2017Q4,2018Q1,2018Q1,2018Q1,same_quarter_last_week_features_to_same_quarter_last_week_fsfp,7,2,2.0,0.0,0.0,1.0,17,17,17,367,2
600501,201813,2018-03-26,13,2018Q1,1,2018Q1,201813,2018Q1,2,1,2015Q1-2017Q4,2018Q1,2018Q1,2018Q1,same_quarter_last_week_features_to_same_quarter_last_week_fsfp,7,1,1.0,0.0,0.0,1.0,17,17,17,368,1
600502,201813,2018-03-26,13,2018Q1,1,2018Q1,201813,2018Q1,2,1,2015Q1-2017Q4,2018Q1,2018Q1,2018Q1,same_quarter_last_week_features_to_same_quarter_last_week_fsfp,7,1,1.0,0.0,0.0,1.0,17,17,17,369,1
600503,201813,2018-03-26,13,2018Q1,1,2018Q1,201813,2018Q1,2,1,2015Q1-2017Q4,2018Q1,2018Q1,2018Q1,same_quarter_last_week_features_to_same_quarter_last_week_fsfp,7,1,1.0,0.0,0.0,1.0,17,17,17,370,1
600505,201813,2018-03-26,13,2018Q1,1,2018Q1,201813,2018Q1,2,1,2015Q1-2017Q4,2018Q1,2018Q1,2018Q1,same_quarter_last_week_features_to_same_quarter_last_week_fsfp,7,2,2.0,0.0,0.0,1.0,17,17,17,371,2
600506,201813,2018-03-26,13,2018Q1,1,2018Q1,201813,2018Q1,2,1,2015Q1-2017Q4,2018Q1,2018Q1,2018Q1,same_quarter_last_week_features_to_same_quarter_last_week_fsfp,7,0,0.0,0.0,0.0,1.0,17,17,17,372,0
600507,201813,2018-03-26,13,2018Q1,1,2018Q1,201813,2018Q1,2,1,2015Q1-2017Q4,2018Q1,2018Q1,2018Q1,same_quarter_last_week_features_to_same_quarter_last_week_fsfp,7,1,1.0,0.0,0.0,1.0,17,17,17,373,1
600509,201813,2018-03-26,13,2018Q1,1,2018Q1,201813,2018Q1,2,1,2015Q1-2017Q4,2018Q1,2018Q1,2018Q1,same_quarter_last_week_features_to_same_quarter_last_week_fsfp,7,0,0.0,0.0,0.0,1.0,17,17,17,375,0
600510,201813,2018-03-26,13,2018Q1,1,2018Q1,201813,2018Q1,2,1,2015Q1-2017Q4,2018Q1,2018Q1,2018Q1,same_quarter_last_week_features_to_same_quarter_last_week_fsfp,7,1,1.0,0.0,0.0,1.0,17,17,17,376,1
600511,201813,2018-03-26,13,2018Q1,1,2018Q1,201813,2018Q1,2,1,2015Q1-2017Q4,2018Q1,2018Q1,2018Q1,same_quarter_last_week_features_to_same_quarter_last_week_fsfp,7,0,0.0,0.0,0.0,1.0,17,17,17,377,0
600512,201806,2018-02-05,6,2018Q1,1,2018Q1,201806,2018Q1,2,1,2015Q1-2017Q4,2018Q1,2018Q1,2018Q1,same_quarter_last_week_features_to_same_quarter_last_week_fsfp,7,1,1.0,0.0,0.0,1.0,17,17,17,378,1
600513,201813,2018-03-26,13,2018Q1,1,2018Q1,201813,2018Q1,2,1,2015Q1-2017Q4,2018Q1,2018Q1,2018Q1,same_quarter_last_week_features_to_same_quarter_last_week_fsfp,7,1,1.0,0.0,0.0,1.0,17,17,17,379,1
600515,201804,2018-01-22,4,2018Q1,1,2018Q1,201804,2018Q1,2,1,2015Q1-2017Q4,2018Q1,2018Q1,2018Q1,same_quarter_last_week_features_to_same_quarter_last_week_fsfp,7,0,0.0,0.0,0.0,1.0,17,17,17,380,0
600516,201813,2018-03-26,13,2018Q1,1,2018Q1,201813,2018Q1,2,1,2015Q1-2017Q4,2018Q1,2018Q1,2018Q1,same_quarter_last_week_features_to_same_quarter_last_week_fsfp,7,0,0.0,0.0,0.0,1.0,17,17,17,381,0
600517,201813,2018-03-26,13,2018Q1,1,2018Q1,201813,2018Q1,2,1,2015Q1-2017Q4,2018Q1,2018Q1,2018Q1,same_quarter_last_week_features_to_same_quarter_last_week_fsfp,7,0,0.0,0.0,0.0,1.0,17,17,17,382,0
600518,201813,2018-03-26,13,2018Q1,1,2018Q1,201813,2018Q1,2,1,2015Q1-2017Q4,2018Q1,2018Q1,2018Q1,same_quarter_last_week_features_to_same_quarter_last_week_fsfp,7,1,1.0,0.0,0.0,1.0,17,17,17,383,1
600520,201813,2018-03-26,13,2018Q1,1,2018Q1,201813,2018Q1,2,1,2015Q1-2017Q4,2018Q1,2018Q1,2018Q1,same_quarter_last_week_features_to_same_quarter_last_week_fsfp,7,2,2.0,0.0,0.0,1.0,17,17,17,385,2
600521,201813,2018-03-26,13,2018Q1,1,2018Q1,201813,2018Q1,2,1,2015Q1-2017Q4,2018Q1,2018Q1,2018Q1,same_quarter_last_week_features_to_same_quarter_last_week_fsfp,7,0,0.0,0.0,0.0,1.0,17,17,17,386,0
600522,201813,2018-03-26,13,2018Q1,1,2018Q1,201813,2018Q1,2,1,2015Q1-2017Q4,2018Q1,2018Q1,2018Q1,same_quarter_last_week_features_to_same_quarter_last_week_fsfp,7,1,1.0,0.0,0.0,1.0,17,17,17,387,1
600523,201813,2018-03-26,13,2018Q1,1,2018Q1,201813,2018Q1,2,1,2015Q1-2017Q4,2018Q1,2018Q1,2018Q1,same_quarter_last_week_features_to_same_quarter_last_week_fsfp,7,1,1.0,0.0,0.0,1.0,17,17,17,388,1
600525,201813,2018-03-26,13,2018Q1,1,2018Q1,201813,2018Q1,2,1,2015Q1-2017Q4,2018Q1,2018Q1,2018Q1,same_quarter_last_week_features_to_same_quarter_last_week_fsfp,7,0,0.0,0.0,0.0,1.0,17,17,17,389,0
600526,201813,2018-03-26,13,2018Q1,1,2018Q1,201813,2018Q1,2,1,2015Q1-2017Q4,2018Q1,2018Q1,2018Q1,same_quarter_last_week_features_to_same_quarter_last_week_fsfp,7,1,1.0,0.0,0.0,1.0,17,17,17,390,1
600528,201813,2018-03-26,13,2018Q1,1,2018Q1,201813,2018Q1,2,1,2015Q1-2017Q4,2018Q1,2018Q1,2018Q1,same_quarter_last_week_features_to_same_quarter_last_week_fsfp,7,0,0.0,0.0,0.0,1.0,17,17,17,392,0
600529,201813,2018-03-26,13,2018Q1,1,2018Q1,201813,2018Q1,2,1,2015Q1-2017Q4,2018Q1,2018Q1,2018Q1,same_quarter_last_week_features_to_same_quarter_last_week_fsfp,7,0,0.0,0.0,0.0,1.0,17,17,17,393,0
600530,201813,2018-03-26,13,2018Q1,1,2018Q1,201813,2018Q1,2,1,2015Q1-2017Q4,2018Q1,2018Q1,2018Q1,same_quarter_last_week_features_to_same_quarter_last_week_fsfp,7,1,1.0,0.0,0.0,1.0,17,17,17,394,1
600531,201813,2018-03-26,13,2018Q1,1,2018Q1,201813,2018Q1,2,1,2015Q1-2017Q4,2018Q1,2018Q1,2018Q1,same_quarter_last_week_features_to_same_quarter_last_week_fsfp,7,1,1.0,0.0,0.0,1.0,17,17,17,395,1
600533,201813,2018-03-26,13,2018Q1,1,2018Q1,201813,2018Q1,2,1,2015Q1-2017Q4,2018Q1,2018Q1,2018Q1,same_quarter_last_week_features_to_same_quarter_last_week_fsfp,7,1,1.0,0.0,0.0,1.0,17,17,17,396,1
600536,201813,2018-03-26,13,2018Q1,1,2018Q1,201813,2018Q1,2,1,2015Q1-2017Q4,2018Q1,2018Q1,2018Q1,same_quarter_last_week_features_to_same_quarter_last_week_fsfp,7,0,0.0,0.0,0.0,1.0,17,17,17,398,0
600537,201813,2018-03-26,13,2018Q1,1,2018Q1,201813,2018Q1,2,1,2015Q1-2017Q4,2018Q1,2018Q1,2018Q1,same_quarter_last_week_features_to_same_quarter_last_week_fsfp,7,2,2.0,0.0,0.0,1.0,17,17,17,399,2
600538,201813,2018-03-26,13,2018Q1,1,2018Q1,201813,2018Q1,2,1,2015Q1-2017Q4,2018Q1,2018Q1,2018Q1,same_quarter_last_week_features_to_same_quarter_last_week_fsfp,7,2,2.0,0.0,0.0,1.0,17,17,17,400,2
600540,201813,2018-03-26,13,2018Q1,1,2018Q1,201813,2018Q1,2,1,2015Q1-2017Q4,2018Q1,2018Q1,2018Q1,same_quarter_last_week_features_to_same_quarter_last_week_fsfp,7,2,2.0,0.0,0.0,1.0,17,17,17,401,2
600543,201813,2018-03-26,13,2018Q1,1,2018Q1,201813,2018Q1,2,1,2015Q1-2017Q4,2018Q1,2018Q1,2018Q1,same_quarter_last_week_features_to_same_quarter_last_week_fsfp,7,1,1.0,0.0,0.0,1.0,17,17,17,402,1
600545,201813,2018-03-26,13,2018Q1,1,2018Q1,201813,2018Q1,2,1,2015Q1-2017Q4,2018Q1,2018Q1,2018Q1,same_quarter_last_week_features_to_same_quarter_last_week_fsfp,7,1,1.0,0.0,0.0,1.0,17,17,17,403,1
600546,201813,2018-03-26,13,2018Q1,1,2018Q1,201813,2018Q1,2,1,2015Q1-2017Q4,2018Q1,2018Q1,2018Q1,same_quarter_last_week_features_to_same_quarter_last_week_fsfp,7,0,0.0,0.0,0.0,1.0,17,17,17,404,0
600547,201813,2018-03-26,13,2018Q1,1,2018Q1,201813,2018Q1,2,1,2015Q1-2017Q4,2018Q1,2018Q1,2018Q1,same_quarter_last_week_features_to_same_quarter_last_week_fsfp,7,0,0.0,0.0,0.0,1.0,17,17,17,405,0
600548,201813,2018-03-26,13,2018Q1,1,2018Q1,201813,2018Q1,2,1,2015Q1-2017Q4,2018Q1,2018Q1,2018Q1,same_quarter_last_week_features_to_same_quarter_last_week_fsfp,7,1,1.0,0.0,0.0,1.0,17,17,17,406,1
600549,201813,2018-03-26,13,2018Q1,1,2018Q1,201813,2018Q1,2,1,2015Q1-2017Q4,2018Q1,2018Q1,2018Q1,same_quarter_last_week_features_to_same_quarter_last_week_fsfp,7,0,0.0,0.0,0.0,1.0,17,17,17,407,0
600550,201813,2018-03-26,13,2018Q1,1,2018Q1,201813,2018Q1,2,1,2015Q1-2017Q4,2018Q1,2018Q1,2018Q1,same_quarter_last_week_features_to_same_quarter_last_week_fsfp,7,1,1.0,0.0,0.0,1.0,17,17,17,408,1
600551,201813,2018-03-26,13,2018Q1,1,2018Q1,201813,2018Q1,2,1,2015Q1-2017Q4,2018Q1,2018Q1,2018Q1,same_quarter_last_week_features_to_same_quarter_last_week_fsfp,7,2,2.0,0.0,0.0,1.0,17,17,17,409,2
600552,201813,2018-03-26,13,2018Q1,1,2018Q1,201813,2018Q1,2,1,2015Q1-2017Q4,2018Q1,2018Q1,2018Q1,same_quarter_last_week_features_to_same_quarter_last_week_fsfp,7,1,1.0,0.0,0.0,1.0,17,17,17,410,1
600556,201813,2018-03-26,13,2018Q1,1,2018Q1,201813,2018Q1,2,1,2015Q1-2017Q4,2018Q1,2018Q1,2018Q1,same_quarter_last_week_features_to_same_quarter_last_week_fsfp,7,0,0.0,0.0,0.0,1.0,17,17,17,411,0
600557,201813,2018-03-26,13,2018Q1,1,2018Q1,201813,2018Q1,2,1,2015Q1-2017Q4,2018Q1,2018Q1,2018Q1,same_quarter_last_week_features_to_same_quarter_last_week_fsfp,7,1,1.0,0.0,0.0,1.0,17,17,17,412,1
600558,201813,2018-03-26,13,2018Q1,1,2018Q1,201813,2018Q1,2,1,2015Q1-2017Q4,2018Q1,2018Q1,2018Q1,same_quarter_last_week_features_to_same_quarter_last_week_fsfp,7,1,1.0,0.0,0.0,1.0,17,17,17,413,1
600559,201813,2018-03-26,13,2018Q1,1,2018Q1,201813,2018Q1,2,1,2015Q1-2017Q4,2018Q1,2018Q1,2018Q1,same_quarter_last_week_features_to_same_quarter_last_week_fsfp,7,1,1.0,0.0,0.0,1.0,17,17,17,414,1
600560,201813,2018-03-26,13,2018Q1,1,2018Q1,201813,2018Q1,2,1,2015Q1-2017Q4,2018Q1,2018Q1,2018Q1,same_quarter_last_week_features_to_same_quarter_last_week_fsfp,7,0,0.0,0.0,0.0,1.0,17,17,17,415,0
600561,201813,2018-03-26,13,2018Q1,1,2018Q1,201813,2018Q1,2,1,2015Q1-2017Q4,2018Q1,2018Q1,2018Q1,same_quarter_last_week_features_to_same_quarter_last_week_fsfp,7,2,2.0,0.0,0.0,1.0,17,17,17,416,2
600562,201813,2018-03-26,13,2018Q1,1,2018Q1,201813,2018Q1,2,1,2015Q1-2017Q4,2018Q1,2018Q1,2018Q1,same_quarter_last_week_features_to_same_quarter_last_week_fsfp,7,0,0.0,0.0,0.0,1.0,17,17,17,417,0
600563,201813,2018-03-26,13,2018Q1,1,2018Q1,201813,2018Q1,2,1,2015Q1-2017Q4,2018Q1,2018Q1,2018Q1,same_quarter_last_week_features_to_same_quarter_last_week_fsfp,7,0,0.0,0.0,0.0,1.0,17,17,17,418,0
600566,201813,2018-03-26,13,2018Q1,1,2018Q1,201813,2018Q1,2,1,2015Q1-2017Q4,2018Q1,2018Q1,2018Q1,same_quarter_last_week_features_to_same_quarter_last_week_fsfp,7,0,0.0,0.0,0.0,1.0,17,17,17,419,0
600567,201813,2018-03-26,13,2018Q1,1,2018Q1,201813,2018Q1,2,1,2015Q1-2017Q4,2018Q1,2018Q1,2018Q1,same_quarter_last_week_features_to_same_quarter_last_week_fsfp,7,0,0.0,0.0,0.0,1.0,17,17,17,420,0
600568,201805,2018-01-29,5,2018Q1,1,2018Q1,201805,2018Q1,2,1,2015Q1-2017Q4,2018Q1,2018Q1,2018Q1,same_quarter_last_week_features_to_same_quarter_last_week_fsfp,7,2,2.0,0.0,0.0,1.0,17,17,17,421,2
600569,201813,2018-03-26,13,2018Q1,1,2018Q1,201813,2018Q1,2,1,2015Q1-2017Q4,2018Q1,2018Q1,2018Q1,same_quarter_last_week_features_to_same_quarter_last_week_fsfp,7,0,0.0,0.0,0.0,1.0,17,17,17,422,0
600571,201813,2018-03-26,13,2018Q1,1,2018Q1,201813,2018Q1,2,1,2015Q1-2017Q4,2018Q1,2018Q1,2018Q1,same_quarter_last_week_features_to_same_quarter_last_week_fsfp,7,2,2.0,0.0,0.0,1.0,17,17,17,424,2
600572,201813,2018-03-26,13,2018Q1,1,2018Q1,201813,2018Q1,2,1,2015Q1-2017Q4,2018Q1,2018Q1,2018Q1,same_quarter_last_week_features_to_same_quarter_last_week_fsfp,7,1,1.0,0.0,0.0,1.0,17,17,17,425,1
600573,201813,2018-03-26,13,2018Q1,1,2018Q1,201813,2018Q1,2,1,2015Q1-2017Q4,2018Q1,2018Q1,2018Q1,same_quarter_last_week_features_to_same_quarter_last_week_fsfp,7,2,2.0,0.0,0.0,1.0,17,17,17,426,2
600575,201813,2018-03-26,13,2018Q1,1,2018Q1,201813,2018Q1,2,1,2015Q1-2017Q4,2018Q1,2018Q1,2018Q1,same_quarter_last_week_features_to_same_quarter_last_week_fsfp,7,0,0.0,0.0,0.0,1.0,17,17,17,427,0
600576,201813,2018-03-26,13,2018Q1,1,2018Q1,201813,2018Q1,2,1,2015Q1-2017Q4,2018Q1,2018Q1,2018Q1,same_quarter_last_week_features_to_same_quarter_last_week_fsfp,7,0,0.0,0.0,0.0,1.0,17,17,17,428,0
600577,201813,2018-03-26,13,2018Q1,1,2018Q1,201813,2018Q1,2,1,2015Q1-2017Q4,2018Q1,2018Q1,2018Q1,same_quarter_last_week_features_to_same_quarter_last_week_fsfp,7,2,2.0,0.0,0.0,1.0,17,17,17,429,2
600578,201813,2018-03-26,13,2018Q1,1,2018Q1,201813,2018Q1,2,1,2015Q1-2017Q4,2018Q1,2018Q1,2018Q1,same_quarter_last_week_features_to_same_quarter_last_week_fsfp,7,0,0.0,0.0,0.0,1.0,17,17,17,430,0
600579,201813,2018-03-26,13,2018Q1,1,2018Q1,201813,2018Q1,2,1,2015Q1-2017Q4,2018Q1,2018Q1,2018Q1,same_quarter_last_week_features_to_same_quarter_last_week_fsfp,7,0,0.0,0.0,0.0,1.0,17,17,17,431,0
600580,201813,2018-03-26,13,2018Q1,1,2018Q1,201813,2018Q1,2,1,2015Q1-2017Q4,2018Q1,2018Q1,2018Q1,same_quarter_last_week_features_to_same_quarter_last_week_fsfp,7,0,0.0,0.0,0.0,1.0,17,17,17,432,0
600582,201813,2018-03-26,13,2018Q1,1,2018Q1,201813,2018Q1,2,1,2015Q1-2017Q4,2018Q1,2018Q1,2018Q1,same_quarter_last_week_features_to_same_quarter_last_week_fsfp,7,0,0.0,0.0,0.0,1.0,17,17,17,434,0
600583,201813,2018-03-26,13,2018Q1,1,2018Q1,201813,2018Q1,2,1,2015Q1-2017Q4,2018Q1,2018Q1,2018Q1,same_quarter_last_week_features_to_same_quarter_last_week_fsfp,7,0,0.0,0.0,0.0,1.0,17,17,17,435,0
600584,201813,2018-03-26,13,2018Q1,1,2018Q1,201813,2018Q1,2,1,2015Q1-2017Q4,2018Q1,2018Q1,2018Q1,same_quarter_last_week_features_to_same_quarter_last_week_fsfp,7,0,0.0,0.0,0.0,1.0,17,17,17,436,0
600586,201813,2018-03-26,13,2018Q1,1,2018Q1,201813,2018Q1,2,1,2015Q1-2017Q4,2018Q1,2018Q1,2018Q1,same_quarter_last_week_features_to_same_quarter_last_week_fsfp,7,0,0.0,0.0,0.0,1.0,17,17,17,438,0
600587,201813,2018-03-26,13,2018Q1,1,2018Q1,201813,2018Q1,2,1,2015Q1-2017Q4,2018Q1,2018Q1,2018Q1,same_quarter_last_week_features_to_same_quarter_last_week_fsfp,7,2,2.0,0.0,0.0,1.0,17,17,17,439,2
600588,201813,2018-03-26,13,2018Q1,1,2018Q1,201813,2018Q1,2,1,2015Q1-2017Q4,2018Q1,2018Q1,2018Q1,same_quarter_last_week_features_to_same_quarter_last_week_fsfp,7,0,0.0,0.0,0.0,1.0,17,17,17,440,0
600589,201813,2018-03-26,13,2018Q1,1,2018Q1,201813,2018Q1,2,1,2015Q1-2017Q4,2018Q1,2018Q1,2018Q1,same_quarter_last_week_features_to_same_quarter_last_week_fsfp,7,2,2.0,0.0,0.0,1.0,17,17,17,441,2
600590,201813,2018-03-26,13,2018Q1,1,2018Q1,201813,2018Q1,2,1,2015Q1-2017Q4,2018Q1,2018Q1,2018Q1,same_quarter_last_week_features_to_same_quarter_last_week_fsfp,7,2,2.0,0.0,0.0,1.0,17,17,17,442,2
600592,201813,2018-03-26,13,2018Q1,1,2018Q1,201813,2018Q1,2,1,2015Q1-2017Q4,2018Q1,2018Q1,2018Q1,same_quarter_last_week_features_to_same_quarter_last_week_fsfp,7,0,0.0,0.0,0.0,1.0,17,17,17,443,0
600593,201813,2018-03-26,13,2018Q1,1,2018Q1,201813,2018Q1,2,1,2015Q1-2017Q4,2018Q1,2018Q1,2018Q1,same_quarter_last_week_features_to_same_quarter_last_week_fsfp,7,1,1.0,0.0,0.0,1.0,17,17,17,444,1
600594,201813,2018-03-26,13,2018Q1,1,2018Q1,201813,2018Q1,2,1,2015Q1-2017Q4,2018Q1,2018Q1,2018Q1,same_quarter_last_week_features_to_same_quarter_last_week_fsfp,7,1,1.0,0.0,0.0,1.0,17,17,17,445,1
600595,201813,2018-03-26,13,2018Q1,1,2018Q1,201813,2018Q1,2,1,2015Q1-2017Q4,2018Q1,2018Q1,2018Q1,same_quarter_last_week_features_to_same_quarter_last_week_fsfp,7,2,2.0,0.0,0.0,1.0,17,17,17,446,2
600596,201813,2018-03-26,13,2018Q1,1,2018Q1,201813,2018Q1,2,1,2015Q1-2017Q4,2018Q1,2018Q1,2018Q1,same_quarter_last_week_features_to_same_quarter_last_week_fsfp,7,1,1.0,0.0,0.0,1.0,17,17,17,447,1
600597,201813,2018-03-26,13,2018Q1,1,2018Q1,201813,2018Q1,2,1,2015Q1-2017Q4,2018Q1,2018Q1,2018Q1,same_quarter_last_week_features_to_same_quarter_last_week_fsfp,7,0,0.0,0.0,0.0,1.0,17,17,17,448,0
600599,201813,2018-03-26,13,2018Q1,1,2018Q1,201813,2018Q1,2,1,2015Q1-2017Q4,2018Q1,2018Q1,2018Q1,same_quarter_last_week_features_to_same_quarter_last_week_fsfp,7,0,0.0,0.0,0.0,1.0,17,17,17,450,0
600601,201813,2018-03-26,13,2018Q1,1,2018Q1,201813,2018Q1,2,1,2015Q1-2017Q4,2018Q1,2018Q1,2018Q1,same_quarter_last_week_features_to_same_quarter_last_week_fsfp,7,2,2.0,0.0,0.0,1.0,17,17,17,452,2
600602,201813,2018-03-26,13,2018Q1,1,2018Q1,201813,2018Q1,2,1,2015Q1-2017Q4,2018Q1,2018Q1,2018Q1,same_quarter_last_week_features_to_same_quarter_last_week_fsfp,7,2,2.0,0.0,0.0,1.0,17,17,17,453,2
600603,201813,2018-03-26,13,2018Q1,1,2018Q1,201813,2018Q1,2,1,2015Q1-2017Q4,2018Q1,2018Q1,2018Q1,same_quarter_last_week_features_to_same_quarter_last_week_fsfp,7,0,0.0,0.0,0.0,1.0,17,17,17,454,0
600605,201813,2018-03-26,13,2018Q1,1,2018Q1,201813,2018Q1,2,1,2015Q1-2017Q4,2018Q1,2018Q1,2018Q1,same_quarter_last_week_features_to_same_quarter_last_week_fsfp,7,0,0.0,0.0,0.0,1.0,17,17,17,456,0
600606,201813,2018-03-26,13,2018Q1,1,2018Q1,201813,2018Q1,2,1,2015Q1-2017Q4,2018Q1,2018Q1,2018Q1,same_quarter_last_week_features_to_same_quarter_last_week_fsfp,7,0,0.0,0.0,0.0,1.0,17,17,17,457,0
600608,201813,2018-03-26,13,2018Q1,1,2018Q1,201813,2018Q1,2,1,2015Q1-2017Q4,2018Q1,2018Q1,2018Q1,same_quarter_last_week_features_to_same_quarter_last_week_fsfp,7,0,0.0,0.0,0.0,1.0,17,17,17,458,0
600609,201813,2018-03-26,13,2018Q1,1,2018Q1,201813,2018Q1,2,1,2015Q1-2017Q4,2018Q1,2018Q1,2018Q1,same_quarter_last_week_features_to_same_quarter_last_week_fsfp,7,1,1.0,0.0,0.0,1.0,17,17,17,459,1
600610,201813,2018-03-26,13,2018Q1,1,2018Q1,201813,2018Q1,2,1,2015Q1-2017Q4,2018Q1,2018Q1,2018Q1,same_quarter_last_week_features_to_same_quarter_last_week_fsfp,7,0,0.0,0.0,0.0,1.0,17,17,17,460,0
600611,201813,2018-03-26,13,2018Q1,1,2018Q1,201813,2018Q1,2,1,2015Q1-2017Q4,2018Q1,2018Q1,2018Q1,same_quarter_last_week_features_to_same_quarter_last_week_fsfp,7,2,2.0,0.0,0.0,1.0,17,17,17,461,2
600612,201813,2018-03-26,13,2018Q1,1,2018Q1,201813,2018Q1,2,1,2015Q1-2017Q4,2018Q1,2018Q1,2018Q1,same_quarter_last_week_features_to_same_quarter_last_week_fsfp,7,0,0.0,0.0,0.0,1.0,17,17,17,462,0
600613,201813,2018-03-26,13,2018Q1,1,2018Q1,201813,2018Q1,2,1,2015Q1-2017Q4,2018Q1,2018Q1,2018Q1,same_quarter_last_week_features_to_same_quarter_last_week_fsfp,7,2,2.0,0.0,0.0,1.0,17,17,17,463,2
600615,201813,2018-03-26,13,2018Q1,1,2018Q1,201813,2018Q1,2,1,2015Q1-2017Q4,2018Q1,2018Q1,2018Q1,same_quarter_last_week_features_to_same_quarter_last_week_fsfp,7,1,1.0,0.0,0.0,1.0,17,17,17,464,1
600616,201813,2018-03-26,13,2018Q1,1,2018Q1,201813,2018Q1,2,1,2015Q1-2017Q4,2018Q1,2018Q1,2018Q1,same_quarter_last_week_features_to_same_quarter_last_week_fsfp,7,1,1.0,0.0,0.0,1.0,17,17,17,465,1
600617,201813,2018-03-26,13,2018Q1,1,2018Q1,201813,2018Q1,2,1,2015Q1-2017Q4,2018Q1,2018Q1,2018Q1,same_quarter_last_week_features_to_same_quarter_last_week_fsfp,7,0,0.0,0.0,0.0,1.0,17,17,17,466,0
600618,201813,2018-03-26,13,2018Q1,1,2018Q1,201813,2018Q1,2,1,2015Q1-2017Q4,2018Q1,2018Q1,2018Q1,same_quarter_last_week_features_to_same_quarter_last_week_fsfp,7,0,0.0,0.0,0.0,1.0,17,17,17,467,0
600619,201813,2018-03-26,13,2018Q1,1,2018Q1,201813,2018Q1,2,1,2015Q1-2017Q4,2018Q1,2018Q1,2018Q1,same_quarter_last_week_features_to_same_quarter_last_week_fsfp,7,1,1.0,0.0,0.0,1.0,17,17,17,468,1
600620,201813,2018-03-26,13,2018Q1,1,2018Q1,201813,2018Q1,2,1,2015Q1-2017Q4,2018Q1,2018Q1,2018Q1,same_quarter_last_week_features_to_same_quarter_last_week_fsfp,7,2,2.0,0.0,0.0,1.0,17,17,17,469,2
600621,201813,2018-03-26,13,2018Q1,1,2018Q1,201813,2018Q1,2,1,2015Q1-2017Q4,2018Q1,2018Q1,2018Q1,same_quarter_last_week_features_to_same_quarter_last_week_fsfp,7,0,0.0,0.0,0.0,1.0,17,17,17,470,0
600622,201813,2018-03-26,13,2018Q1,1,2018Q1,201813,2018Q1,2,1,2015Q1-2017Q4,2018Q1,2018Q1,2018Q1,same_quarter_last_week_features_to_same_quarter_last_week_fsfp,7,1,1.0,0.0,0.0,1.0,17,17,17,471,1
600623,201813,2018-03-26,13,2018Q1,1,2018Q1,201813,2018Q1,2,1,2015Q1-2017Q4,2018Q1,2018Q1,2018Q1,same_quarter_last_week_features_to_same_quarter_last_week_fsfp,7,0,0.0,0.0,0.0,1.0,17,17,17,472,0
600624,201813,2018-03-26,13,2018Q1,1,2018Q1,201813,2018Q1,2,1,2015Q1-2017Q4,2018Q1,2018Q1,2018Q1,same_quarter_last_week_features_to_same_quarter_last_week_fsfp,7,1,1.0,0.0,0.0,1.0,17,17,17,473,1
600626,201813,2018-03-26,13,2018Q1,1,2018Q1,201813,2018Q1,2,1,2015Q1-2017Q4,2018Q1,2018Q1,2018Q1,same_quarter_last_week_features_to_same_quarter_last_week_fsfp,7,2,2.0,0.0,0.0,1.0,17,17,17,474,2
600628,201813,2018-03-26,13,2018Q1,1,2018Q1,201813,2018Q1,2,1,2015Q1-2017Q4,2018Q1,2018Q1,2018Q1,same_quarter_last_week_features_to_same_quarter_last_week_fsfp,7,0,0.0,0.0,0.0,1.0,17,17,17,475,0
600629,201813,2018-03-26,13,2018Q1,1,2018Q1,201813,2018Q1,2,1,2015Q1-2017Q4,2018Q1,2018Q1,2018Q1,same_quarter_last_week_features_to_same_quarter_last_week_fsfp,7,0,0.0,0.0,0.0,1.0,17,17,17,476,0
600630,201813,2018-03-26,13,2018Q1,1,2018Q1,201813,2018Q1,2,1,2015Q1-2017Q4,2018Q1,2018Q1,2018Q1,same_quarter_last_week_features_to_same_quarter_last_week_fsfp,7,2,2.0,0.0,0.0,1.0,17,17,17,477,2
600633,201813,2018-03-26,13,2018Q1,1,2018Q1,201813,2018Q1,2,1,2015Q1-2017Q4,2018Q1,2018Q1,2018Q1,same_quarter_last_week_features_to_same_quarter_last_week_fsfp,7,1,1.0,0.0,0.0,1.0,17,17,17,478,1
600635,201813,2018-03-26,13,2018Q1,1,2018Q1,201813,2018Q1,2,1,2015Q1-2017Q4,2018Q1,2018Q1,2018Q1,same_quarter_last_week_features_to_same_quarter_last_week_fsfp,7,1,1.0,0.0,0.0,1.0,17,17,17,479,1
600636,201813,2018-03-26,13,2018Q1,1,2018Q1,201813,2018Q1,2,1,2015Q1-2017Q4,2018Q1,2018Q1,2018Q1,same_quarter_last_week_features_to_same_quarter_last_week_fsfp,7,0,0.0,0.0,0.0,1.0,17,17,17,480,0
600638,201813,2018-03-26,13,2018Q1,1,2018Q1,201813,2018Q1,2,1,2015Q1-2017Q4,2018Q1,2018Q1,2018Q1,same_quarter_last_week_features_to_same_quarter_last_week_fsfp,7,2,2.0,0.0,0.0,1.0,17,17,17,482,2
600639,201813,2018-03-26,13,2018Q1,1,2018Q1,201813,2018Q1,2,1,2015Q1-2017Q4,2018Q1,2018Q1,2018Q1,same_quarter_last_week_features_to_same_quarter_last_week_fsfp,7,1,1.0,0.0,0.0,1.0,17,17,17,483,1
600640,201813,2018-03-26,13,2018Q1,1,2018Q1,201813,2018Q1,2,1,2015Q1-2017Q4,2018Q1,2018Q1,2018Q1,same_quarter_last_week_features_to_same_quarter_last_week_fsfp,7,1,1.0,0.0,0.0,1.0,17,17,17,484,1
600642,201813,2018-03-26,13,2018Q1,1,2018Q1,201813,2018Q1,2,1,2015Q1-2017Q4,2018Q1,2018Q1,2018Q1,same_quarter_last_week_features_to_same_quarter_last_week_fsfp,7,0,0.0,0.0,0.0,1.0,17,17,17,486,0
600643,201813,2018-03-26,13,2018Q1,1,2018Q1,201813,2018Q1,2,1,2015Q1-2017Q4,2018Q1,2018Q1,2018Q1,same_quarter_last_week_features_to_same_quarter_last_week_fsfp,7,2,2.0,0.0,0.0,1.0,17,17,17,487,2
600644,201813,2018-03-26,13,2018Q1,1,2018Q1,201813,2018Q1,2,1,2015Q1-2017Q4,2018Q1,2018Q1,2018Q1,same_quarter_last_week_features_to_same_quarter_last_week_fsfp,7,1,1.0,0.0,0.0,1.0,17,17,17,488,1
600648,201813,2018-03-26,13,2018Q1,1,2018Q1,201813,2018Q1,2,1,2015Q1-2017Q4,2018Q1,2018Q1,2018Q1,same_quarter_last_week_features_to_same_quarter_last_week_fsfp,7,0,0.0,0.0,0.0,1.0,17,17,17,490,0
600650,201813,2018-03-26,13,2018Q1,1,2018Q1,201813,2018Q1,2,1,2015Q1-2017Q4,2018Q1,2018Q1,2018Q1,same_quarter_last_week_features_to_same_quarter_last_week_fsfp,7,2,2.0,0.0,0.0,1.0,17,17,17,492,2
600651,201813,2018-03-26,13,2018Q1,1,2018Q1,201813,2018Q1,2,1,2015Q1-2017Q4,2018Q1,2018Q1,2018Q1,same_quarter_last_week_features_to_same_quarter_last_week_fsfp,7,2,2.0,0.0,0.0,1.0,17,17,17,493,2
600654,201813,2018-03-26,13,2018Q1,1,2018Q1,201813,2018Q1,2,1,2015Q1-2017Q4,2018Q1,2018Q1,2018Q1,same_quarter_last_week_features_to_same_quarter_last_week_fsfp,7,2,2.0,0.0,0.0,1.0,17,17,17,495,2
600655,201813,2018-03-26,13,2018Q1,1,2018Q1,201813,2018Q1,2,1,2015Q1-2017Q4,2018Q1,2018Q1,2018Q1,same_quarter_last_week_features_to_same_quarter_last_week_fsfp,7,0,0.0,0.0,0.0,1.0,17,17,17,496,0
600658,201813,2018-03-26,13,2018Q1,1,2018Q1,201813,2018Q1,2,1,2015Q1-2017Q4,2018Q1,2018Q1,2018Q1,same_quarter_last_week_features_to_same_quarter_last_week_fsfp,7,1,1.0,0.0,0.0,1.0,17,17,17,498,1
600660,201813,2018-03-26,13,2018Q1,1,2018Q1,201813,2018Q1,2,1,2015Q1-2017Q4,2018Q1,2018Q1,2018Q1,same_quarter_last_week_features_to_same_quarter_last_week_fsfp,7,0,0.0,0.0,0.0,1.0,17,17,17,499,0
600661,201813,2018-03-26,13,2018Q1,1,2018Q1,201813,2018Q1,2,1,2015Q1-2017Q4,2018Q1,2018Q1,2018Q1,same_quarter_last_week_features_to_same_quarter_last_week_fsfp,7,0,0.0,0.0,0.0,1.0,17,17,17,500,0
600662,201813,2018-03-26,13,2018Q1,1,2018Q1,201813,2018Q1,2,1,2015Q1-2017Q4,2018Q1,2018Q1,2018Q1,same_quarter_last_week_features_to_same_quarter_last_week_fsfp,7,2,2.0,0.0,0.0,1.0,17,17,17,501,2
600664,201813,2018-03-26,13,2018Q1,1,2018Q1,201813,2018Q1,2,1,2015Q1-2017Q4,2018Q1,2018Q1,2018Q1,same_quarter_last_week_features_to_same_quarter_last_week_fsfp,7,2,2.0,0.0,0.0,1.0,17,17,17,503,2
600665,201813,2018-03-26,13,2018Q1,1,2018Q1,201813,2018Q1,2,1,2015Q1-2017Q4,2018Q1,2018Q1,2018Q1,same_quarter_last_week_features_to_same_quarter_last_week_fsfp,7,0,0.0,0.0,0.0,1.0,17,17,17,504,0
600667,201813,2018-03-26,13,2018Q1,1,2018Q1,201813,2018Q1,2,1,2015Q1-2017Q4,2018Q1,2018Q1,2018Q1,same_quarter_last_week_features_to_same_quarter_last_week_fsfp,7,1,1.0,0.0,0.0,1.0,17,17,17,505,1
600668,201813,2018-03-26,13,2018Q1,1,2018Q1,201813,2018Q1,2,1,2015Q1-2017Q4,2018Q1,2018Q1,2018Q1,same_quarter_last_week_features_to_same_quarter_last_week_fsfp,7,2,2.0,0.0,0.0,1.0,17,17,17,506,2
600671,201813,2018-03-26,13,2018Q1,1,2018Q1,201813,2018Q1,2,1,2015Q1-2017Q4,2018Q1,2018Q1,2018Q1,same_quarter_last_week_features_to_same_quarter_last_week_fsfp,7,2,2.0,0.0,0.0,1.0,17,17,17,507,2
600673,201813,2018-03-26,13,2018Q1,1,2018Q1,201813,2018Q1,2,1,2015Q1-2017Q4,2018Q1,2018Q1,2018Q1,same_quarter_last_week_features_to_same_quarter_last_week_fsfp,7,0,0.0,0.0,0.0,1.0,17,17,17,508,0
600674,201813,2018-03-26,13,2018Q1,1,2018Q1,201813,2018Q1,2,1,2015Q1-2017Q4,2018Q1,2018Q1,2018Q1,same_quarter_last_week_features_to_same_quarter_last_week_fsfp,7,0,0.0,0.0,0.0,1.0,17,17,17,509,0
600675,201813,2018-03-26,13,2018Q1,1,2018Q1,201813,2018Q1,2,1,2015Q1-2017Q4,2018Q1,2018Q1,2018Q1,same_quarter_last_week_features_to_same_quarter_last_week_fsfp,7,0,0.0,0.0,0.0,1.0,17,17,17,510,0
600676,201813,2018-03-26,13,2018Q1,1,2018Q1,201813,2018Q1,2,1,2015Q1-2017Q4,2018Q1,2018Q1,2018Q1,same_quarter_last_week_features_to_same_quarter_last_week_fsfp,7,2,2.0,0.0,0.0,1.0,17,17,17,511,2
600678,201813,2018-03-26,13,2018Q1,1,2018Q1,201813,2018Q1,2,1,2015Q1-2017Q4,2018Q1,2018Q1,2018Q1,same_quarter_last_week_features_to_same_quarter_last_week_fsfp,7,2,2.0,0.0,0.0,1.0,17,17,17,512,2
600679,201813,2018-03-26,13,2018Q1,1,2018Q1,201813,2018Q1,2,1,2015Q1-2017Q4,2018Q1,2018Q1,2018Q1,same_quarter_last_week_features_to_same_quarter_last_week_fsfp,7,1,1.0,0.0,0.0,1.0,17,17,17,513,1
600681,201813,2018-03-26,13,2018Q1,1,2018Q1,201813,2018Q1,2,1,2015Q1-2017Q4,2018Q1,2018Q1,2018Q1,same_quarter_last_week_features_to_same_quarter_last_week_fsfp,7,0,0.0,0.0,0.0,1.0,17,17,17,514,0
600682,201805,2018-01-29,5,2018Q1,1,2018Q1,201805,2018Q1,2,1,2015Q1-2017Q4,2018Q1,2018Q1,2018Q1,same_quarter_last_week_features_to_same_quarter_last_week_fsfp,7,2,2.0,0.0,0.0,1.0,17,17,17,515,2
600683,201813,2018-03-26,13,2018Q1,1,2018Q1,201813,2018Q1,2,1,2015Q1-2017Q4,2018Q1,2018Q1,2018Q1,same_quarter_last_week_features_to_same_quarter_last_week_fsfp,7,0,0.0,0.0,0.0,1.0,17,17,17,516,0
600684,201813,2018-03-26,13,2018Q1,1,2018Q1,201813,2018Q1,2,1,2015Q1-2017Q4,2018Q1,2018Q1,2018Q1,same_quarter_last_week_features_to_same_quarter_last_week_fsfp,7,1,1.0,0.0,0.0,1.0,17,17,17,517,1
600685,201813,2018-03-26,13,2018Q1,1,2018Q1,201813,2018Q1,2,1,2015Q1-2017Q4,2018Q1,2018Q1,2018Q1,same_quarter_last_week_features_to_same_quarter_last_week_fsfp,7,0,0.0,0.0,0.0,1.0,17,17,17,518,0
600686,201813,2018-03-26,13,2018Q1,1,2018Q1,201813,2018Q1,2,1,2015Q1-2017Q4,2018Q1,2018Q1,2018Q1,same_quarter_last_week_features_to_same_quarter_last_week_fsfp,7,0,0.0,0.0,0.0,1.0,17,17,17,519,0
600689,201813,2018-03-26,13,2018Q1,1,2018Q1,201813,2018Q1,2,1,2015Q1-2017Q4,2018Q1,2018Q1,2018Q1,same_quarter_last_week_features_to_same_quarter_last_week_fsfp,7,1,1.0,0.0,0.0,1.0,17,17,17,521,1
600690,201813,2018-03-26,13,2018Q1,1,2018Q1,201813,2018Q1,2,1,2015Q1-2017Q4,2018Q1,2018Q1,2018Q1,same_quarter_last_week_features_to_same_quarter_last_week_fsfp,7,0,0.0,0.0,0.0,1.0,17,17,17,522,0
600691,201813,2018-03-26,13,2018Q1,1,2018Q1,201813,2018Q1,2,1,2015Q1-2017Q4,2018Q1,2018Q1,2018Q1,same_quarter_last_week_features_to_same_quarter_last_week_fsfp,7,2,2.0,0.0,0.0,1.0,17,17,17,523,2
600692,201813,2018-03-26,13,2018Q1,1,2018Q1,201813,2018Q1,2,1,2015Q1-2017Q4,2018Q1,2018Q1,2018Q1,same_quarter_last_week_features_to_same_quarter_last_week_fsfp,7,1,1.0,0.0,0.0,1.0,17,17,17,524,1
600693,201813,2018-03-26,13,2018Q1,1,2018Q1,201813,2018Q1,2,1,2015Q1-2017Q4,2018Q1,2018Q1,2018Q1,same_quarter_last_week_features_to_same_quarter_last_week_fsfp,7,1,1.0,0.0,0.0,1.0,17,17,17,525,1
600694,201813,2018-03-26,13,2018Q1,1,2018Q1,201813,2018Q1,2,1,2015Q1-2017Q4,2018Q1,2018Q1,2018Q1,same_quarter_last_week_features_to_same_quarter_last_week_fsfp,7,2,2.0,0.0,0.0,1.0,17,17,17,526,2
600696,201813,2018-03-26,13,2018Q1,1,2018Q1,201813,2018Q1,2,1,2015Q1-2017Q4,2018Q1,2018Q1,2018Q1,same_quarter_last_week_features_to_same_quarter_last_week_fsfp,7,2,2.0,0.0,0.0,1.0,17,17,17,527,2
600697,201813,2018-03-26,13,2018Q1,1,2018Q1,201813,2018Q1,2,1,2015Q1-2017Q4,2018Q1,2018Q1,2018Q1,same_quarter_last_week_features_to_same_quarter_last_week_fsfp,7,1,1.0,0.0,0.0,1.0,17,17,17,528,1
600699,201813,2018-03-26,13,2018Q1,1,2018Q1,201813,2018Q1,2,1,2015Q1-2017Q4,2018Q1,2018Q1,2018Q1,same_quarter_last_week_features_to_same_quarter_last_week_fsfp,7,0,0.0,0.0,0.0,1.0,17,17,17,530,0
600702,201813,2018-03-26,13,2018Q1,1,2018Q1,201813,2018Q1,2,1,2015Q1-2017Q4,2018Q1,2018Q1,2018Q1,same_quarter_last_week_features_to_same_quarter_last_week_fsfp,7,1,1.0,0.0,0.0,1.0,17,17,17,531,1
600703,201813,2018-03-26,13,2018Q1,1,2018Q1,201813,2018Q1,2,1,2015Q1-2017Q4,2018Q1,2018Q1,2018Q1,same_quarter_last_week_features_to_same_quarter_last_week_fsfp,7,1,1.0,0.0,0.0,1.0,17,17,17,532,1
600704,201813,2018-03-26,13,2018Q1,1,2018Q1,201813,2018Q1,2,1,2015Q1-2017Q4,2018Q1,2018Q1,2018Q1,same_quarter_last_week_features_to_same_quarter_last_week_fsfp,7,0,0.0,0.0,0.0,1.0,17,17,17,533,0
600706,201813,2018-03-26,13,2018Q1,1,2018Q1,201813,2018Q1,2,1,2015Q1-2017Q4,2018Q1,2018Q1,2018Q1,same_quarter_last_week_features_to_same_quarter_last_week_fsfp,7,0,0.0,0.0,0.0,1.0,17,17,17,534,0
600707,201813,2018-03-26,13,2018Q1,1,2018Q1,201813,2018Q1,2,1,2015Q1-2017Q4,2018Q1,2018Q1,2018Q1,same_quarter_last_week_features_to_same_quarter_last_week_fsfp,7,0,0.0,0.0,0.0,1.0,17,17,17,535,0
600710,201813,2018-03-26,13,2018Q1,1,2018Q1,201813,2018Q1,2,1,2015Q1-2017Q4,2018Q1,2018Q1,2018Q1,same_quarter_last_week_features_to_same_quarter_last_week_fsfp,7,2,2.0,0.0,0.0,1.0,17,17,17,537,2
600711,201806,2018-02-05,6,2018Q1,1,2018Q1,201806,2018Q1,2,1,2015Q1-2017Q4,2018Q1,2018Q1,2018Q1,same_quarter_last_week_features_to_same_quarter_last_week_fsfp,7,1,1.0,0.0,0.0,1.0,17,17,17,538,1
600712,201813,2018-03-26,13,2018Q1,1,2018Q1,201813,2018Q1,2,1,2015Q1-2017Q4,2018Q1,2018Q1,2018Q1,same_quarter_last_week_features_to_same_quarter_last_week_fsfp,7,1,1.0,0.0,0.0,1.0,17,17,17,539,1
600715,201813,2018-03-26,13,2018Q1,1,2018Q1,201813,2018Q1,2,1,2015Q1-2017Q4,2018Q1,2018Q1,2018Q1,same_quarter_last_week_features_to_same_quarter_last_week_fsfp,7,0,0.0,0.0,0.0,1.0,17,17,17,542,0
600716,201813,2018-03-26,13,2018Q1,1,2018Q1,201813,2018Q1,2,1,2015Q1-2017Q4,2018Q1,2018Q1,2018Q1,same_quarter_last_week_features_to_same_quarter_last_week_fsfp,7,0,0.0,0.0,0.0,1.0,17,17,17,543,0
600717,201813,2018-03-26,13,2018Q1,1,2018Q1,201813,2018Q1,2,1,2015Q1-2017Q4,2018Q1,2018Q1,2018Q1,same_quarter_last_week_features_to_same_quarter_last_week_fsfp,7,0,0.0,0.0,0.0,1.0,17,17,17,544,0
600718,201813,2018-03-26,13,2018Q1,1,2018Q1,201813,2018Q1,2,1,2015Q1-2017Q4,2018Q1,2018Q1,2018Q1,same_quarter_last_week_features_to_same_quarter_last_week_fsfp,7,1,1.0,0.0,0.0,1.0,17,17,17,545,1
600719,201813,2018-03-26,13,2018Q1,1,2018Q1,201813,2018Q1,2,1,2015Q1-2017Q4,2018Q1,2018Q1,2018Q1,same_quarter_last_week_features_to_same_quarter_last_week_fsfp,7,2,2.0,0.0,0.0,1.0,17,17,17,546,2
600720,201813,2018-03-26,13,2018Q1,1,2018Q1,201813,2018Q1,2,1,2015Q1-2017Q4,2018Q1,2018Q1,2018Q1,same_quarter_last_week_features_to_same_quarter_last_week_fsfp,7,0,0.0,0.0,0.0,1.0,17,17,17,547,0
600721,201813,2018-03-26,13,2018Q1,1,2018Q1,201813,2018Q1,2,1,2015Q1-2017Q4,2018Q1,2018Q1,2018Q1,same_quarter_last_week_features_to_same_quarter_last_week_fsfp,7,0,0.0,0.0,0.0,1.0,17,17,17,548,0
600724,201813,2018-03-26,13,2018Q1,1,2018Q1,201813,2018Q1,2,1,2015Q1-2017Q4,2018Q1,2018Q1,2018Q1,same_quarter_last_week_features_to_same_quarter_last_week_fsfp,7,2,2.0,0.0,0.0,1.0,17,17,17,550,2
600725,201813,2018-03-26,13,2018Q1,1,2018Q1,201813,2018Q1,2,1,2015Q1-2017Q4,2018Q1,2018Q1,2018Q1,same_quarter_last_week_features_to_same_quarter_last_week_fsfp,7,2,2.0,0.0,0.0,1.0,17,17,17,551,2
600726,201813,2018-03-26,13,2018Q1,1,2018Q1,201813,2018Q1,2,1,2015Q1-2017Q4,2018Q1,2018Q1,2018Q1,same_quarter_last_week_features_to_same_quarter_last_week_fsfp,7,1,1.0,0.0,0.0,1.0,17,17,17,552,1
600727,201813,2018-03-26,13,2018Q1,1,2018Q1,201813,2018Q1,2,1,2015Q1-2017Q4,2018Q1,2018Q1,2018Q1,same_quarter_last_week_features_to_same_quarter_last_week_fsfp,7,1,1.0,0.0,0.0,1.0,17,17,17,553,1
600728,201813,2018-03-26,13,2018Q1,1,2018Q1,201813,2018Q1,2,1,2015Q1-2017Q4,2018Q1,2018Q1,2018Q1,same_quarter_last_week_features_to_same_quarter_last_week_fsfp,7,1,1.0,0.0,0.0,1.0,17,17,17,554,1
600729,201812,2018-03-19,12,2018Q1,1,2018Q1,201812,2018Q1,2,1,2015Q1-2017Q4,2018Q1,2018Q1,2018Q1,same_quarter_last_week_features_to_same_quarter_last_week_fsfp,7,2,2.0,0.0,0.0,1.0,17,17,17,555,2
600730,201813,2018-03-26,13,2018Q1,1,2018Q1,201813,2018Q1,2,1,2015Q1-2017Q4,2018Q1,2018Q1,2018Q1,same_quarter_last_week_features_to_same_quarter_last_week_fsfp,7,2,2.0,0.0,0.0,1.0,17,17,17,556,2
600731,201813,2018-03-26,13,2018Q1,1,2018Q1,201813,2018Q1,2,1,2015Q1-2017Q4,2018Q1,2018Q1,2018Q1,same_quarter_last_week_features_to_same_quarter_last_week_fsfp,7,2,2.0,0.0,0.0,1.0,17,17,17,557,2
600732,201813,2018-03-26,13,2018Q1,1,2018Q1,201813,2018Q1,2,1,2015Q1-2017Q4,2018Q1,2018Q1,2018Q1,same_quarter_last_week_features_to_same_quarter_last_week_fsfp,7,2,2.0,0.0,0.0,1.0,17,17,17,558,2
600733,201805,2018-01-29,5,2018Q1,1,2018Q1,201805,2018Q1,2,1,2015Q1-2017Q4,2018Q1,2018Q1,2018Q1,same_quarter_last_week_features_to_same_quarter_last_week_fsfp,7,2,2.0,0.0,0.0,1.0,17,17,17,559,2
600735,201805,2018-01-29,5,2018Q1,1,2018Q1,201805,2018Q1,2,1,2015Q1-2017Q4,2018Q1,2018Q1,2018Q1,same_quarter_last_week_features_to_same_quarter_last_week_fsfp,7,0,0.0,0.0,0.0,1.0,17,17,17,560,0
600736,201813,2018-03-26,13,2018Q1,1,2018Q1,201813,2018Q1,2,1,2015Q1-2017Q4,2018Q1,2018Q1,2018Q1,same_quarter_last_week_features_to_same_quarter_last_week_fsfp,7,0,0.0,0.0,0.0,1.0,17,17,17,561,0
600737,201813,2018-03-26,13,2018Q1,1,2018Q1,201813,2018Q1,2,1,2015Q1-2017Q4,2018Q1,2018Q1,2018Q1,same_quarter_last_week_features_to_same_quarter_last_week_fsfp,7,0,0.0,0.0,0.0,1.0,17,17,17,562,0
600738,201813,2018-03-26,13,2018Q1,1,2018Q1,201813,2018Q1,2,1,2015Q1-2017Q4,2018Q1,2018Q1,2018Q1,same_quarter_last_week_features_to_same_quarter_last_week_fsfp,7,1,1.0,0.0,0.0,1.0,17,17,17,563,1
600739,201813,2018-03-26,13,2018Q1,1,2018Q1,201813,2018Q1,2,1,2015Q1-2017Q4,2018Q1,2018Q1,2018Q1,same_quarter_last_week_features_to_same_quarter_last_week_fsfp,7,0,0.0,0.0,0.0,1.0,17,17,17,564,0
600740,201813,2018-03-26,13,2018Q1,1,2018Q1,201813,2018Q1,2,1,2015Q1-2017Q4,2018Q1,2018Q1,2018Q1,same_quarter_last_week_features_to_same_quarter_last_week_fsfp,7,1,1.0,0.0,0.0,1.0,17,17,17,565,1
600741,201813,2018-03-26,13,2018Q1,1,2018Q1,201813,2018Q1,2,1,2015Q1-2017Q4,2018Q1,2018Q1,2018Q1,same_quarter_last_week_features_to_same_quarter_last_week_fsfp,7,0,0.0,0.0,0.0,1.0,17,17,17,566,0
600742,201813,2018-03-26,13,2018Q1,1,2018Q1,201813,2018Q1,2,1,2015Q1-2017Q4,2018Q1,2018Q1,2018Q1,same_quarter_last_week_features_to_same_quarter_last_week_fsfp,7,1,1.0,0.0,0.0,1.0,17,17,17,567,1
600743,201813,2018-03-26,13,2018Q1,1,2018Q1,201813,2018Q1,2,1,2015Q1-2017Q4,2018Q1,2018Q1,2018Q1,same_quarter_last_week_features_to_same_quarter_last_week_fsfp,7,0,0.0,0.0,0.0,1.0,17,17,17,568,0
600745,201813,2018-03-26,13,2018Q1,1,2018Q1,201813,2018Q1,2,1,2015Q1-2017Q4,2018Q1,2018Q1,2018Q1,same_quarter_last_week_features_to_same_quarter_last_week_fsfp,7,1,1.0,0.0,0.0,1.0,17,17,17,570,1
600746,201813,2018-03-26,13,2018Q1,1,2018Q1,201813,2018Q1,2,1,2015Q1-2017Q4,2018Q1,2018Q1,2018Q1,same_quarter_last_week_features_to_same_quarter_last_week_fsfp,7,2,2.0,0.0,0.0,1.0,17,17,17,571,2
600748,201813,2018-03-26,13,2018Q1,1,2018Q1,201813,2018Q1,2,1,2015Q1-2017Q4,2018Q1,2018Q1,2018Q1,same_quarter_last_week_features_to_same_quarter_last_week_fsfp,7,0,0.0,0.0,0.0,1.0,17,17,17,572,0
600749,201813,2018-03-26,13,2018Q1,1,2018Q1,201813,2018Q1,2,1,2015Q1-2017Q4,2018Q1,2018Q1,2018Q1,same_quarter_last_week_features_to_same_quarter_last_week_fsfp,7,0,0.0,0.0,0.0,1.0,17,17,17,573,0
600750,201813,2018-03-26,13,2018Q1,1,2018Q1,201813,2018Q1,2,1,2015Q1-2017Q4,2018Q1,2018Q1,2018Q1,same_quarter_last_week_features_to_same_quarter_last_week_fsfp,7,2,2.0,0.0,0.0,1.0,17,17,17,574,2
600751,201802,2018-01-08,2,2018Q1,1,2018Q1,201802,2018Q1,2,1,2015Q1-2017Q4,2018Q1,2018Q1,2018Q1,same_quarter_last_week_features_to_same_quarter_last_week_fsfp,7,1,1.0,0.0,0.0,1.0,17,17,17,575,1
600753,201805,2018-01-29,5,2018Q1,1,2018Q1,201805,2018Q1,2,1,2015Q1-2017Q4,2018Q1,2018Q1,2018Q1,same_quarter_last_week_features_to_same_quarter_last_week_fsfp,7,0,0.0,0.0,0.0,1.0,17,17,17,576,0
600754,201813,2018-03-26,13,2018Q1,1,2018Q1,201813,2018Q1,2,1,2015Q1-2017Q4,2018Q1,2018Q1,2018Q1,same_quarter_last_week_features_to_same_quarter_last_week_fsfp,7,0,0.0,0.0,0.0,1.0,17,17,17,577,0
600755,201813,2018-03-26,13,2018Q1,1,2018Q1,201813,2018Q1,2,1,2015Q1-2017Q4,2018Q1,2018Q1,2018Q1,same_quarter_last_week_features_to_same_quarter_last_week_fsfp,7,1,1.0,0.0,0.0,1.0,17,17,17,578,1
600756,201813,2018-03-26,13,2018Q1,1,2018Q1,201813,2018Q1,2,1,2015Q1-2017Q4,2018Q1,2018Q1,2018Q1,same_quarter_last_week_features_to_same_quarter_last_week_fsfp,7,1,1.0,0.0,0.0,1.0,17,17,17,579,1
600757,201813,2018-03-26,13,2018Q1,1,2018Q1,201813,2018Q1,2,1,2015Q1-2017Q4,2018Q1,2018Q1,2018Q1,same_quarter_last_week_features_to_same_quarter_last_week_fsfp,7,2,2.0,0.0,0.0,1.0,17,17,17,580,2
600758,201813,2018-03-26,13,2018Q1,1,2018Q1,201813,2018Q1,2,1,2015Q1-2017Q4,2018Q1,2018Q1,2018Q1,same_quarter_last_week_features_to_same_quarter_last_week_fsfp,7,0,0.0,0.0,0.0,1.0,17,17,17,581,0
600759,201813,2018-03-26,13,2018Q1,1,2018Q1,201813,2018Q1,2,1,2015Q1-2017Q4,2018Q1,2018Q1,2018Q1,same_quarter_last_week_features_to_same_quarter_last_week_fsfp,7,0,0.0,0.0,0.0,1.0,17,17,17,582,0
600760,201813,2018-03-26,13,2018Q1,1,2018Q1,201813,2018Q1,2,1,2015Q1-2017Q4,2018Q1,2018Q1,2018Q1,same_quarter_last_week_features_to_same_quarter_last_week_fsfp,7,0,0.0,0.0,0.0,1.0,17,17,17,583,0
600763,201813,2018-03-26,13,2018Q1,1,2018Q1,201813,2018Q1,2,1,2015Q1-2017Q4,2018Q1,2018Q1,2018Q1,same_quarter_last_week_features_to_same_quarter_last_week_fsfp,7,0,0.0,0.0,0.0,1.0,17,17,17,585,0
600764,201813,2018-03-26,13,2018Q1,1,2018Q1,201813,2018Q1,2,1,2015Q1-2017Q4,2018Q1,2018Q1,2018Q1,same_quarter_last_week_features_to_same_quarter_last_week_fsfp,7,0,0.0,0.0,0.0,1.0,17,17,17,586,0
600765,201813,2018-03-26,13,2018Q1,1,2018Q1,201813,2018Q1,2,1,2015Q1-2017Q4,2018Q1,2018Q1,2018Q1,same_quarter_last_week_features_to_same_quarter_last_week_fsfp,7,0,0.0,0.0,0.0,1.0,17,17,17,587,0
600768,201813,2018-03-26,13,2018Q1,1,2018Q1,201813,2018Q1,2,1,2015Q1-2017Q4,2018Q1,2018Q1,2018Q1,same_quarter_last_week_features_to_same_quarter_last_week_fsfp,7,2,2.0,0.0,0.0,1.0,17,17,17,588,2
600769,201813,2018-03-26,13,2018Q1,1,2018Q1,201813,2018Q1,2,1,2015Q1-2017Q4,2018Q1,2018Q1,2018Q1,same_quarter_last_week_features_to_same_quarter_last_week_fsfp,7,2,2.0,0.0,0.0,1.0,17,17,17,589,2
600770,201813,2018-03-26,13,2018Q1,1,2018Q1,201813,2018Q1,2,1,2015Q1-2017Q4,2018Q1,2018Q1,2018Q1,same_quarter_last_week_features_to_same_quarter_last_week_fsfp,7,2,2.0,0.0,0.0,1.0,17,17,17,590,2
600771,201813,2018-03-26,13,2018Q1,1,2018Q1,201813,2018Q1,2,1,2015Q1-2017Q4,2018Q1,2018Q1,2018Q1,same_quarter_last_week_features_to_same_quarter_last_week_fsfp,7,0,0.0,0.0,0.0,1.0,17,17,17,591,0
000020,201813,2018-03-26,13,2018Q1,1,2018Q1,201813,2018Q1,2,1,2015Q1-2017Q4,2018Q1,2018Q1,2018Q1,same_quarter_last_week_features_to_same_quarter_last_week_fsfp,8,0,0.0,0.0,0.0,1.0,17,17,17,1,1
000407,201813,2018-03-26,13,2018Q1,1,2018Q1,201813,2018Q1,2,1,2015Q1-2017Q4,2018Q1,2018Q1,2018Q1,same_quarter_last_week_features_to_same_quarter_last_week_fsfp,8,0,0.0,0.0,0.0,1.0,17,17,17,9,1
000665,201813,2018-03-26,13,2018Q1,1,2018Q1,201813,2018Q1,2,1,2015Q1-2017Q4,2018Q1,2018Q1,2018Q1,same_quarter_last_week_features_to_same_quarter_last_week_fsfp,8,1,1.0,0.0,0.0,1.0,17,17,17,28,0
000722,201813,2018-03-26,13,2018Q1,1,2018Q1,201813,2018Q1,2,1,2015Q1-2017Q4,2018Q1,2018Q1,2018Q1,same_quarter_last_week_features_to_same_quarter_last_week_fsfp,8,1,1.0,0.0,0.0,1.0,17,17,17,34,2
000809,201813,2018-03-26,13,2018Q1,1,2018Q1,201813,2018Q1,2,1,2015Q1-2017Q4,2018Q1,2018Q1,2018Q1,same_quarter_last_week_features_to_same_quarter_last_week_fsfp,8,1,1.0,0.0,0.0,1.0,17,17,17,41,1
000862,201813,2018-03-26,13,2018Q1,1,2018Q1,201813,2018Q1,2,1,2015Q1-2017Q4,2018Q1,2018Q1,2018Q1,same_quarter_last_week_features_to_same_quarter_last_week_fsfp,8,1,1.0,0.0,0.0,1.0,17,17,17,46,1
000995,201813,2018-03-26,13,2018Q1,1,2018Q1,201813,2018Q1,2,1,2015Q1-2017Q4,2018Q1,2018Q1,2018Q1,same_quarter_last_week_features_to_same_quarter_last_week_fsfp,8,1,1.0,0.0,0.0,1.0,17,17,17,57,2
002031,201813,2018-03-26,13,2018Q1,1,2018Q1,201813,2018Q1,2,1,2015Q1-2017Q4,2018Q1,2018Q1,2018Q1,same_quarter_last_week_features_to_same_quarter_last_week_fsfp,8,1,1.0,0.0,0.0,1.0,17,17,17,66,2
002054,201813,2018-03-26,13,2018Q1,1,2018Q1,201813,2018Q1,2,1,2015Q1-2017Q4,2018Q1,2018Q1,2018Q1,same_quarter_last_week_features_to_same_quarter_last_week_fsfp,8,0,0.0,0.0,0.0,1.0,17,17,17,71,0
002182,201813,2018-03-26,13,2018Q1,1,2018Q1,201813,2018Q1,2,1,2015Q1-2017Q4,2018Q1,2018Q1,2018Q1,same_quarter_last_week_features_to_same_quarter_last_week_fsfp,8,0,0.0,0.0,0.0,1.0,17,17,17,79,0
002387,201813,2018-03-26,13,2018Q1,1,2018Q1,201813,2018Q1,2,1,2015Q1-2017Q4,2018Q1,2018Q1,2018Q1,same_quarter_last_week_features_to_same_quarter_last_week_fsfp,8,1,1.0,0.0,0.0,1.0,17,17,17,111,0
002393,201813,2018-03-26,13,2018Q1,1,2018Q1,201813,2018Q1,2,1,2015Q1-2017Q4,2018Q1,2018Q1,2018Q1,same_quarter_last_week_features_to_same_quarter_last_week_fsfp,8,1,1.0,0.0,0.0,1.0,17,17,17,113,0
002535,201813,2018-03-26,13,2018Q1,1,2018Q1,201813,2018Q1,2,1,2015Q1-2017Q4,2018Q1,2018Q1,2018Q1,same_quarter_last_week_features_to_same_quarter_last_week_fsfp,8,0,0.0,0.0,0.0,1.0,17,17,17,129,1
002564,201813,2018-03-26,13,2018Q1,1,2018Q1,201813,2018Q1,2,1,2015Q1-2017Q4,2018Q1,2018Q1,2018Q1,same_quarter_last_week_features_to_same_quarter_last_week_fsfp,8,1,1.0,0.0,0.0,1.0,17,17,17,130,1
002590,201813,2018-03-26,13,2018Q1,1,2018Q1,201813,2018Q1,2,1,2015Q1-2017Q4,2018Q1,2018Q1,2018Q1,same_quarter_last_week_features_to_same_quarter_last_week_fsfp,8,0,0.0,0.0,0.0,1.0,17,17,17,135,1
002600,201813,2018-03-26,13,2018Q1,1,2018Q1,201813,2018Q1,2,1,2015Q1-2017Q4,2018Q1,2018Q1,2018Q1,same_quarter_last_week_features_to_same_quarter_last_week_fsfp,8,0,0.0,0.0,0.0,1.0,17,17,17,136,0
002657,201813,2018-03-26,13,2018Q1,1,2018Q1,201813,2018Q1,2,1,2015Q1-2017Q4,2018Q1,2018Q1,2018Q1,same_quarter_last_week_features_to_same_quarter_last_week_fsfp,8,2,2.0,0.0,0.0,1.0,17,17,17,143,2
002675,201813,2018-03-26,13,2018Q1,1,2018Q1,201813,2018Q1,2,1,2015Q1-2017Q4,2018Q1,2018Q1,2018Q1,same_quarter_last_week_features_to_same_quarter_last_week_fsfp,8,1,1.0,0.0,0.0,1.0,17,17,17,147,1
002689,201813,2018-03-26,13,2018Q1,1,2018Q1,201813,2018Q1,2,1,2015Q1-2017Q4,2018Q1,2018Q1,2018Q1,same_quarter_last_week_features_to_same_quarter_last_week_fsfp,8,0,0.0,0.0,0.0,1.0,17,17,17,150,0
002787,201813,2018-03-26,13,2018Q1,1,2018Q1,201813,2018Q1,2,1,2015Q1-2017Q4,2018Q1,2018Q1,2018Q1,same_quarter_last_week_features_to_same_quarter_last_week_fsfp,8,0,0.0,0.0,0.0,1.0,17,17,17,161,1
002800,201813,2018-03-26,13,2018Q1,1,2018Q1,201813,2018Q1,2,1,2015Q1-2017Q4,2018Q1,2018Q1,2018Q1,same_quarter_last_week_features_to_same_quarter_last_week_fsfp,8,0,0.0,0.0,0.0,1.0,17,17,17,165,2
002803,201813,2018-03-26,13,2018Q1,1,2018Q1,201813,2018Q1,2,1,2015Q1-2017Q4,2018Q1,2018Q1,2018Q1,same_quarter_last_week_features_to_same_quarter_last_week_fsfp,8,0,0.0,0.0,0.0,1.0,17,17,17,166,1
002807,201813,2018-03-26,13,2018Q1,1,2018Q1,201813,2018Q1,2,1,2015Q1-2017Q4,2018Q1,2018Q1,2018Q1,same_quarter_last_week_features_to_same_quarter_last_week_fsfp,8,2,2.0,0.0,0.0,1.0,17,17,17,167,2
300059,201813,2018-03-26,13,2018Q1,1,2018Q1,201813,2018Q1,2,1,2015Q1-2017Q4,2018Q1,2018Q1,2018Q1,same_quarter_last_week_features_to_same_quarter_last_week_fsfp,8,2,2.0,0.0,0.0,1.0,17,17,17,180,0
300084,201813,2018-03-26,13,2018Q1,1,2018Q1,201813,2018Q1,2,1,2015Q1-2017Q4,2018Q1,2018Q1,2018Q1,same_quarter_last_week_features_to_same_quarter_last_week_fsfp,8,2,2.0,0.0,0.0,1.0,17,17,17,184,1
300093,201813,2018-03-26,13,2018Q1,1,2018Q1,201813,2018Q1,2,1,2015Q1-2017Q4,2018Q1,2018Q1,2018Q1,same_quarter_last_week_features_to_same_quarter_last_week_fsfp,8,2,2.0,0.0,0.0,1.0,17,17,17,186,0
300113,201813,2018-03-26,13,2018Q1,1,2018Q1,201813,2018Q1,2,1,2015Q1-2017Q4,2018Q1,2018Q1,2018Q1,same_quarter_last_week_features_to_same_quarter_last_week_fsfp,8,0,0.0,0.0,0.0,1.0,17,17,17,189,2
300118,201813,2018-03-26,13,2018Q1,1,2018Q1,201813,2018Q1,2,1,2015Q1-2017Q4,2018Q1,2018Q1,2018Q1,same_quarter_last_week_features_to_same_quarter_last_week_fsfp,8,1,1.0,0.0,0.0,1.0,17,17,17,190,0
300134,201813,2018-03-26,13,2018Q1,1,2018Q1,201813,2018Q1,2,1,2015Q1-2017Q4,2018Q1,2018Q1,2018Q1,same_quarter_last_week_features_to_same_quarter_last_week_fsfp,8,0,0.0,0.0,0.0,1.0,17,17,17,195,2
300224,201813,2018-03-26,13,2018Q1,1,2018Q1,201813,2018Q1,2,1,2015Q1-2017Q4,2018Q1,2018Q1,2018Q1,same_quarter_last_week_features_to_same_quarter_last_week_fsfp,8,0,0.0,0.0,0.0,1.0,17,17,17,213,1
300276,201813,2018-03-26,13,2018Q1,1,2018Q1,201813,2018Q1,2,1,2015Q1-2017Q4,2018Q1,2018Q1,2018Q1,same_quarter_last_week_features_to_same_quarter_last_week_fsfp,8,0,0.0,0.0,0.0,1.0,17,17,17,224,1
300315,201813,2018-03-26,13,2018Q1,1,2018Q1,201813,2018Q1,2,1,2015Q1-2017Q4,2018Q1,2018Q1,2018Q1,same_quarter_last_week_features_to_same_quarter_last_week_fsfp,8,2,2.0,0.0,0.0,1.0,17,17,17,229,1
300420,201813,2018-03-26,13,2018Q1,1,2018Q1,201813,2018Q1,2,1,2015Q1-2017Q4,2018Q1,2018Q1,2018Q1,same_quarter_last_week_features_to_same_quarter_last_week_fsfp,8,0,0.0,0.0,0.0,1.0,17,17,17,239,0
300486,201813,2018-03-26,13,2018Q1,1,2018Q1,201813,2018Q1,2,1,2015Q1-2017Q4,2018Q1,2018Q1,2018Q1,same_quarter_last_week_features_to_same_quarter_last_week_fsfp,8,0,0.0,0.0,0.0,1.0,17,17,17,245,2
300611,201813,2018-03-26,13,2018Q1,1,2018Q1,201813,2018Q1,2,1,2015Q1-2017Q4,2018Q1,2018Q1,2018Q1,same_quarter_last_week_features_to_same_quarter_last_week_fsfp,8,0,0.0,0.0,0.0,1.0,17,17,17,254,2
600330,201813,2018-03-26,13,2018Q1,1,2018Q1,201813,2018Q1,2,1,2015Q1-2017Q4,2018Q1,2018Q1,2018Q1,same_quarter_last_week_features_to_same_quarter_last_week_fsfp,8,1,1.0,0.0,0.0,1.0,17,17,17,265,1
600508,201813,2018-03-26,13,2018Q1,1,2018Q1,201813,2018Q1,2,1,2015Q1-2017Q4,2018Q1,2018Q1,2018Q1,same_quarter_last_week_features_to_same_quarter_last_week_fsfp,8,1,1.0,0.0,0.0,1.0,17,17,17,277,1
600519,201813,2018-03-26,13,2018Q1,1,2018Q1,201813,2018Q1,2,1,2015Q1-2017Q4,2018Q1,2018Q1,2018Q1,same_quarter_last_week_features_to_same_quarter_last_week_fsfp,8,1,1.0,0.0,0.0,1.0,17,17,17,278,1
600585,201813,2018-03-26,13,2018Q1,1,2018Q1,201813,2018Q1,2,1,2015Q1-2017Q4,2018Q1,2018Q1,2018Q1,same_quarter_last_week_features_to_same_quarter_last_week_fsfp,8,1,1.0,0.0,0.0,1.0,17,17,17,283,1
600604,201813,2018-03-26,13,2018Q1,1,2018Q1,201813,2018Q1,2,1,2015Q1-2017Q4,2018Q1,2018Q1,2018Q1,same_quarter_last_week_features_to_same_quarter_last_week_fsfp,8,1,1.0,0.0,0.0,1.0,17,17,17,286,1
600641,201813,2018-03-26,13,2018Q1,1,2018Q1,201813,2018Q1,2,1,2015Q1-2017Q4,2018Q1,2018Q1,2018Q1,same_quarter_last_week_features_to_same_quarter_last_week_fsfp,8,1,1.0,0.0,0.0,1.0,17,17,17,288,1
600653,201813,2018-03-26,13,2018Q1,1,2018Q1,201813,2018Q1,2,1,2015Q1-2017Q4,2018Q1,2018Q1,2018Q1,same_quarter_last_week_features_to_same_quarter_last_week_fsfp,8,2,2.0,0.0,0.0,1.0,17,17,17,291,2
600657,201813,2018-03-26,13,2018Q1,1,2018Q1,201813,2018Q1,2,1,2015Q1-2017Q4,2018Q1,2018Q1,2018Q1,same_quarter_last_week_features_to_same_quarter_last_week_fsfp,8,1,1.0,0.0,0.0,1.0,17,17,17,292,1
600713,201813,2018-03-26,13,2018Q1,1,2018Q1,201813,2018Q1,2,1,2015Q1-2017Q4,2018Q1,2018Q1,2018Q1,same_quarter_last_week_features_to_same_quarter_last_week_fsfp,8,1,1.0,0.0,0.0,1.0,17,17,17,297,1
600744,201813,2018-03-26,13,2018Q1,1,2018Q1,201813,2018Q1,2,1,2015Q1-2017Q4,2018Q1,2018Q1,2018Q1,same_quarter_last_week_features_to_same_quarter_last_week_fsfp,8,1,1.0,0.0,0.0,1.0,17,17,17,300,1
600774,201813,2018-03-26,13,2018Q1,1,2018Q1,201813,2018Q1,2,1,2015Q1-2017Q4,2018Q1,2018Q1,2018Q1,same_quarter_last_week_features_to_same_quarter_last_week_fsfp,8,2,2.0,0.0,0.0,1.0,17,17,17,303,2
600775,201813,2018-03-26,13,2018Q1,1,2018Q1,201813,2018Q1,2,1,2015Q1-2017Q4,2018Q1,2018Q1,2018Q1,same_quarter_last_week_features_to_same_quarter_last_week_fsfp,8,1,1.0,0.0,0.0,1.0,17,17,17,304,1
600776,201813,2018-03-26,13,2018Q1,1,2018Q1,201813,2018Q1,2,1,2015Q1-2017Q4,2018Q1,2018Q1,2018Q1,same_quarter_last_week_features_to_same_quarter_last_week_fsfp,8,2,2.0,0.0,0.0,1.0,17,17,17,305,2
600777,201809,2018-02-26,9,2018Q1,1,2018Q1,201809,2018Q1,2,1,2015Q1-2017Q4,2018Q1,2018Q1,2018Q1,same_quarter_last_week_features_to_same_quarter_last_week_fsfp,8,2,2.0,0.0,0.0,1.0,17,17,17,306,2
600778,201813,2018-03-26,13,2018Q1,1,2018Q1,201813,2018Q1,2,1,2015Q1-2017Q4,2018Q1,2018Q1,2018Q1,same_quarter_last_week_features_to_same_quarter_last_week_fsfp,8,1,1.0,0.0,0.0,1.0,17,17,17,307,1
600779,201813,2018-03-26,13,2018Q1,1,2018Q1,201813,2018Q1,2,1,2015Q1-2017Q4,2018Q1,2018Q1,2018Q1,same_quarter_last_week_features_to_same_quarter_last_week_fsfp,8,0,0.0,0.0,0.0,1.0,17,17,17,308,0
600782,201813,2018-03-26,13,2018Q1,1,2018Q1,201813,2018Q1,2,1,2015Q1-2017Q4,2018Q1,2018Q1,2018Q1,same_quarter_last_week_features_to_same_quarter_last_week_fsfp,8,1,1.0,0.0,0.0,1.0,17,17,17,310,1
600783,201813,2018-03-26,13,2018Q1,1,2018Q1,201813,2018Q1,2,1,2015Q1-2017Q4,2018Q1,2018Q1,2018Q1,same_quarter_last_week_features_to_same_quarter_last_week_fsfp,8,0,0.0,0.0,0.0,1.0,17,17,17,311,0
600784,201802,2018-01-08,2,2018Q1,1,2018Q1,201802,2018Q1,2,1,2015Q1-2017Q4,2018Q1,2018Q1,2018Q1,same_quarter_last_week_features_to_same_quarter_last_week_fsfp,8,2,2.0,0.0,0.0,1.0,17,17,17,312,2
600785,201813,2018-03-26,13,2018Q1,1,2018Q1,201813,2018Q1,2,1,2015Q1-2017Q4,2018Q1,2018Q1,2018Q1,same_quarter_last_week_features_to_same_quarter_last_week_fsfp,8,1,1.0,0.0,0.0,1.0,17,17,17,313,1
600787,201813,2018-03-26,13,2018Q1,1,2018Q1,201813,2018Q1,2,1,2015Q1-2017Q4,2018Q1,2018Q1,2018Q1,same_quarter_last_week_features_to_same_quarter_last_week_fsfp,8,1,1.0,0.0,0.0,1.0,17,17,17,314,1
600789,201813,2018-03-26,13,2018Q1,1,2018Q1,201813,2018Q1,2,1,2015Q1-2017Q4,2018Q1,2018Q1,2018Q1,same_quarter_last_week_features_to_same_quarter_last_week_fsfp,8,1,1.0,0.0,0.0,1.0,17,17,17,315,1
600790,201813,2018-03-26,13,2018Q1,1,2018Q1,201813,2018Q1,2,1,2015Q1-2017Q4,2018Q1,2018Q1,2018Q1,same_quarter_last_week_features_to_same_quarter_last_week_fsfp,8,1,1.0,0.0,0.0,1.0,17,17,17,316,1
600792,201813,2018-03-26,13,2018Q1,1,2018Q1,201813,2018Q1,2,1,2015Q1-2017Q4,2018Q1,2018Q1,2018Q1,same_quarter_last_week_features_to_same_quarter_last_week_fsfp,8,1,1.0,0.0,0.0,1.0,17,17,17,318,1
600793,201813,2018-03-26,13,2018Q1,1,2018Q1,201813,2018Q1,2,1,2015Q1-2017Q4,2018Q1,2018Q1,2018Q1,same_quarter_last_week_features_to_same_quarter_last_week_fsfp,8,2,2.0,0.0,0.0,1.0,17,17,17,319,2
600795,201813,2018-03-26,13,2018Q1,1,2018Q1,201813,2018Q1,2,1,2015Q1-2017Q4,2018Q1,2018Q1,2018Q1,same_quarter_last_week_features_to_same_quarter_last_week_fsfp,8,0,0.0,0.0,0.0,1.0,17,17,17,320,0
600796,201813,2018-03-26,13,2018Q1,1,2018Q1,201813,2018Q1,2,1,2015Q1-2017Q4,2018Q1,2018Q1,2018Q1,same_quarter_last_week_features_to_same_quarter_last_week_fsfp,8,2,2.0,0.0,0.0,1.0,17,17,17,321,2
600797,201813,2018-03-26,13,2018Q1,1,2018Q1,201813,2018Q1,2,1,2015Q1-2017Q4,2018Q1,2018Q1,2018Q1,same_quarter_last_week_features_to_same_quarter_last_week_fsfp,8,1,1.0,0.0,0.0,1.0,17,17,17,322,1
600798,201803,2018-01-15,3,2018Q1,1,2018Q1,201803,2018Q1,2,1,2015Q1-2017Q4,2018Q1,2018Q1,2018Q1,same_quarter_last_week_features_to_same_quarter_last_week_fsfp,8,1,1.0,0.0,0.0,1.0,17,17,17,323,1
600800,201813,2018-03-26,13,2018Q1,1,2018Q1,201813,2018Q1,2,1,2015Q1-2017Q4,2018Q1,2018Q1,2018Q1,same_quarter_last_week_features_to_same_quarter_last_week_fsfp,8,2,2.0,0.0,0.0,1.0,17,17,17,324,2
600802,201813,2018-03-26,13,2018Q1,1,2018Q1,201813,2018Q1,2,1,2015Q1-2017Q4,2018Q1,2018Q1,2018Q1,same_quarter_last_week_features_to_same_quarter_last_week_fsfp,8,1,1.0,0.0,0.0,1.0,17,17,17,326,1
600803,201813,2018-03-26,13,2018Q1,1,2018Q1,201813,2018Q1,2,1,2015Q1-2017Q4,2018Q1,2018Q1,2018Q1,same_quarter_last_week_features_to_same_quarter_last_week_fsfp,8,0,0.0,0.0,0.0,1.0,17,17,17,327,0
600804,201813,2018-03-26,13,2018Q1,1,2018Q1,201813,2018Q1,2,1,2015Q1-2017Q4,2018Q1,2018Q1,2018Q1,same_quarter_last_week_features_to_same_quarter_last_week_fsfp,8,1,1.0,0.0,0.0,1.0,17,17,17,328,1
600805,201813,2018-03-26,13,2018Q1,1,2018Q1,201813,2018Q1,2,1,2015Q1-2017Q4,2018Q1,2018Q1,2018Q1,same_quarter_last_week_features_to_same_quarter_last_week_fsfp,8,2,2.0,0.0,0.0,1.0,17,17,17,329,2
600810,201813,2018-03-26,13,2018Q1,1,2018Q1,201813,2018Q1,2,1,2015Q1-2017Q4,2018Q1,2018Q1,2018Q1,same_quarter_last_week_features_to_same_quarter_last_week_fsfp,8,0,0.0,0.0,0.0,1.0,17,17,17,332,0
600812,201813,2018-03-26,13,2018Q1,1,2018Q1,201813,2018Q1,2,1,2015Q1-2017Q4,2018Q1,2018Q1,2018Q1,same_quarter_last_week_features_to_same_quarter_last_week_fsfp,8,1,1.0,0.0,0.0,1.0,17,17,17,333,1
600814,201813,2018-03-26,13,2018Q1,1,2018Q1,201813,2018Q1,2,1,2015Q1-2017Q4,2018Q1,2018Q1,2018Q1,same_quarter_last_week_features_to_same_quarter_last_week_fsfp,8,1,1.0,0.0,0.0,1.0,17,17,17,334,1
600815,201813,2018-03-26,13,2018Q1,1,2018Q1,201813,2018Q1,2,1,2015Q1-2017Q4,2018Q1,2018Q1,2018Q1,same_quarter_last_week_features_to_same_quarter_last_week_fsfp,8,1,1.0,0.0,0.0,1.0,17,17,17,335,1
600817,201813,2018-03-26,13,2018Q1,1,2018Q1,201813,2018Q1,2,1,2015Q1-2017Q4,2018Q1,2018Q1,2018Q1,same_quarter_last_week_features_to_same_quarter_last_week_fsfp,8,2,2.0,0.0,0.0,1.0,17,17,17,337,2
600818,201813,2018-03-26,13,2018Q1,1,2018Q1,201813,2018Q1,2,1,2015Q1-2017Q4,2018Q1,2018Q1,2018Q1,same_quarter_last_week_features_to_same_quarter_last_week_fsfp,8,1,1.0,0.0,0.0,1.0,17,17,17,338,1
600819,201813,2018-03-26,13,2018Q1,1,2018Q1,201813,2018Q1,2,1,2015Q1-2017Q4,2018Q1,2018Q1,2018Q1,same_quarter_last_week_features_to_same_quarter_last_week_fsfp,8,2,2.0,0.0,0.0,1.0,17,17,17,339,2
600821,201813,2018-03-26,13,2018Q1,1,2018Q1,201813,2018Q1,2,1,2015Q1-2017Q4,2018Q1,2018Q1,2018Q1,same_quarter_last_week_features_to_same_quarter_last_week_fsfp,8,1,1.0,0.0,0.0,1.0,17,17,17,341,1
600822,201813,2018-03-26,13,2018Q1,1,2018Q1,201813,2018Q1,2,1,2015Q1-2017Q4,2018Q1,2018Q1,2018Q1,same_quarter_last_week_features_to_same_quarter_last_week_fsfp,8,2,2.0,0.0,0.0,1.0,17,17,17,342,2
600824,201813,2018-03-26,13,2018Q1,1,2018Q1,201813,2018Q1,2,1,2015Q1-2017Q4,2018Q1,2018Q1,2018Q1,same_quarter_last_week_features_to_same_quarter_last_week_fsfp,8,2,2.0,0.0,0.0,1.0,17,17,17,343,2
600825,201813,2018-03-26,13,2018Q1,1,2018Q1,201813,2018Q1,2,1,2015Q1-2017Q4,2018Q1,2018Q1,2018Q1,same_quarter_last_week_features_to_same_quarter_last_week_fsfp,8,1,1.0,0.0,0.0,1.0,17,17,17,344,1
600827,201813,2018-03-26,13,2018Q1,1,2018Q1,201813,2018Q1,2,1,2015Q1-2017Q4,2018Q1,2018Q1,2018Q1,same_quarter_last_week_features_to_same_quarter_last_week_fsfp,8,0,0.0,0.0,0.0,1.0,17,17,17,346,0
600828,201813,2018-03-26,13,2018Q1,1,2018Q1,201813,2018Q1,2,1,2015Q1-2017Q4,2018Q1,2018Q1,2018Q1,same_quarter_last_week_features_to_same_quarter_last_week_fsfp,8,0,0.0,0.0,0.0,1.0,17,17,17,347,0
600829,201813,2018-03-26,13,2018Q1,1,2018Q1,201813,2018Q1,2,1,2015Q1-2017Q4,2018Q1,2018Q1,2018Q1,same_quarter_last_week_features_to_same_quarter_last_week_fsfp,8,2,2.0,0.0,0.0,1.0,17,17,17,348,2
600830,201813,2018-03-26,13,2018Q1,1,2018Q1,201813,2018Q1,2,1,2015Q1-2017Q4,2018Q1,2018Q1,2018Q1,same_quarter_last_week_features_to_same_quarter_last_week_fsfp,8,2,2.0,0.0,0.0,1.0,17,17,17,349,2
600831,201813,2018-03-26,13,2018Q1,1,2018Q1,201813,2018Q1,2,1,2015Q1-2017Q4,2018Q1,2018Q1,2018Q1,same_quarter_last_week_features_to_same_quarter_last_week_fsfp,8,0,0.0,0.0,0.0,1.0,17,17,17,350,0
600833,201813,2018-03-26,13,2018Q1,1,2018Q1,201813,2018Q1,2,1,2015Q1-2017Q4,2018Q1,2018Q1,2018Q1,same_quarter_last_week_features_to_same_quarter_last_week_fsfp,8,2,2.0,0.0,0.0,1.0,17,17,17,351,2
600834,201813,2018-03-26,13,2018Q1,1,2018Q1,201813,2018Q1,2,1,2015Q1-2017Q4,2018Q1,2018Q1,2018Q1,same_quarter_last_week_features_to_same_quarter_last_week_fsfp,8,1,1.0,0.0,0.0,1.0,17,17,17,352,1
600838,201813,2018-03-26,13,2018Q1,1,2018Q1,201813,2018Q1,2,1,2015Q1-2017Q4,2018Q1,2018Q1,2018Q1,same_quarter_last_week_features_to_same_quarter_last_week_fsfp,8,1,1.0,0.0,0.0,1.0,17,17,17,354,1
600839,201813,2018-03-26,13,2018Q1,1,2018Q1,201813,2018Q1,2,1,2015Q1-2017Q4,2018Q1,2018Q1,2018Q1,same_quarter_last_week_features_to_same_quarter_last_week_fsfp,8,0,0.0,0.0,0.0,1.0,17,17,17,355,0
600841,201813,2018-03-26,13,2018Q1,1,2018Q1,201813,2018Q1,2,1,2015Q1-2017Q4,2018Q1,2018Q1,2018Q1,same_quarter_last_week_features_to_same_quarter_last_week_fsfp,8,1,1.0,0.0,0.0,1.0,17,17,17,356,1
600843,201813,2018-03-26,13,2018Q1,1,2018Q1,201813,2018Q1,2,1,2015Q1-2017Q4,2018Q1,2018Q1,2018Q1,same_quarter_last_week_features_to_same_quarter_last_week_fsfp,8,2,2.0,0.0,0.0,1.0,17,17,17,357,2
600844,201813,2018-03-26,13,2018Q1,1,2018Q1,201813,2018Q1,2,1,2015Q1-2017Q4,2018Q1,2018Q1,2018Q1,same_quarter_last_week_features_to_same_quarter_last_week_fsfp,8,0,0.0,0.0,0.0,1.0,17,17,17,358,0
600845,201813,2018-03-26,13,2018Q1,1,2018Q1,201813,2018Q1,2,1,2015Q1-2017Q4,2018Q1,2018Q1,2018Q1,same_quarter_last_week_features_to_same_quarter_last_week_fsfp,8,0,0.0,0.0,0.0,1.0,17,17,17,359,0
600846,201813,2018-03-26,13,2018Q1,1,2018Q1,201813,2018Q1,2,1,2015Q1-2017Q4,2018Q1,2018Q1,2018Q1,same_quarter_last_week_features_to_same_quarter_last_week_fsfp,8,1,1.0,0.0,0.0,1.0,17,17,17,360,1
600847,201813,2018-03-26,13,2018Q1,1,2018Q1,201813,2018Q1,2,1,2015Q1-2017Q4,2018Q1,2018Q1,2018Q1,same_quarter_last_week_features_to_same_quarter_last_week_fsfp,8,0,0.0,0.0,0.0,1.0,17,17,17,361,0
600850,201813,2018-03-26,13,2018Q1,1,2018Q1,201813,2018Q1,2,1,2015Q1-2017Q4,2018Q1,2018Q1,2018Q1,same_quarter_last_week_features_to_same_quarter_last_week_fsfp,8,2,2.0,0.0,0.0,1.0,17,17,17,363,2
600851,201813,2018-03-26,13,2018Q1,1,2018Q1,201813,2018Q1,2,1,2015Q1-2017Q4,2018Q1,2018Q1,2018Q1,same_quarter_last_week_features_to_same_quarter_last_week_fsfp,8,1,1.0,0.0,0.0,1.0,17,17,17,364,1
600853,201813,2018-03-26,13,2018Q1,1,2018Q1,201813,2018Q1,2,1,2015Q1-2017Q4,2018Q1,2018Q1,2018Q1,same_quarter_last_week_features_to_same_quarter_last_week_fsfp,8,0,0.0,0.0,0.0,1.0,17,17,17,365,0
600854,201813,2018-03-26,13,2018Q1,1,2018Q1,201813,2018Q1,2,1,2015Q1-2017Q4,2018Q1,2018Q1,2018Q1,same_quarter_last_week_features_to_same_quarter_last_week_fsfp,8,2,2.0,0.0,0.0,1.0,17,17,17,366,2
600857,201813,2018-03-26,13,2018Q1,1,2018Q1,201813,2018Q1,2,1,2015Q1-2017Q4,2018Q1,2018Q1,2018Q1,same_quarter_last_week_features_to_same_quarter_last_week_fsfp,8,0,0.0,0.0,0.0,1.0,17,17,17,368,0
600858,201813,2018-03-26,13,2018Q1,1,2018Q1,201813,2018Q1,2,1,2015Q1-2017Q4,2018Q1,2018Q1,2018Q1,same_quarter_last_week_features_to_same_quarter_last_week_fsfp,8,1,1.0,0.0,0.0,1.0,17,17,17,369,1
600859,201813,2018-03-26,13,2018Q1,1,2018Q1,201813,2018Q1,2,1,2015Q1-2017Q4,2018Q1,2018Q1,2018Q1,same_quarter_last_week_features_to_same_quarter_last_week_fsfp,8,0,0.0,0.0,0.0,1.0,17,17,17,370,0
600860,201813,2018-03-26,13,2018Q1,1,2018Q1,201813,2018Q1,2,1,2015Q1-2017Q4,2018Q1,2018Q1,2018Q1,same_quarter_last_week_features_to_same_quarter_last_week_fsfp,8,0,0.0,0.0,0.0,1.0,17,17,17,371,0
600861,201813,2018-03-26,13,2018Q1,1,2018Q1,201813,2018Q1,2,1,2015Q1-2017Q4,2018Q1,2018Q1,2018Q1,same_quarter_last_week_features_to_same_quarter_last_week_fsfp,8,0,0.0,0.0,0.0,1.0,17,17,17,372,0
600864,201813,2018-03-26,13,2018Q1,1,2018Q1,201813,2018Q1,2,1,2015Q1-2017Q4,2018Q1,2018Q1,2018Q1,same_quarter_last_week_features_to_same_quarter_last_week_fsfp,8,0,0.0,0.0,0.0,1.0,17,17,17,375,0
600866,201803,2018-01-15,3,2018Q1,1,2018Q1,201803,2018Q1,2,1,2015Q1-2017Q4,2018Q1,2018Q1,2018Q1,same_quarter_last_week_features_to_same_quarter_last_week_fsfp,8,2,2.0,0.0,0.0,1.0,17,17,17,377,2
600867,201813,2018-03-26,13,2018Q1,1,2018Q1,201813,2018Q1,2,1,2015Q1-2017Q4,2018Q1,2018Q1,2018Q1,same_quarter_last_week_features_to_same_quarter_last_week_fsfp,8,0,0.0,0.0,0.0,1.0,17,17,17,378,0
600868,201813,2018-03-26,13,2018Q1,1,2018Q1,201813,2018Q1,2,1,2015Q1-2017Q4,2018Q1,2018Q1,2018Q1,same_quarter_last_week_features_to_same_quarter_last_week_fsfp,8,1,1.0,0.0,0.0,1.0,17,17,17,379,1
600869,201813,2018-03-26,13,2018Q1,1,2018Q1,201813,2018Q1,2,1,2015Q1-2017Q4,2018Q1,2018Q1,2018Q1,same_quarter_last_week_features_to_same_quarter_last_week_fsfp,8,0,0.0,0.0,0.0,1.0,17,17,17,380,0
600871,201813,2018-03-26,13,2018Q1,1,2018Q1,201813,2018Q1,2,1,2015Q1-2017Q4,2018Q1,2018Q1,2018Q1,same_quarter_last_week_features_to_same_quarter_last_week_fsfp,8,0,0.0,0.0,0.0,1.0,17,17,17,381,0
600873,201813,2018-03-26,13,2018Q1,1,2018Q1,201813,2018Q1,2,1,2015Q1-2017Q4,2018Q1,2018Q1,2018Q1,same_quarter_last_week_features_to_same_quarter_last_week_fsfp,8,0,0.0,0.0,0.0,1.0,17,17,17,383,0
600875,201813,2018-03-26,13,2018Q1,1,2018Q1,201813,2018Q1,2,1,2015Q1-2017Q4,2018Q1,2018Q1,2018Q1,same_quarter_last_week_features_to_same_quarter_last_week_fsfp,8,0,0.0,0.0,0.0,1.0,17,17,17,385,0
600876,201813,2018-03-26,13,2018Q1,1,2018Q1,201813,2018Q1,2,1,2015Q1-2017Q4,2018Q1,2018Q1,2018Q1,same_quarter_last_week_features_to_same_quarter_last_week_fsfp,8,1,1.0,0.0,0.0,1.0,17,17,17,386,1
600880,201810,2018-03-05,10,2018Q1,1,2018Q1,201810,2018Q1,2,1,2015Q1-2017Q4,2018Q1,2018Q1,2018Q1,same_quarter_last_week_features_to_same_quarter_last_week_fsfp,8,1,1.0,0.0,0.0,1.0,17,17,17,388,1
600881,201813,2018-03-26,13,2018Q1,1,2018Q1,201813,2018Q1,2,1,2015Q1-2017Q4,2018Q1,2018Q1,2018Q1,same_quarter_last_week_features_to_same_quarter_last_week_fsfp,8,1,1.0,0.0,0.0,1.0,17,17,17,389,1
600882,201813,2018-03-26,13,2018Q1,1,2018Q1,201813,2018Q1,2,1,2015Q1-2017Q4,2018Q1,2018Q1,2018Q1,same_quarter_last_week_features_to_same_quarter_last_week_fsfp,8,0,0.0,0.0,0.0,1.0,17,17,17,390,0
600883,201813,2018-03-26,13,2018Q1,1,2018Q1,201813,2018Q1,2,1,2015Q1-2017Q4,2018Q1,2018Q1,2018Q1,same_quarter_last_week_features_to_same_quarter_last_week_fsfp,8,0,0.0,0.0,0.0,1.0,17,17,17,391,0
600884,201813,2018-03-26,13,2018Q1,1,2018Q1,201813,2018Q1,2,1,2015Q1-2017Q4,2018Q1,2018Q1,2018Q1,same_quarter_last_week_features_to_same_quarter_last_week_fsfp,8,0,0.0,0.0,0.0,1.0,17,17,17,392,0
600886,201813,2018-03-26,13,2018Q1,1,2018Q1,201813,2018Q1,2,1,2015Q1-2017Q4,2018Q1,2018Q1,2018Q1,same_quarter_last_week_features_to_same_quarter_last_week_fsfp,8,0,0.0,0.0,0.0,1.0,17,17,17,394,0
600887,201813,2018-03-26,13,2018Q1,1,2018Q1,201813,2018Q1,2,1,2015Q1-2017Q4,2018Q1,2018Q1,2018Q1,same_quarter_last_week_features_to_same_quarter_last_week_fsfp,8,0,0.0,0.0,0.0,1.0,17,17,17,395,0
600888,201813,2018-03-26,13,2018Q1,1,2018Q1,201813,2018Q1,2,1,2015Q1-2017Q4,2018Q1,2018Q1,2018Q1,same_quarter_last_week_features_to_same_quarter_last_week_fsfp,8,1,1.0,0.0,0.0,1.0,17,17,17,396,1
600889,201813,2018-03-26,13,2018Q1,1,2018Q1,201813,2018Q1,2,1,2015Q1-2017Q4,2018Q1,2018Q1,2018Q1,same_quarter_last_week_features_to_same_quarter_last_week_fsfp,8,0,0.0,0.0,0.0,1.0,17,17,17,397,0
600892,201813,2018-03-26,13,2018Q1,1,2018Q1,201813,2018Q1,2,1,2015Q1-2017Q4,2018Q1,2018Q1,2018Q1,same_quarter_last_week_features_to_same_quarter_last_week_fsfp,8,2,2.0,0.0,0.0,1.0,17,17,17,398,2
600893,201813,2018-03-26,13,2018Q1,1,2018Q1,201813,2018Q1,2,1,2015Q1-2017Q4,2018Q1,2018Q1,2018Q1,same_quarter_last_week_features_to_same_quarter_last_week_fsfp,8,0,0.0,0.0,0.0,1.0,17,17,17,399,0
600894,201813,2018-03-26,13,2018Q1,1,2018Q1,201813,2018Q1,2,1,2015Q1-2017Q4,2018Q1,2018Q1,2018Q1,same_quarter_last_week_features_to_same_quarter_last_week_fsfp,8,2,2.0,0.0,0.0,1.0,17,17,17,400,2
600895,201813,2018-03-26,13,2018Q1,1,2018Q1,201813,2018Q1,2,1,2015Q1-2017Q4,2018Q1,2018Q1,2018Q1,same_quarter_last_week_features_to_same_quarter_last_week_fsfp,8,0,0.0,0.0,0.0,1.0,17,17,17,401,0
600897,201813,2018-03-26,13,2018Q1,1,2018Q1,201813,2018Q1,2,1,2015Q1-2017Q4,2018Q1,2018Q1,2018Q1,same_quarter_last_week_features_to_same_quarter_last_week_fsfp,8,0,0.0,0.0,0.0,1.0,17,17,17,402,0
600917,201813,2018-03-26,13,2018Q1,1,2018Q1,201813,2018Q1,2,1,2015Q1-2017Q4,2018Q1,2018Q1,2018Q1,same_quarter_last_week_features_to_same_quarter_last_week_fsfp,8,1,1.0,0.0,0.0,1.0,17,17,17,406,1
600919,201813,2018-03-26,13,2018Q1,1,2018Q1,201813,2018Q1,2,1,2015Q1-2017Q4,2018Q1,2018Q1,2018Q1,same_quarter_last_week_features_to_same_quarter_last_week_fsfp,8,1,1.0,0.0,0.0,1.0,17,17,17,407,1
600926,201813,2018-03-26,13,2018Q1,1,2018Q1,201813,2018Q1,2,1,2015Q1-2017Q4,2018Q1,2018Q1,2018Q1,same_quarter_last_week_features_to_same_quarter_last_week_fsfp,8,1,1.0,0.0,0.0,1.0,17,17,17,408,1
600936,201813,2018-03-26,13,2018Q1,1,2018Q1,201813,2018Q1,2,1,2015Q1-2017Q4,2018Q1,2018Q1,2018Q1,same_quarter_last_week_features_to_same_quarter_last_week_fsfp,8,0,0.0,0.0,0.0,1.0,17,17,17,409,0
600939,201813,2018-03-26,13,2018Q1,1,2018Q1,201813,2018Q1,2,1,2015Q1-2017Q4,2018Q1,2018Q1,2018Q1,same_quarter_last_week_features_to_same_quarter_last_week_fsfp,8,0,0.0,0.0,0.0,1.0,17,17,17,410,0
600958,201813,2018-03-26,13,2018Q1,1,2018Q1,201813,2018Q1,2,1,2015Q1-2017Q4,2018Q1,2018Q1,2018Q1,same_quarter_last_week_features_to_same_quarter_last_week_fsfp,8,0,0.0,0.0,0.0,1.0,17,17,17,411,0
600959,201813,2018-03-26,13,2018Q1,1,2018Q1,201813,2018Q1,2,1,2015Q1-2017Q4,2018Q1,2018Q1,2018Q1,same_quarter_last_week_features_to_same_quarter_last_week_fsfp,8,0,0.0,0.0,0.0,1.0,17,17,17,412,0
600961,201813,2018-03-26,13,2018Q1,1,2018Q1,201813,2018Q1,2,1,2015Q1-2017Q4,2018Q1,2018Q1,2018Q1,same_quarter_last_week_features_to_same_quarter_last_week_fsfp,8,1,1.0,0.0,0.0,1.0,17,17,17,413,1
600962,201813,2018-03-26,13,2018Q1,1,2018Q1,201813,2018Q1,2,1,2015Q1-2017Q4,2018Q1,2018Q1,2018Q1,same_quarter_last_week_features_to_same_quarter_last_week_fsfp,8,2,2.0,0.0,0.0,1.0,17,17,17,414,2
600963,201813,2018-03-26,13,2018Q1,1,2018Q1,201813,2018Q1,2,1,2015Q1-2017Q4,2018Q1,2018Q1,2018Q1,same_quarter_last_week_features_to_same_quarter_last_week_fsfp,8,1,1.0,0.0,0.0,1.0,17,17,17,415,1
600965,201813,2018-03-26,13,2018Q1,1,2018Q1,201813,2018Q1,2,1,2015Q1-2017Q4,2018Q1,2018Q1,2018Q1,same_quarter_last_week_features_to_same_quarter_last_week_fsfp,8,2,2.0,0.0,0.0,1.0,17,17,17,416,2
600966,201813,2018-03-26,13,2018Q1,1,2018Q1,201813,2018Q1,2,1,2015Q1-2017Q4,2018Q1,2018Q1,2018Q1,same_quarter_last_week_features_to_same_quarter_last_week_fsfp,8,1,1.0,0.0,0.0,1.0,17,17,17,417,1
600969,201813,2018-03-26,13,2018Q1,1,2018Q1,201813,2018Q1,2,1,2015Q1-2017Q4,2018Q1,2018Q1,2018Q1,same_quarter_last_week_features_to_same_quarter_last_week_fsfp,8,2,2.0,0.0,0.0,1.0,17,17,17,419,2
600970,201813,2018-03-26,13,2018Q1,1,2018Q1,201813,2018Q1,2,1,2015Q1-2017Q4,2018Q1,2018Q1,2018Q1,same_quarter_last_week_features_to_same_quarter_last_week_fsfp,8,0,0.0,0.0,0.0,1.0,17,17,17,420,0
600971,201813,2018-03-26,13,2018Q1,1,2018Q1,201813,2018Q1,2,1,2015Q1-2017Q4,2018Q1,2018Q1,2018Q1,same_quarter_last_week_features_to_same_quarter_last_week_fsfp,8,1,1.0,0.0,0.0,1.0,17,17,17,421,1
600973,201813,2018-03-26,13,2018Q1,1,2018Q1,201813,2018Q1,2,1,2015Q1-2017Q4,2018Q1,2018Q1,2018Q1,same_quarter_last_week_features_to_same_quarter_last_week_fsfp,8,2,2.0,0.0,0.0,1.0,17,17,17,422,2
600975,201813,2018-03-26,13,2018Q1,1,2018Q1,201813,2018Q1,2,1,2015Q1-2017Q4,2018Q1,2018Q1,2018Q1,same_quarter_last_week_features_to_same_quarter_last_week_fsfp,8,2,2.0,0.0,0.0,1.0,17,17,17,423,2
600976,201813,2018-03-26,13,2018Q1,1,2018Q1,201813,2018Q1,2,1,2015Q1-2017Q4,2018Q1,2018Q1,2018Q1,same_quarter_last_week_features_to_same_quarter_last_week_fsfp,8,0,0.0,0.0,0.0,1.0,17,17,17,424,0
600979,201813,2018-03-26,13,2018Q1,1,2018Q1,201813,2018Q1,2,1,2015Q1-2017Q4,2018Q1,2018Q1,2018Q1,same_quarter_last_week_features_to_same_quarter_last_week_fsfp,8,0,0.0,0.0,0.0,1.0,17,17,17,426,0
600980,201813,2018-03-26,13,2018Q1,1,2018Q1,201813,2018Q1,2,1,2015Q1-2017Q4,2018Q1,2018Q1,2018Q1,same_quarter_last_week_features_to_same_quarter_last_week_fsfp,8,0,0.0,0.0,0.0,1.0,17,17,17,427,0
600981,201813,2018-03-26,13,2018Q1,1,2018Q1,201813,2018Q1,2,1,2015Q1-2017Q4,2018Q1,2018Q1,2018Q1,same_quarter_last_week_features_to_same_quarter_last_week_fsfp,8,0,0.0,0.0,0.0,1.0,17,17,17,428,0
600982,201813,2018-03-26,13,2018Q1,1,2018Q1,201813,2018Q1,2,1,2015Q1-2017Q4,2018Q1,2018Q1,2018Q1,same_quarter_last_week_features_to_same_quarter_last_week_fsfp,8,2,2.0,0.0,0.0,1.0,17,17,17,429,2
600983,201813,2018-03-26,13,2018Q1,1,2018Q1,201813,2018Q1,2,1,2015Q1-2017Q4,2018Q1,2018Q1,2018Q1,same_quarter_last_week_features_to_same_quarter_last_week_fsfp,8,1,1.0,0.0,0.0,1.0,17,17,17,430,1
600984,201813,2018-03-26,13,2018Q1,1,2018Q1,201813,2018Q1,2,1,2015Q1-2017Q4,2018Q1,2018Q1,2018Q1,same_quarter_last_week_features_to_same_quarter_last_week_fsfp,8,1,1.0,0.0,0.0,1.0,17,17,17,431,1
600986,201813,2018-03-26,13,2018Q1,1,2018Q1,201813,2018Q1,2,1,2015Q1-2017Q4,2018Q1,2018Q1,2018Q1,same_quarter_last_week_features_to_same_quarter_last_week_fsfp,8,2,2.0,0.0,0.0,1.0,17,17,17,433,2
600987,201809,2018-02-26,9,2018Q1,1,2018Q1,201809,2018Q1,2,1,2015Q1-2017Q4,2018Q1,2018Q1,2018Q1,same_quarter_last_week_features_to_same_quarter_last_week_fsfp,8,1,1.0,0.0,0.0,1.0,17,17,17,434,1
600988,201813,2018-03-26,13,2018Q1,1,2018Q1,201813,2018Q1,2,1,2015Q1-2017Q4,2018Q1,2018Q1,2018Q1,same_quarter_last_week_features_to_same_quarter_last_week_fsfp,8,0,0.0,0.0,0.0,1.0,17,17,17,435,0
600990,201813,2018-03-26,13,2018Q1,1,2018Q1,201813,2018Q1,2,1,2015Q1-2017Q4,2018Q1,2018Q1,2018Q1,same_quarter_last_week_features_to_same_quarter_last_week_fsfp,8,1,1.0,0.0,0.0,1.0,17,17,17,436,1
600992,201813,2018-03-26,13,2018Q1,1,2018Q1,201813,2018Q1,2,1,2015Q1-2017Q4,2018Q1,2018Q1,2018Q1,same_quarter_last_week_features_to_same_quarter_last_week_fsfp,8,2,2.0,0.0,0.0,1.0,17,17,17,437,2
600993,201813,2018-03-26,13,2018Q1,1,2018Q1,201813,2018Q1,2,1,2015Q1-2017Q4,2018Q1,2018Q1,2018Q1,same_quarter_last_week_features_to_same_quarter_last_week_fsfp,8,1,1.0,0.0,0.0,1.0,17,17,17,438,1
600996,201813,2018-03-26,13,2018Q1,1,2018Q1,201813,2018Q1,2,1,2015Q1-2017Q4,2018Q1,2018Q1,2018Q1,same_quarter_last_week_features_to_same_quarter_last_week_fsfp,8,1,1.0,0.0,0.0,1.0,17,17,17,440,1
600997,201813,2018-03-26,13,2018Q1,1,2018Q1,201813,2018Q1,2,1,2015Q1-2017Q4,2018Q1,2018Q1,2018Q1,same_quarter_last_week_features_to_same_quarter_last_week_fsfp,8,1,1.0,0.0,0.0,1.0,17,17,17,441,1
601001,201813,2018-03-26,13,2018Q1,1,2018Q1,201813,2018Q1,2,1,2015Q1-2017Q4,2018Q1,2018Q1,2018Q1,same_quarter_last_week_features_to_same_quarter_last_week_fsfp,8,0,0.0,0.0,0.0,1.0,17,17,17,445,0
601002,201813,2018-03-26,13,2018Q1,1,2018Q1,201813,2018Q1,2,1,2015Q1-2017Q4,2018Q1,2018Q1,2018Q1,same_quarter_last_week_features_to_same_quarter_last_week_fsfp,8,1,1.0,0.0,0.0,1.0,17,17,17,446,1
601005,201813,2018-03-26,13,2018Q1,1,2018Q1,201813,2018Q1,2,1,2015Q1-2017Q4,2018Q1,2018Q1,2018Q1,same_quarter_last_week_features_to_same_quarter_last_week_fsfp,8,2,2.0,0.0,0.0,1.0,17,17,17,448,2
601006,201813,2018-03-26,13,2018Q1,1,2018Q1,201813,2018Q1,2,1,2015Q1-2017Q4,2018Q1,2018Q1,2018Q1,same_quarter_last_week_features_to_same_quarter_last_week_fsfp,8,0,0.0,0.0,0.0,1.0,17,17,17,449,0
601007,201813,2018-03-26,13,2018Q1,1,2018Q1,201813,2018Q1,2,1,2015Q1-2017Q4,2018Q1,2018Q1,2018Q1,same_quarter_last_week_features_to_same_quarter_last_week_fsfp,8,1,1.0,0.0,0.0,1.0,17,17,17,450,1
601008,201813,2018-03-26,13,2018Q1,1,2018Q1,201813,2018Q1,2,1,2015Q1-2017Q4,2018Q1,2018Q1,2018Q1,same_quarter_last_week_features_to_same_quarter_last_week_fsfp,8,0,0.0,0.0,0.0,1.0,17,17,17,451,0
601009,201813,2018-03-26,13,2018Q1,1,2018Q1,201813,2018Q1,2,1,2015Q1-2017Q4,2018Q1,2018Q1,2018Q1,same_quarter_last_week_features_to_same_quarter_last_week_fsfp,8,0,0.0,0.0,0.0,1.0,17,17,17,452,0
601010,201813,2018-03-26,13,2018Q1,1,2018Q1,201813,2018Q1,2,1,2015Q1-2017Q4,2018Q1,2018Q1,2018Q1,same_quarter_last_week_features_to_same_quarter_last_week_fsfp,8,2,2.0,0.0,0.0,1.0,17,17,17,453,2
601011,201813,2018-03-26,13,2018Q1,1,2018Q1,201813,2018Q1,2,1,2015Q1-2017Q4,2018Q1,2018Q1,2018Q1,same_quarter_last_week_features_to_same_quarter_last_week_fsfp,8,1,1.0,0.0,0.0,1.0,17,17,17,454,1
601012,201813,2018-03-26,13,2018Q1,1,2018Q1,201813,2018Q1,2,1,2015Q1-2017Q4,2018Q1,2018Q1,2018Q1,same_quarter_last_week_features_to_same_quarter_last_week_fsfp,8,0,0.0,0.0,0.0,1.0,17,17,17,455,0
601015,201813,2018-03-26,13,2018Q1,1,2018Q1,201813,2018Q1,2,1,2015Q1-2017Q4,2018Q1,2018Q1,2018Q1,same_quarter_last_week_features_to_same_quarter_last_week_fsfp,8,1,1.0,0.0,0.0,1.0,17,17,17,456,1
601020,201812,2018-03-19,12,2018Q1,1,2018Q1,201812,2018Q1,2,1,2015Q1-2017Q4,2018Q1,2018Q1,2018Q1,same_quarter_last_week_features_to_same_quarter_last_week_fsfp,8,0,0.0,0.0,0.0,1.0,17,17,17,459,0
601038,201813,2018-03-26,13,2018Q1,1,2018Q1,201813,2018Q1,2,1,2015Q1-2017Q4,2018Q1,2018Q1,2018Q1,same_quarter_last_week_features_to_same_quarter_last_week_fsfp,8,0,0.0,0.0,0.0,1.0,17,17,17,461,0
601058,201813,2018-03-26,13,2018Q1,1,2018Q1,201813,2018Q1,2,1,2015Q1-2017Q4,2018Q1,2018Q1,2018Q1,same_quarter_last_week_features_to_same_quarter_last_week_fsfp,8,0,0.0,0.0,0.0,1.0,17,17,17,462,0
601099,201813,2018-03-26,13,2018Q1,1,2018Q1,201813,2018Q1,2,1,2015Q1-2017Q4,2018Q1,2018Q1,2018Q1,same_quarter_last_week_features_to_same_quarter_last_week_fsfp,8,0,0.0,0.0,0.0,1.0,17,17,17,466,0
601101,201813,2018-03-26,13,2018Q1,1,2018Q1,201813,2018Q1,2,1,2015Q1-2017Q4,2018Q1,2018Q1,2018Q1,same_quarter_last_week_features_to_same_quarter_last_week_fsfp,8,1,1.0,0.0,0.0,1.0,17,17,17,468,1
601106,201813,2018-03-26,13,2018Q1,1,2018Q1,201813,2018Q1,2,1,2015Q1-2017Q4,2018Q1,2018Q1,2018Q1,same_quarter_last_week_features_to_same_quarter_last_week_fsfp,8,0,0.0,0.0,0.0,1.0,17,17,17,469,0
601107,201813,2018-03-26,13,2018Q1,1,2018Q1,201813,2018Q1,2,1,2015Q1-2017Q4,2018Q1,2018Q1,2018Q1,same_quarter_last_week_features_to_same_quarter_last_week_fsfp,8,1,1.0,0.0,0.0,1.0,17,17,17,470,1
601111,201813,2018-03-26,13,2018Q1,1,2018Q1,201813,2018Q1,2,1,2015Q1-2017Q4,2018Q1,2018Q1,2018Q1,same_quarter_last_week_features_to_same_quarter_last_week_fsfp,8,0,0.0,0.0,0.0,1.0,17,17,17,471,0
601113,201813,2018-03-26,13,2018Q1,1,2018Q1,201813,2018Q1,2,1,2015Q1-2017Q4,2018Q1,2018Q1,2018Q1,same_quarter_last_week_features_to_same_quarter_last_week_fsfp,8,2,2.0,0.0,0.0,1.0,17,17,17,472,2
601117,201813,2018-03-26,13,2018Q1,1,2018Q1,201813,2018Q1,2,1,2015Q1-2017Q4,2018Q1,2018Q1,2018Q1,same_quarter_last_week_features_to_same_quarter_last_week_fsfp,8,0,0.0,0.0,0.0,1.0,17,17,17,474,0
601126,201813,2018-03-26,13,2018Q1,1,2018Q1,201813,2018Q1,2,1,2015Q1-2017Q4,2018Q1,2018Q1,2018Q1,same_quarter_last_week_features_to_same_quarter_last_week_fsfp,8,0,0.0,0.0,0.0,1.0,17,17,17,476,0
601127,201813,2018-03-26,13,2018Q1,1,2018Q1,201813,2018Q1,2,1,2015Q1-2017Q4,2018Q1,2018Q1,2018Q1,same_quarter_last_week_features_to_same_quarter_last_week_fsfp,8,0,0.0,0.0,0.0,1.0,17,17,17,477,0
601128,201813,2018-03-26,13,2018Q1,1,2018Q1,201813,2018Q1,2,1,2015Q1-2017Q4,2018Q1,2018Q1,2018Q1,same_quarter_last_week_features_to_same_quarter_last_week_fsfp,8,0,0.0,0.0,0.0,1.0,17,17,17,478,0
601137,201813,2018-03-26,13,2018Q1,1,2018Q1,201813,2018Q1,2,1,2015Q1-2017Q4,2018Q1,2018Q1,2018Q1,same_quarter_last_week_features_to_same_quarter_last_week_fsfp,8,1,1.0,0.0,0.0,1.0,17,17,17,479,1
601163,201813,2018-03-26,13,2018Q1,1,2018Q1,201813,2018Q1,2,1,2015Q1-2017Q4,2018Q1,2018Q1,2018Q1,same_quarter_last_week_features_to_same_quarter_last_week_fsfp,8,1,1.0,0.0,0.0,1.0,17,17,17,483,1
601166,201813,2018-03-26,13,2018Q1,1,2018Q1,201813,2018Q1,2,1,2015Q1-2017Q4,2018Q1,2018Q1,2018Q1,same_quarter_last_week_features_to_same_quarter_last_week_fsfp,8,0,0.0,0.0,0.0,1.0,17,17,17,484,0
601168,201813,2018-03-26,13,2018Q1,1,2018Q1,201813,2018Q1,2,1,2015Q1-2017Q4,2018Q1,2018Q1,2018Q1,same_quarter_last_week_features_to_same_quarter_last_week_fsfp,8,0,0.0,0.0,0.0,1.0,17,17,17,485,0
601169,201813,2018-03-26,13,2018Q1,1,2018Q1,201813,2018Q1,2,1,2015Q1-2017Q4,2018Q1,2018Q1,2018Q1,same_quarter_last_week_features_to_same_quarter_last_week_fsfp,8,1,1.0,0.0,0.0,1.0,17,17,17,486,1
601177,201813,2018-03-26,13,2018Q1,1,2018Q1,201813,2018Q1,2,1,2015Q1-2017Q4,2018Q1,2018Q1,2018Q1,same_quarter_last_week_features_to_same_quarter_last_week_fsfp,8,0,0.0,0.0,0.0,1.0,17,17,17,487,0
601188,201813,2018-03-26,13,2018Q1,1,2018Q1,201813,2018Q1,2,1,2015Q1-2017Q4,2018Q1,2018Q1,2018Q1,same_quarter_last_week_features_to_same_quarter_last_week_fsfp,8,1,1.0,0.0,0.0,1.0,17,17,17,490,1
601200,201813,2018-03-26,13,2018Q1,1,2018Q1,201813,2018Q1,2,1,2015Q1-2017Q4,2018Q1,2018Q1,2018Q1,same_quarter_last_week_features_to_same_quarter_last_week_fsfp,8,0,0.0,0.0,0.0,1.0,17,17,17,493,0
601208,201813,2018-03-26,13,2018Q1,1,2018Q1,201813,2018Q1,2,1,2015Q1-2017Q4,2018Q1,2018Q1,2018Q1,same_quarter_last_week_features_to_same_quarter_last_week_fsfp,8,1,1.0,0.0,0.0,1.0,17,17,17,494,1
601218,201813,2018-03-26,13,2018Q1,1,2018Q1,201813,2018Q1,2,1,2015Q1-2017Q4,2018Q1,2018Q1,2018Q1,same_quarter_last_week_features_to_same_quarter_last_week_fsfp,8,2,2.0,0.0,0.0,1.0,17,17,17,496,2
601226,201813,2018-03-26,13,2018Q1,1,2018Q1,201813,2018Q1,2,1,2015Q1-2017Q4,2018Q1,2018Q1,2018Q1,same_quarter_last_week_features_to_same_quarter_last_week_fsfp,8,0,0.0,0.0,0.0,1.0,17,17,17,499,0
601231,201813,2018-03-26,13,2018Q1,1,2018Q1,201813,2018Q1,2,1,2015Q1-2017Q4,2018Q1,2018Q1,2018Q1,same_quarter_last_week_features_to_same_quarter_last_week_fsfp,8,0,0.0,0.0,0.0,1.0,17,17,17,502,0
601233,201813,2018-03-26,13,2018Q1,1,2018Q1,201813,2018Q1,2,1,2015Q1-2017Q4,2018Q1,2018Q1,2018Q1,same_quarter_last_week_features_to_same_quarter_last_week_fsfp,8,0,0.0,0.0,0.0,1.0,17,17,17,503,0
601238,201813,2018-03-26,13,2018Q1,1,2018Q1,201813,2018Q1,2,1,2015Q1-2017Q4,2018Q1,2018Q1,2018Q1,same_quarter_last_week_features_to_same_quarter_last_week_fsfp,8,0,0.0,0.0,0.0,1.0,17,17,17,504,0
601288,201813,2018-03-26,13,2018Q1,1,2018Q1,201813,2018Q1,2,1,2015Q1-2017Q4,2018Q1,2018Q1,2018Q1,same_quarter_last_week_features_to_same_quarter_last_week_fsfp,8,0,0.0,0.0,0.0,1.0,17,17,17,505,0
601311,201813,2018-03-26,13,2018Q1,1,2018Q1,201813,2018Q1,2,1,2015Q1-2017Q4,2018Q1,2018Q1,2018Q1,same_quarter_last_week_features_to_same_quarter_last_week_fsfp,8,1,1.0,0.0,0.0,1.0,17,17,17,506,1
601328,201813,2018-03-26,13,2018Q1,1,2018Q1,201813,2018Q1,2,1,2015Q1-2017Q4,2018Q1,2018Q1,2018Q1,same_quarter_last_week_features_to_same_quarter_last_week_fsfp,8,0,0.0,0.0,0.0,1.0,17,17,17,508,0
601336,201813,2018-03-26,13,2018Q1,1,2018Q1,201813,2018Q1,2,1,2015Q1-2017Q4,2018Q1,2018Q1,2018Q1,same_quarter_last_week_features_to_same_quarter_last_week_fsfp,8,1,1.0,0.0,0.0,1.0,17,17,17,510,1
601339,201813,2018-03-26,13,2018Q1,1,2018Q1,201813,2018Q1,2,1,2015Q1-2017Q4,2018Q1,2018Q1,2018Q1,same_quarter_last_week_features_to_same_quarter_last_week_fsfp,8,1,1.0,0.0,0.0,1.0,17,17,17,511,1
601368,201813,2018-03-26,13,2018Q1,1,2018Q1,201813,2018Q1,2,1,2015Q1-2017Q4,2018Q1,2018Q1,2018Q1,same_quarter_last_week_features_to_same_quarter_last_week_fsfp,8,2,2.0,0.0,0.0,1.0,17,17,17,512,2
601369,201813,2018-03-26,13,2018Q1,1,2018Q1,201813,2018Q1,2,1,2015Q1-2017Q4,2018Q1,2018Q1,2018Q1,same_quarter_last_week_features_to_same_quarter_last_week_fsfp,8,0,0.0,0.0,0.0,1.0,17,17,17,513,0
601375,201813,2018-03-26,13,2018Q1,1,2018Q1,201813,2018Q1,2,1,2015Q1-2017Q4,2018Q1,2018Q1,2018Q1,same_quarter_last_week_features_to_same_quarter_last_week_fsfp,8,0,0.0,0.0,0.0,1.0,17,17,17,514,0
601377,201813,2018-03-26,13,2018Q1,1,2018Q1,201813,2018Q1,2,1,2015Q1-2017Q4,2018Q1,2018Q1,2018Q1,same_quarter_last_week_features_to_same_quarter_last_week_fsfp,8,1,1.0,0.0,0.0,1.0,17,17,17,515,1
601388,201813,2018-03-26,13,2018Q1,1,2018Q1,201813,2018Q1,2,1,2015Q1-2017Q4,2018Q1,2018Q1,2018Q1,same_quarter_last_week_features_to_same_quarter_last_week_fsfp,8,2,2.0,0.0,0.0,1.0,17,17,17,516,2
601398,201813,2018-03-26,13,2018Q1,1,2018Q1,201813,2018Q1,2,1,2015Q1-2017Q4,2018Q1,2018Q1,2018Q1,same_quarter_last_week_features_to_same_quarter_last_week_fsfp,8,0,0.0,0.0,0.0,1.0,17,17,17,518,0
601500,201813,2018-03-26,13,2018Q1,1,2018Q1,201813,2018Q1,2,1,2015Q1-2017Q4,2018Q1,2018Q1,2018Q1,same_quarter_last_week_features_to_same_quarter_last_week_fsfp,8,0,0.0,0.0,0.0,1.0,17,17,17,519,0
601515,201813,2018-03-26,13,2018Q1,1,2018Q1,201813,2018Q1,2,1,2015Q1-2017Q4,2018Q1,2018Q1,2018Q1,same_quarter_last_week_features_to_same_quarter_last_week_fsfp,8,2,2.0,0.0,0.0,1.0,17,17,17,520,2
601518,201813,2018-03-26,13,2018Q1,1,2018Q1,201813,2018Q1,2,1,2015Q1-2017Q4,2018Q1,2018Q1,2018Q1,same_quarter_last_week_features_to_same_quarter_last_week_fsfp,8,0,0.0,0.0,0.0,1.0,17,17,17,521,0
601519,201813,2018-03-26,13,2018Q1,1,2018Q1,201813,2018Q1,2,1,2015Q1-2017Q4,2018Q1,2018Q1,2018Q1,same_quarter_last_week_features_to_same_quarter_last_week_fsfp,8,0,0.0,0.0,0.0,1.0,17,17,17,522,0
601555,201813,2018-03-26,13,2018Q1,1,2018Q1,201813,2018Q1,2,1,2015Q1-2017Q4,2018Q1,2018Q1,2018Q1,same_quarter_last_week_features_to_same_quarter_last_week_fsfp,8,0,0.0,0.0,0.0,1.0,17,17,17,523,0
601566,201813,2018-03-26,13,2018Q1,1,2018Q1,201813,2018Q1,2,1,2015Q1-2017Q4,2018Q1,2018Q1,2018Q1,same_quarter_last_week_features_to_same_quarter_last_week_fsfp,8,1,1.0,0.0,0.0,1.0,17,17,17,524,1
601567,201813,2018-03-26,13,2018Q1,1,2018Q1,201813,2018Q1,2,1,2015Q1-2017Q4,2018Q1,2018Q1,2018Q1,same_quarter_last_week_features_to_same_quarter_last_week_fsfp,8,0,0.0,0.0,0.0,1.0,17,17,17,525,0
601579,201813,2018-03-26,13,2018Q1,1,2018Q1,201813,2018Q1,2,1,2015Q1-2017Q4,2018Q1,2018Q1,2018Q1,same_quarter_last_week_features_to_same_quarter_last_week_fsfp,8,1,1.0,0.0,0.0,1.0,17,17,17,526,1
601588,201813,2018-03-26,13,2018Q1,1,2018Q1,201813,2018Q1,2,1,2015Q1-2017Q4,2018Q1,2018Q1,2018Q1,same_quarter_last_week_features_to_same_quarter_last_week_fsfp,8,1,1.0,0.0,0.0,1.0,17,17,17,527,1
601595,201813,2018-03-26,13,2018Q1,1,2018Q1,201813,2018Q1,2,1,2015Q1-2017Q4,2018Q1,2018Q1,2018Q1,same_quarter_last_week_features_to_same_quarter_last_week_fsfp,8,0,0.0,0.0,0.0,1.0,17,17,17,528,0
601599,201813,2018-03-26,13,2018Q1,1,2018Q1,201813,2018Q1,2,1,2015Q1-2017Q4,2018Q1,2018Q1,2018Q1,same_quarter_last_week_features_to_same_quarter_last_week_fsfp,8,1,1.0,0.0,0.0,1.0,17,17,17,529,1
601600,201813,2018-03-26,13,2018Q1,1,2018Q1,201813,2018Q1,2,1,2015Q1-2017Q4,2018Q1,2018Q1,2018Q1,same_quarter_last_week_features_to_same_quarter_last_week_fsfp,8,0,0.0,0.0,0.0,1.0,17,17,17,530,0
601607,201813,2018-03-26,13,2018Q1,1,2018Q1,201813,2018Q1,2,1,2015Q1-2017Q4,2018Q1,2018Q1,2018Q1,same_quarter_last_week_features_to_same_quarter_last_week_fsfp,8,0,0.0,0.0,0.0,1.0,17,17,17,532,0
601608,201813,2018-03-26,13,2018Q1,1,2018Q1,201813,2018Q1,2,1,2015Q1-2017Q4,2018Q1,2018Q1,2018Q1,same_quarter_last_week_features_to_same_quarter_last_week_fsfp,8,0,0.0,0.0,0.0,1.0,17,17,17,533,0
601611,201813,2018-03-26,13,2018Q1,1,2018Q1,201813,2018Q1,2,1,2015Q1-2017Q4,2018Q1,2018Q1,2018Q1,same_quarter_last_week_features_to_same_quarter_last_week_fsfp,8,0,0.0,0.0,0.0,1.0,17,17,17,534,0
601616,201813,2018-03-26,13,2018Q1,1,2018Q1,201813,2018Q1,2,1,2015Q1-2017Q4,2018Q1,2018Q1,2018Q1,same_quarter_last_week_features_to_same_quarter_last_week_fsfp,8,2,2.0,0.0,0.0,1.0,17,17,17,535,2
601618,201813,2018-03-26,13,2018Q1,1,2018Q1,201813,2018Q1,2,1,2015Q1-2017Q4,2018Q1,2018Q1,2018Q1,same_quarter_last_week_features_to_same_quarter_last_week_fsfp,8,0,0.0,0.0,0.0,1.0,17,17,17,536,0
601636,201813,2018-03-26,13,2018Q1,1,2018Q1,201813,2018Q1,2,1,2015Q1-2017Q4,2018Q1,2018Q1,2018Q1,same_quarter_last_week_features_to_same_quarter_last_week_fsfp,8,0,0.0,0.0,0.0,1.0,17,17,17,539,0
601666,201813,2018-03-26,13,2018Q1,1,2018Q1,201813,2018Q1,2,1,2015Q1-2017Q4,2018Q1,2018Q1,2018Q1,same_quarter_last_week_features_to_same_quarter_last_week_fsfp,8,0,0.0,0.0,0.0,1.0,17,17,17,540,0
601677,201813,2018-03-26,13,2018Q1,1,2018Q1,201813,2018Q1,2,1,2015Q1-2017Q4,2018Q1,2018Q1,2018Q1,same_quarter_last_week_features_to_same_quarter_last_week_fsfp,8,1,1.0,0.0,0.0,1.0,17,17,17,543,1
601678,201813,2018-03-26,13,2018Q1,1,2018Q1,201813,2018Q1,2,1,2015Q1-2017Q4,2018Q1,2018Q1,2018Q1,same_quarter_last_week_features_to_same_quarter_last_week_fsfp,8,1,1.0,0.0,0.0,1.0,17,17,17,544,1
601689,201813,2018-03-26,13,2018Q1,1,2018Q1,201813,2018Q1,2,1,2015Q1-2017Q4,2018Q1,2018Q1,2018Q1,same_quarter_last_week_features_to_same_quarter_last_week_fsfp,8,0,0.0,0.0,0.0,1.0,17,17,17,546,0
601699,201813,2018-03-26,13,2018Q1,1,2018Q1,201813,2018Q1,2,1,2015Q1-2017Q4,2018Q1,2018Q1,2018Q1,same_quarter_last_week_features_to_same_quarter_last_week_fsfp,8,0,0.0,0.0,0.0,1.0,17,17,17,547,0
601700,201813,2018-03-26,13,2018Q1,1,2018Q1,201813,2018Q1,2,1,2015Q1-2017Q4,2018Q1,2018Q1,2018Q1,same_quarter_last_week_features_to_same_quarter_last_week_fsfp,8,2,2.0,0.0,0.0,1.0,17,17,17,548,2
601717,201813,2018-03-26,13,2018Q1,1,2018Q1,201813,2018Q1,2,1,2015Q1-2017Q4,2018Q1,2018Q1,2018Q1,same_quarter_last_week_features_to_same_quarter_last_week_fsfp,8,0,0.0,0.0,0.0,1.0,17,17,17,549,0
601718,201813,2018-03-26,13,2018Q1,1,2018Q1,201813,2018Q1,2,1,2015Q1-2017Q4,2018Q1,2018Q1,2018Q1,same_quarter_last_week_features_to_same_quarter_last_week_fsfp,8,0,0.0,0.0,0.0,1.0,17,17,17,550,0
601727,201813,2018-03-26,13,2018Q1,1,2018Q1,201813,2018Q1,2,1,2015Q1-2017Q4,2018Q1,2018Q1,2018Q1,same_quarter_last_week_features_to_same_quarter_last_week_fsfp,8,0,0.0,0.0,0.0,1.0,17,17,17,551,0
601777,201813,2018-03-26,13,2018Q1,1,2018Q1,201813,2018Q1,2,1,2015Q1-2017Q4,2018Q1,2018Q1,2018Q1,same_quarter_last_week_features_to_same_quarter_last_week_fsfp,8,0,0.0,0.0,0.0,1.0,17,17,17,553,0
601789,201813,2018-03-26,13,2018Q1,1,2018Q1,201813,2018Q1,2,1,2015Q1-2017Q4,2018Q1,2018Q1,2018Q1,same_quarter_last_week_features_to_same_quarter_last_week_fsfp,8,1,1.0,0.0,0.0,1.0,17,17,17,555,1
601798,201813,2018-03-26,13,2018Q1,1,2018Q1,201813,2018Q1,2,1,2015Q1-2017Q4,2018Q1,2018Q1,2018Q1,same_quarter_last_week_features_to_same_quarter_last_week_fsfp,8,2,2.0,0.0,0.0,1.0,17,17,17,556,2
601800,201813,2018-03-26,13,2018Q1,1,2018Q1,201813,2018Q1,2,1,2015Q1-2017Q4,2018Q1,2018Q1,2018Q1,same_quarter_last_week_features_to_same_quarter_last_week_fsfp,8,0,0.0,0.0,0.0,1.0,17,17,17,558,0
601801,201813,2018-03-26,13,2018Q1,1,2018Q1,201813,2018Q1,2,1,2015Q1-2017Q4,2018Q1,2018Q1,2018Q1,same_quarter_last_week_features_to_same_quarter_last_week_fsfp,8,1,1.0,0.0,0.0,1.0,17,17,17,559,1
601808,201813,2018-03-26,13,2018Q1,1,2018Q1,201813,2018Q1,2,1,2015Q1-2017Q4,2018Q1,2018Q1,2018Q1,same_quarter_last_week_features_to_same_quarter_last_week_fsfp,8,0,0.0,0.0,0.0,1.0,17,17,17,560,0
601811,201813,2018-03-26,13,2018Q1,1,2018Q1,201813,2018Q1,2,1,2015Q1-2017Q4,2018Q1,2018Q1,2018Q1,same_quarter_last_week_features_to_same_quarter_last_week_fsfp,8,0,0.0,0.0,0.0,1.0,17,17,17,561,0
601857,201813,2018-03-26,13,2018Q1,1,2018Q1,201813,2018Q1,2,1,2015Q1-2017Q4,2018Q1,2018Q1,2018Q1,same_quarter_last_week_features_to_same_quarter_last_week_fsfp,8,0,0.0,0.0,0.0,1.0,17,17,17,563,0
601866,201813,2018-03-26,13,2018Q1,1,2018Q1,201813,2018Q1,2,1,2015Q1-2017Q4,2018Q1,2018Q1,2018Q1,same_quarter_last_week_features_to_same_quarter_last_week_fsfp,8,0,0.0,0.0,0.0,1.0,17,17,17,565,0
601880,201813,2018-03-26,13,2018Q1,1,2018Q1,201813,2018Q1,2,1,2015Q1-2017Q4,2018Q1,2018Q1,2018Q1,same_quarter_last_week_features_to_same_quarter_last_week_fsfp,8,0,0.0,0.0,0.0,1.0,17,17,17,568,0
601882,201813,2018-03-26,13,2018Q1,1,2018Q1,201813,2018Q1,2,1,2015Q1-2017Q4,2018Q1,2018Q1,2018Q1,same_quarter_last_week_features_to_same_quarter_last_week_fsfp,8,2,2.0,0.0,0.0,1.0,17,17,17,570,2
601886,201813,2018-03-26,13,2018Q1,1,2018Q1,201813,2018Q1,2,1,2015Q1-2017Q4,2018Q1,2018Q1,2018Q1,same_quarter_last_week_features_to_same_quarter_last_week_fsfp,8,1,1.0,0.0,0.0,1.0,17,17,17,571,1
601890,201813,2018-03-26,13,2018Q1,1,2018Q1,201813,2018Q1,2,1,2015Q1-2017Q4,2018Q1,2018Q1,2018Q1,same_quarter_last_week_features_to_same_quarter_last_week_fsfp,8,2,2.0,0.0,0.0,1.0,17,17,17,573,2
601900,201813,2018-03-26,13,2018Q1,1,2018Q1,201813,2018Q1,2,1,2015Q1-2017Q4,2018Q1,2018Q1,2018Q1,same_quarter_last_week_features_to_same_quarter_last_week_fsfp,8,0,0.0,0.0,0.0,1.0,17,17,17,576,0
601908,201813,2018-03-26,13,2018Q1,1,2018Q1,201813,2018Q1,2,1,2015Q1-2017Q4,2018Q1,2018Q1,2018Q1,same_quarter_last_week_features_to_same_quarter_last_week_fsfp,8,0,0.0,0.0,0.0,1.0,17,17,17,578,0
601918,201813,2018-03-26,13,2018Q1,1,2018Q1,201813,2018Q1,2,1,2015Q1-2017Q4,2018Q1,2018Q1,2018Q1,same_quarter_last_week_features_to_same_quarter_last_week_fsfp,8,0,0.0,0.0,0.0,1.0,17,17,17,579,0
601919,201813,2018-03-26,13,2018Q1,1,2018Q1,201813,2018Q1,2,1,2015Q1-2017Q4,2018Q1,2018Q1,2018Q1,same_quarter_last_week_features_to_same_quarter_last_week_fsfp,8,0,0.0,0.0,0.0,1.0,17,17,17,580,0
601929,201813,2018-03-26,13,2018Q1,1,2018Q1,201813,2018Q1,2,1,2015Q1-2017Q4,2018Q1,2018Q1,2018Q1,same_quarter_last_week_features_to_same_quarter_last_week_fsfp,8,1,1.0,0.0,0.0,1.0,17,17,17,582,1
601939,201813,2018-03-26,13,2018Q1,1,2018Q1,201813,2018Q1,2,1,2015Q1-2017Q4,2018Q1,2018Q1,2018Q1,same_quarter_last_week_features_to_same_quarter_last_week_fsfp,8,0,0.0,0.0,0.0,1.0,17,17,17,584,0
601958,201813,2018-03-26,13,2018Q1,1,2018Q1,201813,2018Q1,2,1,2015Q1-2017Q4,2018Q1,2018Q1,2018Q1,same_quarter_last_week_features_to_same_quarter_last_week_fsfp,8,0,0.0,0.0,0.0,1.0,17,17,17,585,0
601966,201813,2018-03-26,13,2018Q1,1,2018Q1,201813,2018Q1,2,1,2015Q1-2017Q4,2018Q1,2018Q1,2018Q1,same_quarter_last_week_features_to_same_quarter_last_week_fsfp,8,0,0.0,0.0,0.0,1.0,17,17,17,587,0
601968,201813,2018-03-26,13,2018Q1,1,2018Q1,201813,2018Q1,2,1,2015Q1-2017Q4,2018Q1,2018Q1,2018Q1,same_quarter_last_week_features_to_same_quarter_last_week_fsfp,8,0,0.0,0.0,0.0,1.0,17,17,17,588,0
601969,201813,2018-03-26,13,2018Q1,1,2018Q1,201813,2018Q1,2,1,2015Q1-2017Q4,2018Q1,2018Q1,2018Q1,same_quarter_last_week_features_to_same_quarter_last_week_fsfp,8,0,0.0,0.0,0.0,1.0,17,17,17,589,0
601985,201813,2018-03-26,13,2018Q1,1,2018Q1,201813,2018Q1,2,1,2015Q1-2017Q4,2018Q1,2018Q1,2018Q1,same_quarter_last_week_features_to_same_quarter_last_week_fsfp,8,0,0.0,0.0,0.0,1.0,17,17,17,590,0
601988,201813,2018-03-26,13,2018Q1,1,2018Q1,201813,2018Q1,2,1,2015Q1-2017Q4,2018Q1,2018Q1,2018Q1,same_quarter_last_week_features_to_same_quarter_last_week_fsfp,8,0,0.0,0.0,0.0,1.0,17,17,17,591,0
601989,201813,2018-03-26,13,2018Q1,1,2018Q1,201813,2018Q1,2,1,2015Q1-2017Q4,2018Q1,2018Q1,2018Q1,same_quarter_last_week_features_to_same_quarter_last_week_fsfp,8,0,0.0,0.0,0.0,1.0,17,17,17,592,0
601996,201813,2018-03-26,13,2018Q1,1,2018Q1,201813,2018Q1,2,1,2015Q1-2017Q4,2018Q1,2018Q1,2018Q1,same_quarter_last_week_features_to_same_quarter_last_week_fsfp,8,2,2.0,0.0,0.0,1.0,17,17,17,595,2
601997,201813,2018-03-26,13,2018Q1,1,2018Q1,201813,2018Q1,2,1,2015Q1-2017Q4,2018Q1,2018Q1,2018Q1,same_quarter_last_week_features_to_same_quarter_last_week_fsfp,8,0,0.0,0.0,0.0,1.0,17,17,17,596,0
601998,201813,2018-03-26,13,2018Q1,1,2018Q1,201813,2018Q1,2,1,2015Q1-2017Q4,2018Q1,2018Q1,2018Q1,same_quarter_last_week_features_to_same_quarter_last_week_fsfp,8,0,0.0,0.0,0.0,1.0,17,17,17,597,0
601999,201813,2018-03-26,13,2018Q1,1,2018Q1,201813,2018Q1,2,1,2015Q1-2017Q4,2018Q1,2018Q1,2018Q1,same_quarter_last_week_features_to_same_quarter_last_week_fsfp,8,0,0.0,0.0,0.0,1.0,17,17,17,598,0
603001,201813,2018-03-26,13,2018Q1,1,2018Q1,201813,2018Q1,2,1,2015Q1-2017Q4,2018Q1,2018Q1,2018Q1,same_quarter_last_week_features_to_same_quarter_last_week_fsfp,8,0,0.0,0.0,0.0,1.0,17,17,17,600,0
603002,201813,2018-03-26,13,2018Q1,1,2018Q1,201813,2018Q1,2,1,2015Q1-2017Q4,2018Q1,2018Q1,2018Q1,same_quarter_last_week_features_to_same_quarter_last_week_fsfp,8,0,0.0,0.0,0.0,1.0,17,17,17,601,0
603003,201813,2018-03-26,13,2018Q1,1,2018Q1,201813,2018Q1,2,1,2015Q1-2017Q4,2018Q1,2018Q1,2018Q1,same_quarter_last_week_features_to_same_quarter_last_week_fsfp,8,2,2.0,0.0,0.0,1.0,17,17,17,602,2
603005,201813,2018-03-26,13,2018Q1,1,2018Q1,201813,2018Q1,2,1,2015Q1-2017Q4,2018Q1,2018Q1,2018Q1,same_quarter_last_week_features_to_same_quarter_last_week_fsfp,8,1,1.0,0.0,0.0,1.0,17,17,17,603,1
603006,201813,2018-03-26,13,2018Q1,1,2018Q1,201813,2018Q1,2,1,2015Q1-2017Q4,2018Q1,2018Q1,2018Q1,same_quarter_last_week_features_to_same_quarter_last_week_fsfp,8,2,2.0,0.0,0.0,1.0,17,17,17,604,2
603008,201813,2018-03-26,13,2018Q1,1,2018Q1,201813,2018Q1,2,1,2015Q1-2017Q4,2018Q1,2018Q1,2018Q1,same_quarter_last_week_features_to_same_quarter_last_week_fsfp,8,0,0.0,0.0,0.0,1.0,17,17,17,606,0
603009,201813,2018-03-26,13,2018Q1,1,2018Q1,201813,2018Q1,2,1,2015Q1-2017Q4,2018Q1,2018Q1,2018Q1,same_quarter_last_week_features_to_same_quarter_last_week_fsfp,8,2,2.0,0.0,0.0,1.0,17,17,17,607,2
603010,201813,2018-03-26,13,2018Q1,1,2018Q1,201813,2018Q1,2,1,2015Q1-2017Q4,2018Q1,2018Q1,2018Q1,same_quarter_last_week_features_to_same_quarter_last_week_fsfp,8,1,1.0,0.0,0.0,1.0,17,17,17,608,1
603011,201813,2018-03-26,13,2018Q1,1,2018Q1,201813,2018Q1,2,1,2015Q1-2017Q4,2018Q1,2018Q1,2018Q1,same_quarter_last_week_features_to_same_quarter_last_week_fsfp,8,0,0.0,0.0,0.0,1.0,17,17,17,609,0
603015,201813,2018-03-26,13,2018Q1,1,2018Q1,201813,2018Q1,2,1,2015Q1-2017Q4,2018Q1,2018Q1,2018Q1,same_quarter_last_week_features_to_same_quarter_last_week_fsfp,8,0,0.0,0.0,0.0,1.0,17,17,17,611,0
603017,201813,2018-03-26,13,2018Q1,1,2018Q1,201813,2018Q1,2,1,2015Q1-2017Q4,2018Q1,2018Q1,2018Q1,same_quarter_last_week_features_to_same_quarter_last_week_fsfp,8,0,0.0,0.0,0.0,1.0,17,17,17,613,0
603018,201813,2018-03-26,13,2018Q1,1,2018Q1,201813,2018Q1,2,1,2015Q1-2017Q4,2018Q1,2018Q1,2018Q1,same_quarter_last_week_features_to_same_quarter_last_week_fsfp,8,1,1.0,0.0,0.0,1.0,17,17,17,614,1
603019,201813,2018-03-26,13,2018Q1,1,2018Q1,201813,2018Q1,2,1,2015Q1-2017Q4,2018Q1,2018Q1,2018Q1,same_quarter_last_week_features_to_same_quarter_last_week_fsfp,8,0,0.0,0.0,0.0,1.0,17,17,17,615,0
603020,201813,2018-03-26,13,2018Q1,1,2018Q1,201813,2018Q1,2,1,2015Q1-2017Q4,2018Q1,2018Q1,2018Q1,same_quarter_last_week_features_to_same_quarter_last_week_fsfp,8,0,0.0,0.0,0.0,1.0,17,17,17,616,0
603021,201813,2018-03-26,13,2018Q1,1,2018Q1,201813,2018Q1,2,1,2015Q1-2017Q4,2018Q1,2018Q1,2018Q1,same_quarter_last_week_features_to_same_quarter_last_week_fsfp,8,2,2.0,0.0,0.0,1.0,17,17,17,617,2
603025,201813,2018-03-26,13,2018Q1,1,2018Q1,201813,2018Q1,2,1,2015Q1-2017Q4,2018Q1,2018Q1,2018Q1,same_quarter_last_week_features_to_same_quarter_last_week_fsfp,8,1,1.0,0.0,0.0,1.0,17,17,17,620,1
603026,201813,2018-03-26,13,2018Q1,1,2018Q1,201813,2018Q1,2,1,2015Q1-2017Q4,2018Q1,2018Q1,2018Q1,same_quarter_last_week_features_to_same_quarter_last_week_fsfp,8,2,2.0,0.0,0.0,1.0,17,17,17,621,2
603028,201813,2018-03-26,13,2018Q1,1,2018Q1,201813,2018Q1,2,1,2015Q1-2017Q4,2018Q1,2018Q1,2018Q1,same_quarter_last_week_features_to_same_quarter_last_week_fsfp,8,0,0.0,0.0,0.0,1.0,17,17,17,623,0
603029,201813,2018-03-26,13,2018Q1,1,2018Q1,201813,2018Q1,2,1,2015Q1-2017Q4,2018Q1,2018Q1,2018Q1,same_quarter_last_week_features_to_same_quarter_last_week_fsfp,8,0,0.0,0.0,0.0,1.0,17,17,17,624,0
603031,201813,2018-03-26,13,2018Q1,1,2018Q1,201813,2018Q1,2,1,2015Q1-2017Q4,2018Q1,2018Q1,2018Q1,same_quarter_last_week_features_to_same_quarter_last_week_fsfp,8,1,1.0,0.0,0.0,1.0,17,17,17,626,1
603033,201805,2018-01-29,5,2018Q1,1,2018Q1,201805,2018Q1,2,1,2015Q1-2017Q4,2018Q1,2018Q1,2018Q1,same_quarter_last_week_features_to_same_quarter_last_week_fsfp,8,2,2.0,0.0,0.0,1.0,17,17,17,627,2
603035,201813,2018-03-26,13,2018Q1,1,2018Q1,201813,2018Q1,2,1,2015Q1-2017Q4,2018Q1,2018Q1,2018Q1,same_quarter_last_week_features_to_same_quarter_last_week_fsfp,8,2,2.0,0.0,0.0,1.0,17,17,17,628,2
603036,201813,2018-03-26,13,2018Q1,1,2018Q1,201813,2018Q1,2,1,2015Q1-2017Q4,2018Q1,2018Q1,2018Q1,same_quarter_last_week_features_to_same_quarter_last_week_fsfp,8,0,0.0,0.0,0.0,1.0,17,17,17,629,0
603037,201813,2018-03-26,13,2018Q1,1,2018Q1,201813,2018Q1,2,1,2015Q1-2017Q4,2018Q1,2018Q1,2018Q1,same_quarter_last_week_features_to_same_quarter_last_week_fsfp,8,0,0.0,0.0,0.0,1.0,17,17,17,630,0
603038,201813,2018-03-26,13,2018Q1,1,2018Q1,201813,2018Q1,2,1,2015Q1-2017Q4,2018Q1,2018Q1,2018Q1,same_quarter_last_week_features_to_same_quarter_last_week_fsfp,8,0,0.0,0.0,0.0,1.0,17,17,17,631,0
000048,201813,2018-03-26,13,2018Q1,1,2018Q1,201813,2018Q1,2,1,2015Q1-2017Q4,2018Q1,2018Q1,2018Q1,same_quarter_last_week_features_to_same_quarter_last_week_fsfp,9,0,0.0,0.0,0.0,1.0,17,17,17,2,0
000544,201813,2018-03-26,13,2018Q1,1,2018Q1,201813,2018Q1,2,1,2015Q1-2017Q4,2018Q1,2018Q1,2018Q1,same_quarter_last_week_features_to_same_quarter_last_week_fsfp,9,1,1.0,0.0,0.0,1.0,17,17,17,13,0
000555,201813,2018-03-26,13,2018Q1,1,2018Q1,201813,2018Q1,2,1,2015Q1-2017Q4,2018Q1,2018Q1,2018Q1,same_quarter_last_week_features_to_same_quarter_last_week_fsfp,9,1,1.0,0.0,0.0,1.0,17,17,17,16,1
000581,201813,2018-03-26,13,2018Q1,1,2018Q1,201813,2018Q1,2,1,2015Q1-2017Q4,2018Q1,2018Q1,2018Q1,same_quarter_last_week_features_to_same_quarter_last_week_fsfp,9,1,1.0,0.0,0.0,1.0,17,17,17,18,1
000626,201813,2018-03-26,13,2018Q1,1,2018Q1,201813,2018Q1,2,1,2015Q1-2017Q4,2018Q1,2018Q1,2018Q1,same_quarter_last_week_features_to_same_quarter_last_week_fsfp,9,1,1.0,0.0,0.0,1.0,17,17,17,21,2
000637,201813,2018-03-26,13,2018Q1,1,2018Q1,201813,2018Q1,2,1,2015Q1-2017Q4,2018Q1,2018Q1,2018Q1,same_quarter_last_week_features_to_same_quarter_last_week_fsfp,9,0,0.0,0.0,0.0,1.0,17,17,17,23,1
000700,201813,2018-03-26,13,2018Q1,1,2018Q1,201813,2018Q1,2,1,2015Q1-2017Q4,2018Q1,2018Q1,2018Q1,same_quarter_last_week_features_to_same_quarter_last_week_fsfp,9,1,1.0,0.0,0.0,1.0,17,17,17,28,1
000718,201813,2018-03-26,13,2018Q1,1,2018Q1,201813,2018Q1,2,1,2015Q1-2017Q4,2018Q1,2018Q1,2018Q1,same_quarter_last_week_features_to_same_quarter_last_week_fsfp,9,0,0.0,0.0,0.0,1.0,17,17,17,29,1
000882,201813,2018-03-26,13,2018Q1,1,2018Q1,201813,2018Q1,2,1,2015Q1-2017Q4,2018Q1,2018Q1,2018Q1,same_quarter_last_week_features_to_same_quarter_last_week_fsfp,9,1,1.0,0.0,0.0,1.0,17,17,17,44,1
000928,201813,2018-03-26,13,2018Q1,1,2018Q1,201813,2018Q1,2,1,2015Q1-2017Q4,2018Q1,2018Q1,2018Q1,same_quarter_last_week_features_to_same_quarter_last_week_fsfp,9,1,1.0,0.0,0.0,1.0,17,17,17,45,2
002006,201813,2018-03-26,13,2018Q1,1,2018Q1,201813,2018Q1,2,1,2015Q1-2017Q4,2018Q1,2018Q1,2018Q1,same_quarter_last_week_features_to_same_quarter_last_week_fsfp,9,0,0.0,0.0,0.0,1.0,17,17,17,52,1
002020,201813,2018-03-26,13,2018Q1,1,2018Q1,201813,2018Q1,2,1,2015Q1-2017Q4,2018Q1,2018Q1,2018Q1,same_quarter_last_week_features_to_same_quarter_last_week_fsfp,9,1,1.0,0.0,0.0,1.0,17,17,17,55,1
002026,201813,2018-03-26,13,2018Q1,1,2018Q1,201813,2018Q1,2,1,2015Q1-2017Q4,2018Q1,2018Q1,2018Q1,same_quarter_last_week_features_to_same_quarter_last_week_fsfp,9,0,0.0,0.0,0.0,1.0,17,17,17,57,0
002206,201813,2018-03-26,13,2018Q1,1,2018Q1,201813,2018Q1,2,1,2015Q1-2017Q4,2018Q1,2018Q1,2018Q1,same_quarter_last_week_features_to_same_quarter_last_week_fsfp,9,0,0.0,0.0,0.0,1.0,17,17,17,73,0
002236,201813,2018-03-26,13,2018Q1,1,2018Q1,201813,2018Q1,2,1,2015Q1-2017Q4,2018Q1,2018Q1,2018Q1,same_quarter_last_week_features_to_same_quarter_last_week_fsfp,9,0,0.0,0.0,0.0,1.0,17,17,17,76,0
002338,201813,2018-03-26,13,2018Q1,1,2018Q1,201813,2018Q1,2,1,2015Q1-2017Q4,2018Q1,2018Q1,2018Q1,same_quarter_last_week_features_to_same_quarter_last_week_fsfp,9,1,1.0,0.0,0.0,1.0,17,17,17,94,0
002368,201813,2018-03-26,13,2018Q1,1,2018Q1,201813,2018Q1,2,1,2015Q1-2017Q4,2018Q1,2018Q1,2018Q1,same_quarter_last_week_features_to_same_quarter_last_week_fsfp,9,2,2.0,0.0,0.0,1.0,17,17,17,98,0
002439,201813,2018-03-26,13,2018Q1,1,2018Q1,201813,2018Q1,2,1,2015Q1-2017Q4,2018Q1,2018Q1,2018Q1,same_quarter_last_week_features_to_same_quarter_last_week_fsfp,9,2,2.0,0.0,0.0,1.0,17,17,17,108,0
002448,201813,2018-03-26,13,2018Q1,1,2018Q1,201813,2018Q1,2,1,2015Q1-2017Q4,2018Q1,2018Q1,2018Q1,same_quarter_last_week_features_to_same_quarter_last_week_fsfp,9,0,0.0,0.0,0.0,1.0,17,17,17,110,0
002482,201813,2018-03-26,13,2018Q1,1,2018Q1,201813,2018Q1,2,1,2015Q1-2017Q4,2018Q1,2018Q1,2018Q1,same_quarter_last_week_features_to_same_quarter_last_week_fsfp,9,2,2.0,0.0,0.0,1.0,17,17,17,112,1
002507,201813,2018-03-26,13,2018Q1,1,2018Q1,201813,2018Q1,2,1,2015Q1-2017Q4,2018Q1,2018Q1,2018Q1,same_quarter_last_week_features_to_same_quarter_last_week_fsfp,9,0,0.0,0.0,0.0,1.0,17,17,17,113,0
002629,201813,2018-03-26,13,2018Q1,1,2018Q1,201813,2018Q1,2,1,2015Q1-2017Q4,2018Q1,2018Q1,2018Q1,same_quarter_last_week_features_to_same_quarter_last_week_fsfp,9,0,0.0,0.0,0.0,1.0,17,17,17,121,0
002796,201813,2018-03-26,13,2018Q1,1,2018Q1,201813,2018Q1,2,1,2015Q1-2017Q4,2018Q1,2018Q1,2018Q1,same_quarter_last_week_features_to_same_quarter_last_week_fsfp,9,0,0.0,0.0,0.0,1.0,17,17,17,144,1
002852,201813,2018-03-26,13,2018Q1,1,2018Q1,201813,2018Q1,2,1,2015Q1-2017Q4,2018Q1,2018Q1,2018Q1,same_quarter_last_week_features_to_same_quarter_last_week_fsfp,9,0,0.0,0.0,0.0,1.0,17,17,17,150,2
300077,201813,2018-03-26,13,2018Q1,1,2018Q1,201813,2018Q1,2,1,2015Q1-2017Q4,2018Q1,2018Q1,2018Q1,same_quarter_last_week_features_to_same_quarter_last_week_fsfp,9,0,0.0,0.0,0.0,1.0,17,17,17,159,2
300100,201813,2018-03-26,13,2018Q1,1,2018Q1,201813,2018Q1,2,1,2015Q1-2017Q4,2018Q1,2018Q1,2018Q1,same_quarter_last_week_features_to_same_quarter_last_week_fsfp,9,0,0.0,0.0,0.0,1.0,17,17,17,161,2
300121,201813,2018-03-26,13,2018Q1,1,2018Q1,201813,2018Q1,2,1,2015Q1-2017Q4,2018Q1,2018Q1,2018Q1,same_quarter_last_week_features_to_same_quarter_last_week_fsfp,9,0,0.0,0.0,0.0,1.0,17,17,17,163,1
300122,201813,2018-03-26,13,2018Q1,1,2018Q1,201813,2018Q1,2,1,2015Q1-2017Q4,2018Q1,2018Q1,2018Q1,same_quarter_last_week_features_to_same_quarter_last_week_fsfp,9,1,1.0,0.0,0.0,1.0,17,17,17,164,0
300132,201813,2018-03-26,13,2018Q1,1,2018Q1,201813,2018Q1,2,1,2015Q1-2017Q4,2018Q1,2018Q1,2018Q1,same_quarter_last_week_features_to_same_quarter_last_week_fsfp,9,0,0.0,0.0,0.0,1.0,17,17,17,165,2
300138,201813,2018-03-26,13,2018Q1,1,2018Q1,201813,2018Q1,2,1,2015Q1-2017Q4,2018Q1,2018Q1,2018Q1,same_quarter_last_week_features_to_same_quarter_last_week_fsfp,9,0,0.0,0.0,0.0,1.0,17,17,17,167,1
300166,201813,2018-03-26,13,2018Q1,1,2018Q1,201813,2018Q1,2,1,2015Q1-2017Q4,2018Q1,2018Q1,2018Q1,same_quarter_last_week_features_to_same_quarter_last_week_fsfp,9,1,1.0,0.0,0.0,1.0,17,17,17,173,1
300180,201813,2018-03-26,13,2018Q1,1,2018Q1,201813,2018Q1,2,1,2015Q1-2017Q4,2018Q1,2018Q1,2018Q1,same_quarter_last_week_features_to_same_quarter_last_week_fsfp,9,0,0.0,0.0,0.0,1.0,17,17,17,176,1
300194,201813,2018-03-26,13,2018Q1,1,2018Q1,201813,2018Q1,2,1,2015Q1-2017Q4,2018Q1,2018Q1,2018Q1,same_quarter_last_week_features_to_same_quarter_last_week_fsfp,9,0,0.0,0.0,0.0,1.0,17,17,17,179,1
300205,201813,2018-03-26,13,2018Q1,1,2018Q1,201813,2018Q1,2,1,2015Q1-2017Q4,2018Q1,2018Q1,2018Q1,same_quarter_last_week_features_to_same_quarter_last_week_fsfp,9,2,2.0,0.0,0.0,1.0,17,17,17,181,0
300209,201813,2018-03-26,13,2018Q1,1,2018Q1,201813,2018Q1,2,1,2015Q1-2017Q4,2018Q1,2018Q1,2018Q1,same_quarter_last_week_features_to_same_quarter_last_week_fsfp,9,0,0.0,0.0,0.0,1.0,17,17,17,182,1
300225,201806,2018-02-05,6,2018Q1,1,2018Q1,201806,2018Q1,2,1,2015Q1-2017Q4,2018Q1,2018Q1,2018Q1,same_quarter_last_week_features_to_same_quarter_last_week_fsfp,9,1,1.0,0.0,0.0,1.0,17,17,17,184,2
300226,201813,2018-03-26,13,2018Q1,1,2018Q1,201813,2018Q1,2,1,2015Q1-2017Q4,2018Q1,2018Q1,2018Q1,same_quarter_last_week_features_to_same_quarter_last_week_fsfp,9,0,0.0,0.0,0.0,1.0,17,17,17,185,1
300261,201813,2018-03-26,13,2018Q1,1,2018Q1,201813,2018Q1,2,1,2015Q1-2017Q4,2018Q1,2018Q1,2018Q1,same_quarter_last_week_features_to_same_quarter_last_week_fsfp,9,0,0.0,0.0,0.0,1.0,17,17,17,191,0
300290,201805,2018-01-29,5,2018Q1,1,2018Q1,201805,2018Q1,2,1,2015Q1-2017Q4,2018Q1,2018Q1,2018Q1,same_quarter_last_week_features_to_same_quarter_last_week_fsfp,9,2,2.0,0.0,0.0,1.0,17,17,17,195,0
300494,201813,2018-03-26,13,2018Q1,1,2018Q1,201813,2018Q1,2,1,2015Q1-2017Q4,2018Q1,2018Q1,2018Q1,same_quarter_last_week_features_to_same_quarter_last_week_fsfp,9,0,0.0,0.0,0.0,1.0,17,17,17,213,2
300560,201813,2018-03-26,13,2018Q1,1,2018Q1,201813,2018Q1,2,1,2015Q1-2017Q4,2018Q1,2018Q1,2018Q1,same_quarter_last_week_features_to_same_quarter_last_week_fsfp,9,0,0.0,0.0,0.0,1.0,17,17,17,217,2
600234,201813,2018-03-26,13,2018Q1,1,2018Q1,201813,2018Q1,2,1,2015Q1-2017Q4,2018Q1,2018Q1,2018Q1,same_quarter_last_week_features_to_same_quarter_last_week_fsfp,9,1,1.0,0.0,0.0,1.0,17,17,17,227,1
600422,201813,2018-03-26,13,2018Q1,1,2018Q1,201813,2018Q1,2,1,2015Q1-2017Q4,2018Q1,2018Q1,2018Q1,same_quarter_last_week_features_to_same_quarter_last_week_fsfp,9,1,1.0,0.0,0.0,1.0,17,17,17,238,1
600714,201813,2018-03-26,13,2018Q1,1,2018Q1,201813,2018Q1,2,1,2015Q1-2017Q4,2018Q1,2018Q1,2018Q1,same_quarter_last_week_features_to_same_quarter_last_week_fsfp,9,1,1.0,0.0,0.0,1.0,17,17,17,254,1
600761,201813,2018-03-26,13,2018Q1,1,2018Q1,201813,2018Q1,2,1,2015Q1-2017Q4,2018Q1,2018Q1,2018Q1,same_quarter_last_week_features_to_same_quarter_last_week_fsfp,9,2,2.0,0.0,0.0,1.0,17,17,17,256,2
600816,201813,2018-03-26,13,2018Q1,1,2018Q1,201813,2018Q1,2,1,2015Q1-2017Q4,2018Q1,2018Q1,2018Q1,same_quarter_last_week_features_to_same_quarter_last_week_fsfp,9,0,0.0,0.0,0.0,1.0,17,17,17,263,0
600820,201813,2018-03-26,13,2018Q1,1,2018Q1,201813,2018Q1,2,1,2015Q1-2017Q4,2018Q1,2018Q1,2018Q1,same_quarter_last_week_features_to_same_quarter_last_week_fsfp,9,0,0.0,0.0,0.0,1.0,17,17,17,264,0
600848,201813,2018-03-26,13,2018Q1,1,2018Q1,201813,2018Q1,2,1,2015Q1-2017Q4,2018Q1,2018Q1,2018Q1,same_quarter_last_week_features_to_same_quarter_last_week_fsfp,9,0,0.0,0.0,0.0,1.0,17,17,17,267,0
600855,201813,2018-03-26,13,2018Q1,1,2018Q1,201813,2018Q1,2,1,2015Q1-2017Q4,2018Q1,2018Q1,2018Q1,same_quarter_last_week_features_to_same_quarter_last_week_fsfp,9,2,2.0,0.0,0.0,1.0,17,17,17,268,2
600862,201813,2018-03-26,13,2018Q1,1,2018Q1,201813,2018Q1,2,1,2015Q1-2017Q4,2018Q1,2018Q1,2018Q1,same_quarter_last_week_features_to_same_quarter_last_week_fsfp,9,0,0.0,0.0,0.0,1.0,17,17,17,269,0
600872,201813,2018-03-26,13,2018Q1,1,2018Q1,201813,2018Q1,2,1,2015Q1-2017Q4,2018Q1,2018Q1,2018Q1,same_quarter_last_week_features_to_same_quarter_last_week_fsfp,9,0,0.0,0.0,0.0,1.0,17,17,17,272,0
600874,201813,2018-03-26,13,2018Q1,1,2018Q1,201813,2018Q1,2,1,2015Q1-2017Q4,2018Q1,2018Q1,2018Q1,same_quarter_last_week_features_to_same_quarter_last_week_fsfp,9,0,0.0,0.0,0.0,1.0,17,17,17,273,0
600885,201813,2018-03-26,13,2018Q1,1,2018Q1,201813,2018Q1,2,1,2015Q1-2017Q4,2018Q1,2018Q1,2018Q1,same_quarter_last_week_features_to_same_quarter_last_week_fsfp,9,0,0.0,0.0,0.0,1.0,17,17,17,275,0
600908,201813,2018-03-26,13,2018Q1,1,2018Q1,201813,2018Q1,2,1,2015Q1-2017Q4,2018Q1,2018Q1,2018Q1,same_quarter_last_week_features_to_same_quarter_last_week_fsfp,9,0,0.0,0.0,0.0,1.0,17,17,17,277,0
600995,201813,2018-03-26,13,2018Q1,1,2018Q1,201813,2018Q1,2,1,2015Q1-2017Q4,2018Q1,2018Q1,2018Q1,same_quarter_last_week_features_to_same_quarter_last_week_fsfp,9,0,0.0,0.0,0.0,1.0,17,17,17,282,0
601000,201813,2018-03-26,13,2018Q1,1,2018Q1,201813,2018Q1,2,1,2015Q1-2017Q4,2018Q1,2018Q1,2018Q1,same_quarter_last_week_features_to_same_quarter_last_week_fsfp,9,0,0.0,0.0,0.0,1.0,17,17,17,285,0
601016,201813,2018-03-26,13,2018Q1,1,2018Q1,201813,2018Q1,2,1,2015Q1-2017Q4,2018Q1,2018Q1,2018Q1,same_quarter_last_week_features_to_same_quarter_last_week_fsfp,9,0,0.0,0.0,0.0,1.0,17,17,17,287,0
601021,201813,2018-03-26,13,2018Q1,1,2018Q1,201813,2018Q1,2,1,2015Q1-2017Q4,2018Q1,2018Q1,2018Q1,same_quarter_last_week_features_to_same_quarter_last_week_fsfp,9,0,0.0,0.0,0.0,1.0,17,17,17,289,0
601069,201813,2018-03-26,13,2018Q1,1,2018Q1,201813,2018Q1,2,1,2015Q1-2017Q4,2018Q1,2018Q1,2018Q1,same_quarter_last_week_features_to_same_quarter_last_week_fsfp,9,2,2.0,0.0,0.0,1.0,17,17,17,290,2
601098,201813,2018-03-26,13,2018Q1,1,2018Q1,201813,2018Q1,2,1,2015Q1-2017Q4,2018Q1,2018Q1,2018Q1,same_quarter_last_week_features_to_same_quarter_last_week_fsfp,9,0,0.0,0.0,0.0,1.0,17,17,17,292,0
601100,201813,2018-03-26,13,2018Q1,1,2018Q1,201813,2018Q1,2,1,2015Q1-2017Q4,2018Q1,2018Q1,2018Q1,same_quarter_last_week_features_to_same_quarter_last_week_fsfp,9,0,0.0,0.0,0.0,1.0,17,17,17,293,0
601118,201813,2018-03-26,13,2018Q1,1,2018Q1,201813,2018Q1,2,1,2015Q1-2017Q4,2018Q1,2018Q1,2018Q1,same_quarter_last_week_features_to_same_quarter_last_week_fsfp,9,0,0.0,0.0,0.0,1.0,17,17,17,295,0
601225,201813,2018-03-26,13,2018Q1,1,2018Q1,201813,2018Q1,2,1,2015Q1-2017Q4,2018Q1,2018Q1,2018Q1,same_quarter_last_week_features_to_same_quarter_last_week_fsfp,9,0,0.0,0.0,0.0,1.0,17,17,17,305,0
601229,201813,2018-03-26,13,2018Q1,1,2018Q1,201813,2018Q1,2,1,2015Q1-2017Q4,2018Q1,2018Q1,2018Q1,same_quarter_last_week_features_to_same_quarter_last_week_fsfp,9,1,1.0,0.0,0.0,1.0,17,17,17,307,1
601333,201813,2018-03-26,13,2018Q1,1,2018Q1,201813,2018Q1,2,1,2015Q1-2017Q4,2018Q1,2018Q1,2018Q1,same_quarter_last_week_features_to_same_quarter_last_week_fsfp,9,0,0.0,0.0,0.0,1.0,17,17,17,309,0
601390,201813,2018-03-26,13,2018Q1,1,2018Q1,201813,2018Q1,2,1,2015Q1-2017Q4,2018Q1,2018Q1,2018Q1,same_quarter_last_week_features_to_same_quarter_last_week_fsfp,9,0,0.0,0.0,0.0,1.0,17,17,17,310,0
601669,201813,2018-03-26,13,2018Q1,1,2018Q1,201813,2018Q1,2,1,2015Q1-2017Q4,2018Q1,2018Q1,2018Q1,same_quarter_last_week_features_to_same_quarter_last_week_fsfp,9,0,0.0,0.0,0.0,1.0,17,17,17,315,0
601858,201813,2018-03-26,13,2018Q1,1,2018Q1,201813,2018Q1,2,1,2015Q1-2017Q4,2018Q1,2018Q1,2018Q1,same_quarter_last_week_features_to_same_quarter_last_week_fsfp,9,0,0.0,0.0,0.0,1.0,17,17,17,321,0
601872,201813,2018-03-26,13,2018Q1,1,2018Q1,201813,2018Q1,2,1,2015Q1-2017Q4,2018Q1,2018Q1,2018Q1,same_quarter_last_week_features_to_same_quarter_last_week_fsfp,9,0,0.0,0.0,0.0,1.0,17,17,17,322,0
601888,201813,2018-03-26,13,2018Q1,1,2018Q1,201813,2018Q1,2,1,2015Q1-2017Q4,2018Q1,2018Q1,2018Q1,same_quarter_last_week_features_to_same_quarter_last_week_fsfp,9,0,0.0,0.0,0.0,1.0,17,17,17,325,0
601901,201813,2018-03-26,13,2018Q1,1,2018Q1,201813,2018Q1,2,1,2015Q1-2017Q4,2018Q1,2018Q1,2018Q1,same_quarter_last_week_features_to_same_quarter_last_week_fsfp,9,0,0.0,0.0,0.0,1.0,17,17,17,328,0
601928,201813,2018-03-26,13,2018Q1,1,2018Q1,201813,2018Q1,2,1,2015Q1-2017Q4,2018Q1,2018Q1,2018Q1,same_quarter_last_week_features_to_same_quarter_last_week_fsfp,9,0,0.0,0.0,0.0,1.0,17,17,17,329,0
601965,201813,2018-03-26,13,2018Q1,1,2018Q1,201813,2018Q1,2,1,2015Q1-2017Q4,2018Q1,2018Q1,2018Q1,same_quarter_last_week_features_to_same_quarter_last_week_fsfp,9,0,0.0,0.0,0.0,1.0,17,17,17,331,0
603000,201813,2018-03-26,13,2018Q1,1,2018Q1,201813,2018Q1,2,1,2015Q1-2017Q4,2018Q1,2018Q1,2018Q1,same_quarter_last_week_features_to_same_quarter_last_week_fsfp,9,0,0.0,0.0,0.0,1.0,17,17,17,334,0
603007,201813,2018-03-26,13,2018Q1,1,2018Q1,201813,2018Q1,2,1,2015Q1-2017Q4,2018Q1,2018Q1,2018Q1,same_quarter_last_week_features_to_same_quarter_last_week_fsfp,9,1,1.0,0.0,0.0,1.0,17,17,17,335,1
603016,201813,2018-03-26,13,2018Q1,1,2018Q1,201813,2018Q1,2,1,2015Q1-2017Q4,2018Q1,2018Q1,2018Q1,same_quarter_last_week_features_to_same_quarter_last_week_fsfp,9,0,0.0,0.0,0.0,1.0,17,17,17,337,0
603023,201813,2018-03-26,13,2018Q1,1,2018Q1,201813,2018Q1,2,1,2015Q1-2017Q4,2018Q1,2018Q1,2018Q1,same_quarter_last_week_features_to_same_quarter_last_week_fsfp,9,0,0.0,0.0,0.0,1.0,17,17,17,339,0
603027,201813,2018-03-26,13,2018Q1,1,2018Q1,201813,2018Q1,2,1,2015Q1-2017Q4,2018Q1,2018Q1,2018Q1,same_quarter_last_week_features_to_same_quarter_last_week_fsfp,9,0,0.0,0.0,0.0,1.0,17,17,17,340,0
603030,201813,2018-03-26,13,2018Q1,1,2018Q1,201813,2018Q1,2,1,2015Q1-2017Q4,2018Q1,2018Q1,2018Q1,same_quarter_last_week_features_to_same_quarter_last_week_fsfp,9,0,0.0,0.0,0.0,1.0,17,17,17,341,0
603040,201813,2018-03-26,13,2018Q1,1,2018Q1,201813,2018Q1,2,1,2015Q1-2017Q4,2018Q1,2018Q1,2018Q1,same_quarter_last_week_features_to_same_quarter_last_week_fsfp,9,0,0.0,0.0,0.0,1.0,17,17,17,342,0
603041,201813,2018-03-26,13,2018Q1,1,2018Q1,201813,2018Q1,2,1,2015Q1-2017Q4,2018Q1,2018Q1,2018Q1,same_quarter_last_week_features_to_same_quarter_last_week_fsfp,9,1,1.0,0.0,0.0,1.0,17,17,17,343,1
603058,201813,2018-03-26,13,2018Q1,1,2018Q1,201813,2018Q1,2,1,2015Q1-2017Q4,2018Q1,2018Q1,2018Q1,same_quarter_last_week_features_to_same_quarter_last_week_fsfp,9,1,1.0,0.0,0.0,1.0,17,17,17,344,1
603060,201813,2018-03-26,13,2018Q1,1,2018Q1,201813,2018Q1,2,1,2015Q1-2017Q4,2018Q1,2018Q1,2018Q1,same_quarter_last_week_features_to_same_quarter_last_week_fsfp,9,1,1.0,0.0,0.0,1.0,17,17,17,345,1
603066,201806,2018-02-05,6,2018Q1,1,2018Q1,201806,2018Q1,2,1,2015Q1-2017Q4,2018Q1,2018Q1,2018Q1,same_quarter_last_week_features_to_same_quarter_last_week_fsfp,9,1,1.0,0.0,0.0,1.0,17,17,17,346,1
603067,201813,2018-03-26,13,2018Q1,1,2018Q1,201813,2018Q1,2,1,2015Q1-2017Q4,2018Q1,2018Q1,2018Q1,same_quarter_last_week_features_to_same_quarter_last_week_fsfp,9,0,0.0,0.0,0.0,1.0,17,17,17,347,0
603069,201813,2018-03-26,13,2018Q1,1,2018Q1,201813,2018Q1,2,1,2015Q1-2017Q4,2018Q1,2018Q1,2018Q1,same_quarter_last_week_features_to_same_quarter_last_week_fsfp,9,0,0.0,0.0,0.0,1.0,17,17,17,348,0
603077,201813,2018-03-26,13,2018Q1,1,2018Q1,201813,2018Q1,2,1,2015Q1-2017Q4,2018Q1,2018Q1,2018Q1,same_quarter_last_week_features_to_same_quarter_last_week_fsfp,9,0,0.0,0.0,0.0,1.0,17,17,17,349,0
603078,201813,2018-03-26,13,2018Q1,1,2018Q1,201813,2018Q1,2,1,2015Q1-2017Q4,2018Q1,2018Q1,2018Q1,same_quarter_last_week_features_to_same_quarter_last_week_fsfp,9,1,1.0,0.0,0.0,1.0,17,17,17,350,1
603088,201813,2018-03-26,13,2018Q1,1,2018Q1,201813,2018Q1,2,1,2015Q1-2017Q4,2018Q1,2018Q1,2018Q1,same_quarter_last_week_features_to_same_quarter_last_week_fsfp,9,0,0.0,0.0,0.0,1.0,17,17,17,352,0
603089,201813,2018-03-26,13,2018Q1,1,2018Q1,201813,2018Q1,2,1,2015Q1-2017Q4,2018Q1,2018Q1,2018Q1,same_quarter_last_week_features_to_same_quarter_last_week_fsfp,9,0,0.0,0.0,0.0,1.0,17,17,17,353,0
603090,201813,2018-03-26,13,2018Q1,1,2018Q1,201813,2018Q1,2,1,2015Q1-2017Q4,2018Q1,2018Q1,2018Q1,same_quarter_last_week_features_to_same_quarter_last_week_fsfp,9,0,0.0,0.0,0.0,1.0,17,17,17,354,0
603099,201813,2018-03-26,13,2018Q1,1,2018Q1,201813,2018Q1,2,1,2015Q1-2017Q4,2018Q1,2018Q1,2018Q1,same_quarter_last_week_features_to_same_quarter_last_week_fsfp,9,0,0.0,0.0,0.0,1.0,17,17,17,356,0
603100,201813,2018-03-26,13,2018Q1,1,2018Q1,201813,2018Q1,2,1,2015Q1-2017Q4,2018Q1,2018Q1,2018Q1,same_quarter_last_week_features_to_same_quarter_last_week_fsfp,9,0,0.0,0.0,0.0,1.0,17,17,17,357,0
603101,201813,2018-03-26,13,2018Q1,1,2018Q1,201813,2018Q1,2,1,2015Q1-2017Q4,2018Q1,2018Q1,2018Q1,same_quarter_last_week_features_to_same_quarter_last_week_fsfp,9,0,0.0,0.0,0.0,1.0,17,17,17,358,0
603108,201813,2018-03-26,13,2018Q1,1,2018Q1,201813,2018Q1,2,1,2015Q1-2017Q4,2018Q1,2018Q1,2018Q1,same_quarter_last_week_features_to_same_quarter_last_week_fsfp,9,0,0.0,0.0,0.0,1.0,17,17,17,359,0
603111,201813,2018-03-26,13,2018Q1,1,2018Q1,201813,2018Q1,2,1,2015Q1-2017Q4,2018Q1,2018Q1,2018Q1,same_quarter_last_week_features_to_same_quarter_last_week_fsfp,9,0,0.0,0.0,0.0,1.0,17,17,17,360,0
603116,201813,2018-03-26,13,2018Q1,1,2018Q1,201813,2018Q1,2,1,2015Q1-2017Q4,2018Q1,2018Q1,2018Q1,same_quarter_last_week_features_to_same_quarter_last_week_fsfp,9,1,1.0,0.0,0.0,1.0,17,17,17,361,1
603117,201813,2018-03-26,13,2018Q1,1,2018Q1,201813,2018Q1,2,1,2015Q1-2017Q4,2018Q1,2018Q1,2018Q1,same_quarter_last_week_features_to_same_quarter_last_week_fsfp,9,0,0.0,0.0,0.0,1.0,17,17,17,362,0
603118,201813,2018-03-26,13,2018Q1,1,2018Q1,201813,2018Q1,2,1,2015Q1-2017Q4,2018Q1,2018Q1,2018Q1,same_quarter_last_week_features_to_same_quarter_last_week_fsfp,9,1,1.0,0.0,0.0,1.0,17,17,17,363,1
603123,201813,2018-03-26,13,2018Q1,1,2018Q1,201813,2018Q1,2,1,2015Q1-2017Q4,2018Q1,2018Q1,2018Q1,same_quarter_last_week_features_to_same_quarter_last_week_fsfp,9,2,2.0,0.0,0.0,1.0,17,17,17,364,2
603126,201813,2018-03-26,13,2018Q1,1,2018Q1,201813,2018Q1,2,1,2015Q1-2017Q4,2018Q1,2018Q1,2018Q1,same_quarter_last_week_features_to_same_quarter_last_week_fsfp,9,0,0.0,0.0,0.0,1.0,17,17,17,365,0
603128,201813,2018-03-26,13,2018Q1,1,2018Q1,201813,2018Q1,2,1,2015Q1-2017Q4,2018Q1,2018Q1,2018Q1,same_quarter_last_week_features_to_same_quarter_last_week_fsfp,9,0,0.0,0.0,0.0,1.0,17,17,17,366,0
603131,201813,2018-03-26,13,2018Q1,1,2018Q1,201813,2018Q1,2,1,2015Q1-2017Q4,2018Q1,2018Q1,2018Q1,same_quarter_last_week_features_to_same_quarter_last_week_fsfp,9,2,2.0,0.0,0.0,1.0,17,17,17,367,2
603138,201813,2018-03-26,13,2018Q1,1,2018Q1,201813,2018Q1,2,1,2015Q1-2017Q4,2018Q1,2018Q1,2018Q1,same_quarter_last_week_features_to_same_quarter_last_week_fsfp,9,0,0.0,0.0,0.0,1.0,17,17,17,368,0
603159,201813,2018-03-26,13,2018Q1,1,2018Q1,201813,2018Q1,2,1,2015Q1-2017Q4,2018Q1,2018Q1,2018Q1,same_quarter_last_week_features_to_same_quarter_last_week_fsfp,9,2,2.0,0.0,0.0,1.0,17,17,17,370,2
603165,201813,2018-03-26,13,2018Q1,1,2018Q1,201813,2018Q1,2,1,2015Q1-2017Q4,2018Q1,2018Q1,2018Q1,same_quarter_last_week_features_to_same_quarter_last_week_fsfp,9,1,1.0,0.0,0.0,1.0,17,17,17,372,1
603166,201813,2018-03-26,13,2018Q1,1,2018Q1,201813,2018Q1,2,1,2015Q1-2017Q4,2018Q1,2018Q1,2018Q1,same_quarter_last_week_features_to_same_quarter_last_week_fsfp,9,2,2.0,0.0,0.0,1.0,17,17,17,373,2
603167,201813,2018-03-26,13,2018Q1,1,2018Q1,201813,2018Q1,2,1,2015Q1-2017Q4,2018Q1,2018Q1,2018Q1,same_quarter_last_week_features_to_same_quarter_last_week_fsfp,9,1,1.0,0.0,0.0,1.0,17,17,17,374,1
603168,201813,2018-03-26,13,2018Q1,1,2018Q1,201813,2018Q1,2,1,2015Q1-2017Q4,2018Q1,2018Q1,2018Q1,same_quarter_last_week_features_to_same_quarter_last_week_fsfp,9,2,2.0,0.0,0.0,1.0,17,17,17,375,2
603169,201813,2018-03-26,13,2018Q1,1,2018Q1,201813,2018Q1,2,1,2015Q1-2017Q4,2018Q1,2018Q1,2018Q1,same_quarter_last_week_features_to_same_quarter_last_week_fsfp,9,1,1.0,0.0,0.0,1.0,17,17,17,376,1
603177,201813,2018-03-26,13,2018Q1,1,2018Q1,201813,2018Q1,2,1,2015Q1-2017Q4,2018Q1,2018Q1,2018Q1,same_quarter_last_week_features_to_same_quarter_last_week_fsfp,9,1,1.0,0.0,0.0,1.0,17,17,17,377,1
603178,201813,2018-03-26,13,2018Q1,1,2018Q1,201813,2018Q1,2,1,2015Q1-2017Q4,2018Q1,2018Q1,2018Q1,same_quarter_last_week_features_to_same_quarter_last_week_fsfp,9,2,2.0,0.0,0.0,1.0,17,17,17,378,2
603179,201813,2018-03-26,13,2018Q1,1,2018Q1,201813,2018Q1,2,1,2015Q1-2017Q4,2018Q1,2018Q1,2018Q1,same_quarter_last_week_features_to_same_quarter_last_week_fsfp,9,0,0.0,0.0,0.0,1.0,17,17,17,379,0
603186,201813,2018-03-26,13,2018Q1,1,2018Q1,201813,2018Q1,2,1,2015Q1-2017Q4,2018Q1,2018Q1,2018Q1,same_quarter_last_week_features_to_same_quarter_last_week_fsfp,9,1,1.0,0.0,0.0,1.0,17,17,17,380,1
603188,201813,2018-03-26,13,2018Q1,1,2018Q1,201813,2018Q1,2,1,2015Q1-2017Q4,2018Q1,2018Q1,2018Q1,same_quarter_last_week_features_to_same_quarter_last_week_fsfp,9,2,2.0,0.0,0.0,1.0,17,17,17,381,2
603189,201813,2018-03-26,13,2018Q1,1,2018Q1,201813,2018Q1,2,1,2015Q1-2017Q4,2018Q1,2018Q1,2018Q1,same_quarter_last_week_features_to_same_quarter_last_week_fsfp,9,1,1.0,0.0,0.0,1.0,17,17,17,382,1
603198,201813,2018-03-26,13,2018Q1,1,2018Q1,201813,2018Q1,2,1,2015Q1-2017Q4,2018Q1,2018Q1,2018Q1,same_quarter_last_week_features_to_same_quarter_last_week_fsfp,9,1,1.0,0.0,0.0,1.0,17,17,17,383,1
603199,201813,2018-03-26,13,2018Q1,1,2018Q1,201813,2018Q1,2,1,2015Q1-2017Q4,2018Q1,2018Q1,2018Q1,same_quarter_last_week_features_to_same_quarter_last_week_fsfp,9,0,0.0,0.0,0.0,1.0,17,17,17,384,0
603203,201813,2018-03-26,13,2018Q1,1,2018Q1,201813,2018Q1,2,1,2015Q1-2017Q4,2018Q1,2018Q1,2018Q1,same_quarter_last_week_features_to_same_quarter_last_week_fsfp,9,0,0.0,0.0,0.0,1.0,17,17,17,385,0
603208,201813,2018-03-26,13,2018Q1,1,2018Q1,201813,2018Q1,2,1,2015Q1-2017Q4,2018Q1,2018Q1,2018Q1,same_quarter_last_week_features_to_same_quarter_last_week_fsfp,9,1,1.0,0.0,0.0,1.0,17,17,17,386,1
603218,201813,2018-03-26,13,2018Q1,1,2018Q1,201813,2018Q1,2,1,2015Q1-2017Q4,2018Q1,2018Q1,2018Q1,same_quarter_last_week_features_to_same_quarter_last_week_fsfp,9,1,1.0,0.0,0.0,1.0,17,17,17,387,1
603222,201806,2018-02-05,6,2018Q1,1,2018Q1,201806,2018Q1,2,1,2015Q1-2017Q4,2018Q1,2018Q1,2018Q1,same_quarter_last_week_features_to_same_quarter_last_week_fsfp,9,0,0.0,0.0,0.0,1.0,17,17,17,388,0
603227,201813,2018-03-26,13,2018Q1,1,2018Q1,201813,2018Q1,2,1,2015Q1-2017Q4,2018Q1,2018Q1,2018Q1,same_quarter_last_week_features_to_same_quarter_last_week_fsfp,9,1,1.0,0.0,0.0,1.0,17,17,17,390,1
603228,201813,2018-03-26,13,2018Q1,1,2018Q1,201813,2018Q1,2,1,2015Q1-2017Q4,2018Q1,2018Q1,2018Q1,same_quarter_last_week_features_to_same_quarter_last_week_fsfp,9,0,0.0,0.0,0.0,1.0,17,17,17,391,0
603258,201813,2018-03-26,13,2018Q1,1,2018Q1,201813,2018Q1,2,1,2015Q1-2017Q4,2018Q1,2018Q1,2018Q1,same_quarter_last_week_features_to_same_quarter_last_week_fsfp,9,0,0.0,0.0,0.0,1.0,17,17,17,393,0
603266,201813,2018-03-26,13,2018Q1,1,2018Q1,201813,2018Q1,2,1,2015Q1-2017Q4,2018Q1,2018Q1,2018Q1,same_quarter_last_week_features_to_same_quarter_last_week_fsfp,9,0,0.0,0.0,0.0,1.0,17,17,17,394,0
603268,201813,2018-03-26,13,2018Q1,1,2018Q1,201813,2018Q1,2,1,2015Q1-2017Q4,2018Q1,2018Q1,2018Q1,same_quarter_last_week_features_to_same_quarter_last_week_fsfp,9,0,0.0,0.0,0.0,1.0,17,17,17,395,0
603288,201813,2018-03-26,13,2018Q1,1,2018Q1,201813,2018Q1,2,1,2015Q1-2017Q4,2018Q1,2018Q1,2018Q1,same_quarter_last_week_features_to_same_quarter_last_week_fsfp,9,0,0.0,0.0,0.0,1.0,17,17,17,396,0
603298,201813,2018-03-26,13,2018Q1,1,2018Q1,201813,2018Q1,2,1,2015Q1-2017Q4,2018Q1,2018Q1,2018Q1,same_quarter_last_week_features_to_same_quarter_last_week_fsfp,9,0,0.0,0.0,0.0,1.0,17,17,17,397,0
603299,201813,2018-03-26,13,2018Q1,1,2018Q1,201813,2018Q1,2,1,2015Q1-2017Q4,2018Q1,2018Q1,2018Q1,same_quarter_last_week_features_to_same_quarter_last_week_fsfp,9,0,0.0,0.0,0.0,1.0,17,17,17,398,0
603300,201813,2018-03-26,13,2018Q1,1,2018Q1,201813,2018Q1,2,1,2015Q1-2017Q4,2018Q1,2018Q1,2018Q1,same_quarter_last_week_features_to_same_quarter_last_week_fsfp,9,0,0.0,0.0,0.0,1.0,17,17,17,399,0
603303,201813,2018-03-26,13,2018Q1,1,2018Q1,201813,2018Q1,2,1,2015Q1-2017Q4,2018Q1,2018Q1,2018Q1,same_quarter_last_week_features_to_same_quarter_last_week_fsfp,9,1,1.0,0.0,0.0,1.0,17,17,17,400,1
603306,201813,2018-03-26,13,2018Q1,1,2018Q1,201813,2018Q1,2,1,2015Q1-2017Q4,2018Q1,2018Q1,2018Q1,same_quarter_last_week_features_to_same_quarter_last_week_fsfp,9,0,0.0,0.0,0.0,1.0,17,17,17,401,0
603308,201813,2018-03-26,13,2018Q1,1,2018Q1,201813,2018Q1,2,1,2015Q1-2017Q4,2018Q1,2018Q1,2018Q1,same_quarter_last_week_features_to_same_quarter_last_week_fsfp,9,1,1.0,0.0,0.0,1.0,17,17,17,402,1
603309,201802,2018-01-08,2,2018Q1,1,2018Q1,201802,2018Q1,2,1,2015Q1-2017Q4,2018Q1,2018Q1,2018Q1,same_quarter_last_week_features_to_same_quarter_last_week_fsfp,9,0,0.0,0.0,0.0,1.0,17,17,17,403,0
603311,201813,2018-03-26,13,2018Q1,1,2018Q1,201813,2018Q1,2,1,2015Q1-2017Q4,2018Q1,2018Q1,2018Q1,same_quarter_last_week_features_to_same_quarter_last_week_fsfp,9,0,0.0,0.0,0.0,1.0,17,17,17,404,0
603313,201813,2018-03-26,13,2018Q1,1,2018Q1,201813,2018Q1,2,1,2015Q1-2017Q4,2018Q1,2018Q1,2018Q1,same_quarter_last_week_features_to_same_quarter_last_week_fsfp,9,2,2.0,0.0,0.0,1.0,17,17,17,405,2
603315,201813,2018-03-26,13,2018Q1,1,2018Q1,201813,2018Q1,2,1,2015Q1-2017Q4,2018Q1,2018Q1,2018Q1,same_quarter_last_week_features_to_same_quarter_last_week_fsfp,9,2,2.0,0.0,0.0,1.0,17,17,17,406,2
603318,201805,2018-01-29,5,2018Q1,1,2018Q1,201805,2018Q1,2,1,2015Q1-2017Q4,2018Q1,2018Q1,2018Q1,same_quarter_last_week_features_to_same_quarter_last_week_fsfp,9,0,0.0,0.0,0.0,1.0,17,17,17,407,0
603319,201813,2018-03-26,13,2018Q1,1,2018Q1,201813,2018Q1,2,1,2015Q1-2017Q4,2018Q1,2018Q1,2018Q1,same_quarter_last_week_features_to_same_quarter_last_week_fsfp,9,0,0.0,0.0,0.0,1.0,17,17,17,408,0
603322,201813,2018-03-26,13,2018Q1,1,2018Q1,201813,2018Q1,2,1,2015Q1-2017Q4,2018Q1,2018Q1,2018Q1,same_quarter_last_week_features_to_same_quarter_last_week_fsfp,9,1,1.0,0.0,0.0,1.0,17,17,17,409,1
603323,201813,2018-03-26,13,2018Q1,1,2018Q1,201813,2018Q1,2,1,2015Q1-2017Q4,2018Q1,2018Q1,2018Q1,same_quarter_last_week_features_to_same_quarter_last_week_fsfp,9,1,1.0,0.0,0.0,1.0,17,17,17,410,1
603328,201813,2018-03-26,13,2018Q1,1,2018Q1,201813,2018Q1,2,1,2015Q1-2017Q4,2018Q1,2018Q1,2018Q1,same_quarter_last_week_features_to_same_quarter_last_week_fsfp,9,0,0.0,0.0,0.0,1.0,17,17,17,411,0
603330,201813,2018-03-26,13,2018Q1,1,2018Q1,201813,2018Q1,2,1,2015Q1-2017Q4,2018Q1,2018Q1,2018Q1,same_quarter_last_week_features_to_same_quarter_last_week_fsfp,9,0,0.0,0.0,0.0,1.0,17,17,17,412,0
603336,201813,2018-03-26,13,2018Q1,1,2018Q1,201813,2018Q1,2,1,2015Q1-2017Q4,2018Q1,2018Q1,2018Q1,same_quarter_last_week_features_to_same_quarter_last_week_fsfp,9,1,1.0,0.0,0.0,1.0,17,17,17,414,1
603339,201813,2018-03-26,13,2018Q1,1,2018Q1,201813,2018Q1,2,1,2015Q1-2017Q4,2018Q1,2018Q1,2018Q1,same_quarter_last_week_features_to_same_quarter_last_week_fsfp,9,1,1.0,0.0,0.0,1.0,17,17,17,417,1
603355,201813,2018-03-26,13,2018Q1,1,2018Q1,201813,2018Q1,2,1,2015Q1-2017Q4,2018Q1,2018Q1,2018Q1,same_quarter_last_week_features_to_same_quarter_last_week_fsfp,9,1,1.0,0.0,0.0,1.0,17,17,17,418,1
603358,201813,2018-03-26,13,2018Q1,1,2018Q1,201813,2018Q1,2,1,2015Q1-2017Q4,2018Q1,2018Q1,2018Q1,same_quarter_last_week_features_to_same_quarter_last_week_fsfp,9,1,1.0,0.0,0.0,1.0,17,17,17,419,1
603360,201813,2018-03-26,13,2018Q1,1,2018Q1,201813,2018Q1,2,1,2015Q1-2017Q4,2018Q1,2018Q1,2018Q1,same_quarter_last_week_features_to_same_quarter_last_week_fsfp,9,0,0.0,0.0,0.0,1.0,17,17,17,420,0
603366,201813,2018-03-26,13,2018Q1,1,2018Q1,201813,2018Q1,2,1,2015Q1-2017Q4,2018Q1,2018Q1,2018Q1,same_quarter_last_week_features_to_same_quarter_last_week_fsfp,9,1,1.0,0.0,0.0,1.0,17,17,17,421,1
603368,201813,2018-03-26,13,2018Q1,1,2018Q1,201813,2018Q1,2,1,2015Q1-2017Q4,2018Q1,2018Q1,2018Q1,same_quarter_last_week_features_to_same_quarter_last_week_fsfp,9,0,0.0,0.0,0.0,1.0,17,17,17,422,0
603369,201813,2018-03-26,13,2018Q1,1,2018Q1,201813,2018Q1,2,1,2015Q1-2017Q4,2018Q1,2018Q1,2018Q1,same_quarter_last_week_features_to_same_quarter_last_week_fsfp,9,0,0.0,0.0,0.0,1.0,17,17,17,423,0
603377,201813,2018-03-26,13,2018Q1,1,2018Q1,201813,2018Q1,2,1,2015Q1-2017Q4,2018Q1,2018Q1,2018Q1,same_quarter_last_week_features_to_same_quarter_last_week_fsfp,9,0,0.0,0.0,0.0,1.0,17,17,17,424,0
603385,201813,2018-03-26,13,2018Q1,1,2018Q1,201813,2018Q1,2,1,2015Q1-2017Q4,2018Q1,2018Q1,2018Q1,same_quarter_last_week_features_to_same_quarter_last_week_fsfp,9,1,1.0,0.0,0.0,1.0,17,17,17,425,1
603388,201813,2018-03-26,13,2018Q1,1,2018Q1,201813,2018Q1,2,1,2015Q1-2017Q4,2018Q1,2018Q1,2018Q1,same_quarter_last_week_features_to_same_quarter_last_week_fsfp,9,2,2.0,0.0,0.0,1.0,17,17,17,426,2
603393,201808,2018-02-19,8,2018Q1,1,2018Q1,201808,2018Q1,2,1,2015Q1-2017Q4,2018Q1,2018Q1,2018Q1,same_quarter_last_week_features_to_same_quarter_last_week_fsfp,9,1,1.0,0.0,0.0,1.0,17,17,17,428,1
603398,201805,2018-01-29,5,2018Q1,1,2018Q1,201805,2018Q1,2,1,2015Q1-2017Q4,2018Q1,2018Q1,2018Q1,same_quarter_last_week_features_to_same_quarter_last_week_fsfp,9,0,0.0,0.0,0.0,1.0,17,17,17,429,0
603399,201813,2018-03-26,13,2018Q1,1,2018Q1,201813,2018Q1,2,1,2015Q1-2017Q4,2018Q1,2018Q1,2018Q1,same_quarter_last_week_features_to_same_quarter_last_week_fsfp,9,0,0.0,0.0,0.0,1.0,17,17,17,430,0
603416,201813,2018-03-26,13,2018Q1,1,2018Q1,201813,2018Q1,2,1,2015Q1-2017Q4,2018Q1,2018Q1,2018Q1,same_quarter_last_week_features_to_same_quarter_last_week_fsfp,9,0,0.0,0.0,0.0,1.0,17,17,17,431,0
603421,201813,2018-03-26,13,2018Q1,1,2018Q1,201813,2018Q1,2,1,2015Q1-2017Q4,2018Q1,2018Q1,2018Q1,same_quarter_last_week_features_to_same_quarter_last_week_fsfp,9,2,2.0,0.0,0.0,1.0,17,17,17,432,2
603444,201813,2018-03-26,13,2018Q1,1,2018Q1,201813,2018Q1,2,1,2015Q1-2017Q4,2018Q1,2018Q1,2018Q1,same_quarter_last_week_features_to_same_quarter_last_week_fsfp,9,2,2.0,0.0,0.0,1.0,17,17,17,433,2
603508,201809,2018-02-26,9,2018Q1,1,2018Q1,201809,2018Q1,2,1,2015Q1-2017Q4,2018Q1,2018Q1,2018Q1,same_quarter_last_week_features_to_same_quarter_last_week_fsfp,9,1,1.0,0.0,0.0,1.0,17,17,17,435,1
603515,201813,2018-03-26,13,2018Q1,1,2018Q1,201813,2018Q1,2,1,2015Q1-2017Q4,2018Q1,2018Q1,2018Q1,same_quarter_last_week_features_to_same_quarter_last_week_fsfp,9,0,0.0,0.0,0.0,1.0,17,17,17,436,0
603517,201813,2018-03-26,13,2018Q1,1,2018Q1,201813,2018Q1,2,1,2015Q1-2017Q4,2018Q1,2018Q1,2018Q1,same_quarter_last_week_features_to_same_quarter_last_week_fsfp,9,1,1.0,0.0,0.0,1.0,17,17,17,437,1
603518,201813,2018-03-26,13,2018Q1,1,2018Q1,201813,2018Q1,2,1,2015Q1-2017Q4,2018Q1,2018Q1,2018Q1,same_quarter_last_week_features_to_same_quarter_last_week_fsfp,9,0,0.0,0.0,0.0,1.0,17,17,17,438,0
603519,201813,2018-03-26,13,2018Q1,1,2018Q1,201813,2018Q1,2,1,2015Q1-2017Q4,2018Q1,2018Q1,2018Q1,same_quarter_last_week_features_to_same_quarter_last_week_fsfp,9,0,0.0,0.0,0.0,1.0,17,17,17,439,0
603528,201813,2018-03-26,13,2018Q1,1,2018Q1,201813,2018Q1,2,1,2015Q1-2017Q4,2018Q1,2018Q1,2018Q1,same_quarter_last_week_features_to_same_quarter_last_week_fsfp,9,1,1.0,0.0,0.0,1.0,17,17,17,440,1
603556,201813,2018-03-26,13,2018Q1,1,2018Q1,201813,2018Q1,2,1,2015Q1-2017Q4,2018Q1,2018Q1,2018Q1,same_quarter_last_week_features_to_same_quarter_last_week_fsfp,9,0,0.0,0.0,0.0,1.0,17,17,17,441,0
603558,201813,2018-03-26,13,2018Q1,1,2018Q1,201813,2018Q1,2,1,2015Q1-2017Q4,2018Q1,2018Q1,2018Q1,same_quarter_last_week_features_to_same_quarter_last_week_fsfp,9,0,0.0,0.0,0.0,1.0,17,17,17,442,0
603559,201813,2018-03-26,13,2018Q1,1,2018Q1,201813,2018Q1,2,1,2015Q1-2017Q4,2018Q1,2018Q1,2018Q1,same_quarter_last_week_features_to_same_quarter_last_week_fsfp,9,0,0.0,0.0,0.0,1.0,17,17,17,443,0
603566,201813,2018-03-26,13,2018Q1,1,2018Q1,201813,2018Q1,2,1,2015Q1-2017Q4,2018Q1,2018Q1,2018Q1,same_quarter_last_week_features_to_same_quarter_last_week_fsfp,9,0,0.0,0.0,0.0,1.0,17,17,17,444,0
603567,201813,2018-03-26,13,2018Q1,1,2018Q1,201813,2018Q1,2,1,2015Q1-2017Q4,2018Q1,2018Q1,2018Q1,same_quarter_last_week_features_to_same_quarter_last_week_fsfp,9,1,1.0,0.0,0.0,1.0,17,17,17,445,1
603568,201813,2018-03-26,13,2018Q1,1,2018Q1,201813,2018Q1,2,1,2015Q1-2017Q4,2018Q1,2018Q1,2018Q1,same_quarter_last_week_features_to_same_quarter_last_week_fsfp,9,0,0.0,0.0,0.0,1.0,17,17,17,446,0
603569,201813,2018-03-26,13,2018Q1,1,2018Q1,201813,2018Q1,2,1,2015Q1-2017Q4,2018Q1,2018Q1,2018Q1,same_quarter_last_week_features_to_same_quarter_last_week_fsfp,9,1,1.0,0.0,0.0,1.0,17,17,17,447,1
603577,201813,2018-03-26,13,2018Q1,1,2018Q1,201813,2018Q1,2,1,2015Q1-2017Q4,2018Q1,2018Q1,2018Q1,same_quarter_last_week_features_to_same_quarter_last_week_fsfp,9,0,0.0,0.0,0.0,1.0,17,17,17,448,0
603578,201813,2018-03-26,13,2018Q1,1,2018Q1,201813,2018Q1,2,1,2015Q1-2017Q4,2018Q1,2018Q1,2018Q1,same_quarter_last_week_features_to_same_quarter_last_week_fsfp,9,0,0.0,0.0,0.0,1.0,17,17,17,449,0
603579,201813,2018-03-26,13,2018Q1,1,2018Q1,201813,2018Q1,2,1,2015Q1-2017Q4,2018Q1,2018Q1,2018Q1,same_quarter_last_week_features_to_same_quarter_last_week_fsfp,9,1,1.0,0.0,0.0,1.0,17,17,17,450,1
603585,201813,2018-03-26,13,2018Q1,1,2018Q1,201813,2018Q1,2,1,2015Q1-2017Q4,2018Q1,2018Q1,2018Q1,same_quarter_last_week_features_to_same_quarter_last_week_fsfp,9,1,1.0,0.0,0.0,1.0,17,17,17,451,1
603586,201813,2018-03-26,13,2018Q1,1,2018Q1,201813,2018Q1,2,1,2015Q1-2017Q4,2018Q1,2018Q1,2018Q1,same_quarter_last_week_features_to_same_quarter_last_week_fsfp,9,2,2.0,0.0,0.0,1.0,17,17,17,452,2
603598,201813,2018-03-26,13,2018Q1,1,2018Q1,201813,2018Q1,2,1,2015Q1-2017Q4,2018Q1,2018Q1,2018Q1,same_quarter_last_week_features_to_same_quarter_last_week_fsfp,9,1,1.0,0.0,0.0,1.0,17,17,17,455,1
603599,201813,2018-03-26,13,2018Q1,1,2018Q1,201813,2018Q1,2,1,2015Q1-2017Q4,2018Q1,2018Q1,2018Q1,same_quarter_last_week_features_to_same_quarter_last_week_fsfp,9,1,1.0,0.0,0.0,1.0,17,17,17,456,1
603606,201813,2018-03-26,13,2018Q1,1,2018Q1,201813,2018Q1,2,1,2015Q1-2017Q4,2018Q1,2018Q1,2018Q1,same_quarter_last_week_features_to_same_quarter_last_week_fsfp,9,0,0.0,0.0,0.0,1.0,17,17,17,459,0
603608,201813,2018-03-26,13,2018Q1,1,2018Q1,201813,2018Q1,2,1,2015Q1-2017Q4,2018Q1,2018Q1,2018Q1,same_quarter_last_week_features_to_same_quarter_last_week_fsfp,9,1,1.0,0.0,0.0,1.0,17,17,17,460,1
603609,201813,2018-03-26,13,2018Q1,1,2018Q1,201813,2018Q1,2,1,2015Q1-2017Q4,2018Q1,2018Q1,2018Q1,same_quarter_last_week_features_to_same_quarter_last_week_fsfp,9,0,0.0,0.0,0.0,1.0,17,17,17,461,0
603611,201813,2018-03-26,13,2018Q1,1,2018Q1,201813,2018Q1,2,1,2015Q1-2017Q4,2018Q1,2018Q1,2018Q1,same_quarter_last_week_features_to_same_quarter_last_week_fsfp,9,1,1.0,0.0,0.0,1.0,17,17,17,462,1
603615,201813,2018-03-26,13,2018Q1,1,2018Q1,201813,2018Q1,2,1,2015Q1-2017Q4,2018Q1,2018Q1,2018Q1,same_quarter_last_week_features_to_same_quarter_last_week_fsfp,9,1,1.0,0.0,0.0,1.0,17,17,17,463,1
603616,201813,2018-03-26,13,2018Q1,1,2018Q1,201813,2018Q1,2,1,2015Q1-2017Q4,2018Q1,2018Q1,2018Q1,same_quarter_last_week_features_to_same_quarter_last_week_fsfp,9,1,1.0,0.0,0.0,1.0,17,17,17,464,1
603618,201813,2018-03-26,13,2018Q1,1,2018Q1,201813,2018Q1,2,1,2015Q1-2017Q4,2018Q1,2018Q1,2018Q1,same_quarter_last_week_features_to_same_quarter_last_week_fsfp,9,2,2.0,0.0,0.0,1.0,17,17,17,465,2
603626,201813,2018-03-26,13,2018Q1,1,2018Q1,201813,2018Q1,2,1,2015Q1-2017Q4,2018Q1,2018Q1,2018Q1,same_quarter_last_week_features_to_same_quarter_last_week_fsfp,9,1,1.0,0.0,0.0,1.0,17,17,17,466,1
603628,201813,2018-03-26,13,2018Q1,1,2018Q1,201813,2018Q1,2,1,2015Q1-2017Q4,2018Q1,2018Q1,2018Q1,same_quarter_last_week_features_to_same_quarter_last_week_fsfp,9,2,2.0,0.0,0.0,1.0,17,17,17,467,2
603630,201813,2018-03-26,13,2018Q1,1,2018Q1,201813,2018Q1,2,1,2015Q1-2017Q4,2018Q1,2018Q1,2018Q1,same_quarter_last_week_features_to_same_quarter_last_week_fsfp,9,1,1.0,0.0,0.0,1.0,17,17,17,468,1
603633,201813,2018-03-26,13,2018Q1,1,2018Q1,201813,2018Q1,2,1,2015Q1-2017Q4,2018Q1,2018Q1,2018Q1,same_quarter_last_week_features_to_same_quarter_last_week_fsfp,9,0,0.0,0.0,0.0,1.0,17,17,17,469,0
603637,201813,2018-03-26,13,2018Q1,1,2018Q1,201813,2018Q1,2,1,2015Q1-2017Q4,2018Q1,2018Q1,2018Q1,same_quarter_last_week_features_to_same_quarter_last_week_fsfp,9,1,1.0,0.0,0.0,1.0,17,17,17,471,1
603638,201813,2018-03-26,13,2018Q1,1,2018Q1,201813,2018Q1,2,1,2015Q1-2017Q4,2018Q1,2018Q1,2018Q1,same_quarter_last_week_features_to_same_quarter_last_week_fsfp,9,1,1.0,0.0,0.0,1.0,17,17,17,472,1
603656,201813,2018-03-26,13,2018Q1,1,2018Q1,201813,2018Q1,2,1,2015Q1-2017Q4,2018Q1,2018Q1,2018Q1,same_quarter_last_week_features_to_same_quarter_last_week_fsfp,9,0,0.0,0.0,0.0,1.0,17,17,17,474,0
603658,201813,2018-03-26,13,2018Q1,1,2018Q1,201813,2018Q1,2,1,2015Q1-2017Q4,2018Q1,2018Q1,2018Q1,same_quarter_last_week_features_to_same_quarter_last_week_fsfp,9,0,0.0,0.0,0.0,1.0,17,17,17,475,0
603660,201813,2018-03-26,13,2018Q1,1,2018Q1,201813,2018Q1,2,1,2015Q1-2017Q4,2018Q1,2018Q1,2018Q1,same_quarter_last_week_features_to_same_quarter_last_week_fsfp,9,1,1.0,0.0,0.0,1.0,17,17,17,476,1
603663,201813,2018-03-26,13,2018Q1,1,2018Q1,201813,2018Q1,2,1,2015Q1-2017Q4,2018Q1,2018Q1,2018Q1,same_quarter_last_week_features_to_same_quarter_last_week_fsfp,9,0,0.0,0.0,0.0,1.0,17,17,17,477,0
603667,201803,2018-01-15,3,2018Q1,1,2018Q1,201803,2018Q1,2,1,2015Q1-2017Q4,2018Q1,2018Q1,2018Q1,same_quarter_last_week_features_to_same_quarter_last_week_fsfp,9,1,1.0,0.0,0.0,1.0,17,17,17,479,1
603668,201813,2018-03-26,13,2018Q1,1,2018Q1,201813,2018Q1,2,1,2015Q1-2017Q4,2018Q1,2018Q1,2018Q1,same_quarter_last_week_features_to_same_quarter_last_week_fsfp,9,0,0.0,0.0,0.0,1.0,17,17,17,480,0
603669,201813,2018-03-26,13,2018Q1,1,2018Q1,201813,2018Q1,2,1,2015Q1-2017Q4,2018Q1,2018Q1,2018Q1,same_quarter_last_week_features_to_same_quarter_last_week_fsfp,9,0,0.0,0.0,0.0,1.0,17,17,17,481,0
603677,201813,2018-03-26,13,2018Q1,1,2018Q1,201813,2018Q1,2,1,2015Q1-2017Q4,2018Q1,2018Q1,2018Q1,same_quarter_last_week_features_to_same_quarter_last_week_fsfp,9,0,0.0,0.0,0.0,1.0,17,17,17,482,0
603678,201813,2018-03-26,13,2018Q1,1,2018Q1,201813,2018Q1,2,1,2015Q1-2017Q4,2018Q1,2018Q1,2018Q1,same_quarter_last_week_features_to_same_quarter_last_week_fsfp,9,0,0.0,0.0,0.0,1.0,17,17,17,483,0
603688,201813,2018-03-26,13,2018Q1,1,2018Q1,201813,2018Q1,2,1,2015Q1-2017Q4,2018Q1,2018Q1,2018Q1,same_quarter_last_week_features_to_same_quarter_last_week_fsfp,9,0,0.0,0.0,0.0,1.0,17,17,17,485,0
603689,201813,2018-03-26,13,2018Q1,1,2018Q1,201813,2018Q1,2,1,2015Q1-2017Q4,2018Q1,2018Q1,2018Q1,same_quarter_last_week_features_to_same_quarter_last_week_fsfp,9,0,0.0,0.0,0.0,1.0,17,17,17,486,0
603690,201810,2018-03-05,10,2018Q1,1,2018Q1,201810,2018Q1,2,1,2015Q1-2017Q4,2018Q1,2018Q1,2018Q1,same_quarter_last_week_features_to_same_quarter_last_week_fsfp,9,0,0.0,0.0,0.0,1.0,17,17,17,487,0
603696,201806,2018-02-05,6,2018Q1,1,2018Q1,201806,2018Q1,2,1,2015Q1-2017Q4,2018Q1,2018Q1,2018Q1,same_quarter_last_week_features_to_same_quarter_last_week_fsfp,9,0,0.0,0.0,0.0,1.0,17,17,17,488,0
603698,201813,2018-03-26,13,2018Q1,1,2018Q1,201813,2018Q1,2,1,2015Q1-2017Q4,2018Q1,2018Q1,2018Q1,same_quarter_last_week_features_to_same_quarter_last_week_fsfp,9,0,0.0,0.0,0.0,1.0,17,17,17,489,0
603699,201813,2018-03-26,13,2018Q1,1,2018Q1,201813,2018Q1,2,1,2015Q1-2017Q4,2018Q1,2018Q1,2018Q1,same_quarter_last_week_features_to_same_quarter_last_week_fsfp,9,1,1.0,0.0,0.0,1.0,17,17,17,490,1
603701,201813,2018-03-26,13,2018Q1,1,2018Q1,201813,2018Q1,2,1,2015Q1-2017Q4,2018Q1,2018Q1,2018Q1,same_quarter_last_week_features_to_same_quarter_last_week_fsfp,9,0,0.0,0.0,0.0,1.0,17,17,17,491,0
603703,201813,2018-03-26,13,2018Q1,1,2018Q1,201813,2018Q1,2,1,2015Q1-2017Q4,2018Q1,2018Q1,2018Q1,same_quarter_last_week_features_to_same_quarter_last_week_fsfp,9,2,2.0,0.0,0.0,1.0,17,17,17,492,2
603708,201813,2018-03-26,13,2018Q1,1,2018Q1,201813,2018Q1,2,1,2015Q1-2017Q4,2018Q1,2018Q1,2018Q1,same_quarter_last_week_features_to_same_quarter_last_week_fsfp,9,1,1.0,0.0,0.0,1.0,17,17,17,493,1
603716,201813,2018-03-26,13,2018Q1,1,2018Q1,201813,2018Q1,2,1,2015Q1-2017Q4,2018Q1,2018Q1,2018Q1,same_quarter_last_week_features_to_same_quarter_last_week_fsfp,9,0,0.0,0.0,0.0,1.0,17,17,17,494,0
603717,201813,2018-03-26,13,2018Q1,1,2018Q1,201813,2018Q1,2,1,2015Q1-2017Q4,2018Q1,2018Q1,2018Q1,same_quarter_last_week_features_to_same_quarter_last_week_fsfp,9,0,0.0,0.0,0.0,1.0,17,17,17,495,0
603718,201805,2018-01-29,5,2018Q1,1,2018Q1,201805,2018Q1,2,1,2015Q1-2017Q4,2018Q1,2018Q1,2018Q1,same_quarter_last_week_features_to_same_quarter_last_week_fsfp,9,2,2.0,0.0,0.0,1.0,17,17,17,496,2
603726,201813,2018-03-26,13,2018Q1,1,2018Q1,201813,2018Q1,2,1,2015Q1-2017Q4,2018Q1,2018Q1,2018Q1,same_quarter_last_week_features_to_same_quarter_last_week_fsfp,9,0,0.0,0.0,0.0,1.0,17,17,17,497,0
603727,201813,2018-03-26,13,2018Q1,1,2018Q1,201813,2018Q1,2,1,2015Q1-2017Q4,2018Q1,2018Q1,2018Q1,same_quarter_last_week_features_to_same_quarter_last_week_fsfp,9,1,1.0,0.0,0.0,1.0,17,17,17,498,1
603729,201813,2018-03-26,13,2018Q1,1,2018Q1,201813,2018Q1,2,1,2015Q1-2017Q4,2018Q1,2018Q1,2018Q1,same_quarter_last_week_features_to_same_quarter_last_week_fsfp,9,0,0.0,0.0,0.0,1.0,17,17,17,499,0
603737,201813,2018-03-26,13,2018Q1,1,2018Q1,201813,2018Q1,2,1,2015Q1-2017Q4,2018Q1,2018Q1,2018Q1,same_quarter_last_week_features_to_same_quarter_last_week_fsfp,9,0,0.0,0.0,0.0,1.0,17,17,17,500,0
603768,201813,2018-03-26,13,2018Q1,1,2018Q1,201813,2018Q1,2,1,2015Q1-2017Q4,2018Q1,2018Q1,2018Q1,same_quarter_last_week_features_to_same_quarter_last_week_fsfp,9,2,2.0,0.0,0.0,1.0,17,17,17,503,2
603777,201813,2018-03-26,13,2018Q1,1,2018Q1,201813,2018Q1,2,1,2015Q1-2017Q4,2018Q1,2018Q1,2018Q1,same_quarter_last_week_features_to_same_quarter_last_week_fsfp,9,0,0.0,0.0,0.0,1.0,17,17,17,504,0
603778,201813,2018-03-26,13,2018Q1,1,2018Q1,201813,2018Q1,2,1,2015Q1-2017Q4,2018Q1,2018Q1,2018Q1,same_quarter_last_week_features_to_same_quarter_last_week_fsfp,9,0,0.0,0.0,0.0,1.0,17,17,17,505,0
603779,201813,2018-03-26,13,2018Q1,1,2018Q1,201813,2018Q1,2,1,2015Q1-2017Q4,2018Q1,2018Q1,2018Q1,same_quarter_last_week_features_to_same_quarter_last_week_fsfp,9,1,1.0,0.0,0.0,1.0,17,17,17,506,1
603788,201813,2018-03-26,13,2018Q1,1,2018Q1,201813,2018Q1,2,1,2015Q1-2017Q4,2018Q1,2018Q1,2018Q1,same_quarter_last_week_features_to_same_quarter_last_week_fsfp,9,1,1.0,0.0,0.0,1.0,17,17,17,507,1
603789,201813,2018-03-26,13,2018Q1,1,2018Q1,201813,2018Q1,2,1,2015Q1-2017Q4,2018Q1,2018Q1,2018Q1,same_quarter_last_week_features_to_same_quarter_last_week_fsfp,9,0,0.0,0.0,0.0,1.0,17,17,17,508,0
603798,201813,2018-03-26,13,2018Q1,1,2018Q1,201813,2018Q1,2,1,2015Q1-2017Q4,2018Q1,2018Q1,2018Q1,same_quarter_last_week_features_to_same_quarter_last_week_fsfp,9,0,0.0,0.0,0.0,1.0,17,17,17,509,0
603799,201813,2018-03-26,13,2018Q1,1,2018Q1,201813,2018Q1,2,1,2015Q1-2017Q4,2018Q1,2018Q1,2018Q1,same_quarter_last_week_features_to_same_quarter_last_week_fsfp,9,0,0.0,0.0,0.0,1.0,17,17,17,510,0
603800,201813,2018-03-26,13,2018Q1,1,2018Q1,201813,2018Q1,2,1,2015Q1-2017Q4,2018Q1,2018Q1,2018Q1,same_quarter_last_week_features_to_same_quarter_last_week_fsfp,9,0,0.0,0.0,0.0,1.0,17,17,17,511,0
603808,201813,2018-03-26,13,2018Q1,1,2018Q1,201813,2018Q1,2,1,2015Q1-2017Q4,2018Q1,2018Q1,2018Q1,same_quarter_last_week_features_to_same_quarter_last_week_fsfp,9,1,1.0,0.0,0.0,1.0,17,17,17,513,1
603811,201813,2018-03-26,13,2018Q1,1,2018Q1,201813,2018Q1,2,1,2015Q1-2017Q4,2018Q1,2018Q1,2018Q1,same_quarter_last_week_features_to_same_quarter_last_week_fsfp,9,2,2.0,0.0,0.0,1.0,17,17,17,514,2
603816,201813,2018-03-26,13,2018Q1,1,2018Q1,201813,2018Q1,2,1,2015Q1-2017Q4,2018Q1,2018Q1,2018Q1,same_quarter_last_week_features_to_same_quarter_last_week_fsfp,9,0,0.0,0.0,0.0,1.0,17,17,17,515,0
603817,201813,2018-03-26,13,2018Q1,1,2018Q1,201813,2018Q1,2,1,2015Q1-2017Q4,2018Q1,2018Q1,2018Q1,same_quarter_last_week_features_to_same_quarter_last_week_fsfp,9,0,0.0,0.0,0.0,1.0,17,17,17,516,0
603819,201813,2018-03-26,13,2018Q1,1,2018Q1,201813,2018Q1,2,1,2015Q1-2017Q4,2018Q1,2018Q1,2018Q1,same_quarter_last_week_features_to_same_quarter_last_week_fsfp,9,1,1.0,0.0,0.0,1.0,17,17,17,518,1
603823,201813,2018-03-26,13,2018Q1,1,2018Q1,201813,2018Q1,2,1,2015Q1-2017Q4,2018Q1,2018Q1,2018Q1,same_quarter_last_week_features_to_same_quarter_last_week_fsfp,9,0,0.0,0.0,0.0,1.0,17,17,17,520,0
603833,201813,2018-03-26,13,2018Q1,1,2018Q1,201813,2018Q1,2,1,2015Q1-2017Q4,2018Q1,2018Q1,2018Q1,same_quarter_last_week_features_to_same_quarter_last_week_fsfp,9,0,0.0,0.0,0.0,1.0,17,17,17,522,0
603838,201813,2018-03-26,13,2018Q1,1,2018Q1,201813,2018Q1,2,1,2015Q1-2017Q4,2018Q1,2018Q1,2018Q1,same_quarter_last_week_features_to_same_quarter_last_week_fsfp,9,0,0.0,0.0,0.0,1.0,17,17,17,523,0
603839,201813,2018-03-26,13,2018Q1,1,2018Q1,201813,2018Q1,2,1,2015Q1-2017Q4,2018Q1,2018Q1,2018Q1,same_quarter_last_week_features_to_same_quarter_last_week_fsfp,9,0,0.0,0.0,0.0,1.0,17,17,17,524,0
603843,201806,2018-02-05,6,2018Q1,1,2018Q1,201806,2018Q1,2,1,2015Q1-2017Q4,2018Q1,2018Q1,2018Q1,same_quarter_last_week_features_to_same_quarter_last_week_fsfp,9,0,0.0,0.0,0.0,1.0,17,17,17,525,0
603858,201813,2018-03-26,13,2018Q1,1,2018Q1,201813,2018Q1,2,1,2015Q1-2017Q4,2018Q1,2018Q1,2018Q1,same_quarter_last_week_features_to_same_quarter_last_week_fsfp,9,0,0.0,0.0,0.0,1.0,17,17,17,526,0
603859,201813,2018-03-26,13,2018Q1,1,2018Q1,201813,2018Q1,2,1,2015Q1-2017Q4,2018Q1,2018Q1,2018Q1,same_quarter_last_week_features_to_same_quarter_last_week_fsfp,9,1,1.0,0.0,0.0,1.0,17,17,17,527,1
603861,201813,2018-03-26,13,2018Q1,1,2018Q1,201813,2018Q1,2,1,2015Q1-2017Q4,2018Q1,2018Q1,2018Q1,same_quarter_last_week_features_to_same_quarter_last_week_fsfp,9,0,0.0,0.0,0.0,1.0,17,17,17,528,0
603868,201813,2018-03-26,13,2018Q1,1,2018Q1,201813,2018Q1,2,1,2015Q1-2017Q4,2018Q1,2018Q1,2018Q1,same_quarter_last_week_features_to_same_quarter_last_week_fsfp,9,0,0.0,0.0,0.0,1.0,17,17,17,530,0
603878,201813,2018-03-26,13,2018Q1,1,2018Q1,201813,2018Q1,2,1,2015Q1-2017Q4,2018Q1,2018Q1,2018Q1,same_quarter_last_week_features_to_same_quarter_last_week_fsfp,9,0,0.0,0.0,0.0,1.0,17,17,17,533,0
603881,201813,2018-03-26,13,2018Q1,1,2018Q1,201813,2018Q1,2,1,2015Q1-2017Q4,2018Q1,2018Q1,2018Q1,same_quarter_last_week_features_to_same_quarter_last_week_fsfp,9,1,1.0,0.0,0.0,1.0,17,17,17,534,1
603883,201813,2018-03-26,13,2018Q1,1,2018Q1,201813,2018Q1,2,1,2015Q1-2017Q4,2018Q1,2018Q1,2018Q1,same_quarter_last_week_features_to_same_quarter_last_week_fsfp,9,0,0.0,0.0,0.0,1.0,17,17,17,535,0
603885,201813,2018-03-26,13,2018Q1,1,2018Q1,201813,2018Q1,2,1,2015Q1-2017Q4,2018Q1,2018Q1,2018Q1,same_quarter_last_week_features_to_same_quarter_last_week_fsfp,9,0,0.0,0.0,0.0,1.0,17,17,17,536,0
603887,201804,2018-01-22,4,2018Q1,1,2018Q1,201804,2018Q1,2,1,2015Q1-2017Q4,2018Q1,2018Q1,2018Q1,same_quarter_last_week_features_to_same_quarter_last_week_fsfp,9,0,0.0,0.0,0.0,1.0,17,17,17,538,0
603889,201813,2018-03-26,13,2018Q1,1,2018Q1,201813,2018Q1,2,1,2015Q1-2017Q4,2018Q1,2018Q1,2018Q1,same_quarter_last_week_features_to_same_quarter_last_week_fsfp,9,0,0.0,0.0,0.0,1.0,17,17,17,540,0
603899,201813,2018-03-26,13,2018Q1,1,2018Q1,201813,2018Q1,2,1,2015Q1-2017Q4,2018Q1,2018Q1,2018Q1,same_quarter_last_week_features_to_same_quarter_last_week_fsfp,9,0,0.0,0.0,0.0,1.0,17,17,17,542,0
603900,201813,2018-03-26,13,2018Q1,1,2018Q1,201813,2018Q1,2,1,2015Q1-2017Q4,2018Q1,2018Q1,2018Q1,same_quarter_last_week_features_to_same_quarter_last_week_fsfp,9,0,0.0,0.0,0.0,1.0,17,17,17,543,0
603909,201813,2018-03-26,13,2018Q1,1,2018Q1,201813,2018Q1,2,1,2015Q1-2017Q4,2018Q1,2018Q1,2018Q1,same_quarter_last_week_features_to_same_quarter_last_week_fsfp,9,0,0.0,0.0,0.0,1.0,17,17,17,548,0
603918,201813,2018-03-26,13,2018Q1,1,2018Q1,201813,2018Q1,2,1,2015Q1-2017Q4,2018Q1,2018Q1,2018Q1,same_quarter_last_week_features_to_same_quarter_last_week_fsfp,9,0,0.0,0.0,0.0,1.0,17,17,17,549,0
603919,201813,2018-03-26,13,2018Q1,1,2018Q1,201813,2018Q1,2,1,2015Q1-2017Q4,2018Q1,2018Q1,2018Q1,same_quarter_last_week_features_to_same_quarter_last_week_fsfp,9,2,2.0,0.0,0.0,1.0,17,17,17,550,2
603928,201813,2018-03-26,13,2018Q1,1,2018Q1,201813,2018Q1,2,1,2015Q1-2017Q4,2018Q1,2018Q1,2018Q1,same_quarter_last_week_features_to_same_quarter_last_week_fsfp,9,0,0.0,0.0,0.0,1.0,17,17,17,551,0
603929,201813,2018-03-26,13,2018Q1,1,2018Q1,201813,2018Q1,2,1,2015Q1-2017Q4,2018Q1,2018Q1,2018Q1,same_quarter_last_week_features_to_same_quarter_last_week_fsfp,9,1,1.0,0.0,0.0,1.0,17,17,17,552,1
603936,201813,2018-03-26,13,2018Q1,1,2018Q1,201813,2018Q1,2,1,2015Q1-2017Q4,2018Q1,2018Q1,2018Q1,same_quarter_last_week_features_to_same_quarter_last_week_fsfp,9,0,0.0,0.0,0.0,1.0,17,17,17,553,0
603939,201813,2018-03-26,13,2018Q1,1,2018Q1,201813,2018Q1,2,1,2015Q1-2017Q4,2018Q1,2018Q1,2018Q1,same_quarter_last_week_features_to_same_quarter_last_week_fsfp,9,0,0.0,0.0,0.0,1.0,17,17,17,554,0
603958,201813,2018-03-26,13,2018Q1,1,2018Q1,201813,2018Q1,2,1,2015Q1-2017Q4,2018Q1,2018Q1,2018Q1,same_quarter_last_week_features_to_same_quarter_last_week_fsfp,9,2,2.0,0.0,0.0,1.0,17,17,17,556,2
603966,201813,2018-03-26,13,2018Q1,1,2018Q1,201813,2018Q1,2,1,2015Q1-2017Q4,2018Q1,2018Q1,2018Q1,same_quarter_last_week_features_to_same_quarter_last_week_fsfp,9,0,0.0,0.0,0.0,1.0,17,17,17,558,0
603968,201813,2018-03-26,13,2018Q1,1,2018Q1,201813,2018Q1,2,1,2015Q1-2017Q4,2018Q1,2018Q1,2018Q1,same_quarter_last_week_features_to_same_quarter_last_week_fsfp,9,0,0.0,0.0,0.0,1.0,17,17,17,559,0
603969,201813,2018-03-26,13,2018Q1,1,2018Q1,201813,2018Q1,2,1,2015Q1-2017Q4,2018Q1,2018Q1,2018Q1,same_quarter_last_week_features_to_same_quarter_last_week_fsfp,9,1,1.0,0.0,0.0,1.0,17,17,17,560,1
603977,201813,2018-03-26,13,2018Q1,1,2018Q1,201813,2018Q1,2,1,2015Q1-2017Q4,2018Q1,2018Q1,2018Q1,same_quarter_last_week_features_to_same_quarter_last_week_fsfp,9,0,0.0,0.0,0.0,1.0,17,17,17,561,0
603979,201813,2018-03-26,13,2018Q1,1,2018Q1,201813,2018Q1,2,1,2015Q1-2017Q4,2018Q1,2018Q1,2018Q1,same_quarter_last_week_features_to_same_quarter_last_week_fsfp,9,0,0.0,0.0,0.0,1.0,17,17,17,562,0
603987,201813,2018-03-26,13,2018Q1,1,2018Q1,201813,2018Q1,2,1,2015Q1-2017Q4,2018Q1,2018Q1,2018Q1,same_quarter_last_week_features_to_same_quarter_last_week_fsfp,9,0,0.0,0.0,0.0,1.0,17,17,17,563,0
603988,201813,2018-03-26,13,2018Q1,1,2018Q1,201813,2018Q1,2,1,2015Q1-2017Q4,2018Q1,2018Q1,2018Q1,same_quarter_last_week_features_to_same_quarter_last_week_fsfp,9,0,0.0,0.0,0.0,1.0,17,17,17,564,0
603989,201813,2018-03-26,13,2018Q1,1,2018Q1,201813,2018Q1,2,1,2015Q1-2017Q4,2018Q1,2018Q1,2018Q1,same_quarter_last_week_features_to_same_quarter_last_week_fsfp,9,1,1.0,0.0,0.0,1.0,17,17,17,565,1
603990,201813,2018-03-26,13,2018Q1,1,2018Q1,201813,2018Q1,2,1,2015Q1-2017Q4,2018Q1,2018Q1,2018Q1,same_quarter_last_week_features_to_same_quarter_last_week_fsfp,9,2,2.0,0.0,0.0,1.0,17,17,17,566,2
603993,201813,2018-03-26,13,2018Q1,1,2018Q1,201813,2018Q1,2,1,2015Q1-2017Q4,2018Q1,2018Q1,2018Q1,same_quarter_last_week_features_to_same_quarter_last_week_fsfp,9,0,0.0,0.0,0.0,1.0,17,17,17,568,0
603997,201813,2018-03-26,13,2018Q1,1,2018Q1,201813,2018Q1,2,1,2015Q1-2017Q4,2018Q1,2018Q1,2018Q1,same_quarter_last_week_features_to_same_quarter_last_week_fsfp,9,2,2.0,0.0,0.0,1.0,17,17,17,569,2
603999,201813,2018-03-26,13,2018Q1,1,2018Q1,201813,2018Q1,2,1,2015Q1-2017Q4,2018Q1,2018Q1,2018Q1,same_quarter_last_week_features_to_same_quarter_last_week_fsfp,9,0,0.0,0.0,0.0,1.0,17,17,17,571,0
002809,201813,2018-03-26,13,2018Q1,1,2018Q1,201813,2018Q1,2,1,2015Q1-2017Q4,2018Q1,2018Q1,2018Q1,same_quarter_last_week_features_to_same_quarter_last_week_fsfp,9,0,0.058823529411764705,0.23529411764705882,0.23529411764705882,0.9411764705882353,17,17,17,145,1
300371,201813,2018-03-26,13,2018Q1,1,2018Q1,201813,2018Q1,2,1,2015Q1-2017Q4,2018Q1,2018Q1,2018Q1,same_quarter_last_week_features_to_same_quarter_last_week_fsfp,9,0,0.058823529411764705,0.23529411764705882,0.23529411764705882,0.9411764705882353,17,17,17,202,2
601766,201813,2018-03-26,13,2018Q1,1,2018Q1,201813,2018Q1,2,1,2015Q1-2017Q4,2018Q1,2018Q1,2018Q1,same_quarter_last_week_features_to_same_quarter_last_week_fsfp,9,0,0.058823529411764705,0.23529411764705882,0.23529411764705882,0.9411764705882353,17,17,17,317,0
000998,201813,2018-03-26,13,2018Q1,1,2018Q1,201813,2018Q1,2,1,2015Q1-2017Q4,2018Q1,2018Q1,2018Q1,same_quarter_last_week_features_to_same_quarter_last_week_fsfp,9,1,0.9411764705882353,0.23529411764705885,0.23529411764705885,0.9411764705882353,17,17,17,51,1
002652,201813,2018-03-26,13,2018Q1,1,2018Q1,201813,2018Q1,2,1,2015Q1-2017Q4,2018Q1,2018Q1,2018Q1,same_quarter_last_week_features_to_same_quarter_last_week_fsfp,9,1,0.9411764705882353,0.23529411764705885,0.23529411764705885,0.9411764705882353,17,17,17,126,1
002736,201813,2018-03-26,13,2018Q1,1,2018Q1,201813,2018Q1,2,1,2015Q1-2017Q4,2018Q1,2018Q1,2018Q1,same_quarter_last_week_features_to_same_quarter_last_week_fsfp,9,2,1.9411764705882353,0.23529411764705885,0.23529411764705885,0.9411764705882353,17,17,17,136,0
600351,201813,2018-03-26,13,2018Q1,1,2018Q1,201813,2018Q1,2,1,2015Q1-2017Q4,2018Q1,2018Q1,2018Q1,same_quarter_last_week_features_to_same_quarter_last_week_fsfp,9,1,0.9411764705882353,0.23529411764705885,0.23529411764705885,0.9411764705882353,17,17,17,231,1
603600,201813,2018-03-26,13,2018Q1,1,2018Q1,201813,2018Q1,2,1,2015Q1-2017Q4,2018Q1,2018Q1,2018Q1,same_quarter_last_week_features_to_same_quarter_last_week_fsfp,9,1,1.0588235294117647,0.23529411764705885,0.23529411764705885,0.9411764705882353,17,17,17,457,1
603766,201813,2018-03-26,13,2018Q1,1,2018Q1,201813,2018Q1,2,1,2015Q1-2017Q4,2018Q1,2018Q1,2018Q1,same_quarter_last_week_features_to_same_quarter_last_week_fsfp,9,2,1.9411764705882353,0.23529411764705885,0.23529411764705885,0.9411764705882353,17,17,17,502,2
603991,201813,2018-03-26,13,2018Q1,1,2018Q1,201813,2018Q1,2,1,2015Q1-2017Q4,2018Q1,2018Q1,2018Q1,same_quarter_last_week_features_to_same_quarter_last_week_fsfp,9,0,0.058823529411764705,0.23529411764705885,0.23529411764705885,0.9411764705882353,17,17,17,567,0
002109,201813,2018-03-26,13,2018Q1,1,2018Q1,201813,2018Q1,2,1,2015Q1-2017Q4,2018Q1,2018Q1,2018Q1,same_quarter_last_week_features_to_same_quarter_last_week_fsfp,9,0,0.058823529411764705,0.23529411764705888,0.23529411764705888,0.9411764705882353,17,17,17,65,1
002516,201813,2018-03-26,13,2018Q1,1,2018Q1,201813,2018Q1,2,1,2015Q1-2017Q4,2018Q1,2018Q1,2018Q1,same_quarter_last_week_features_to_same_quarter_last_week_fsfp,9,0,0.058823529411764705,0.23529411764705888,0.23529411764705888,0.9411764705882353,17,17,17,114,2
300470,201813,2018-03-26,13,2018Q1,1,2018Q1,201813,2018Q1,2,1,2015Q1-2017Q4,2018Q1,2018Q1,2018Q1,same_quarter_last_week_features_to_same_quarter_last_week_fsfp,9,1,0.9411764705882353,0.23529411764705888,0.23529411764705888,0.9411764705882353,17,17,17,210,0
000875,201813,2018-03-26,13,2018Q1,1,2018Q1,201813,2018Q1,2,1,2015Q1-2017Q4,2018Q1,2018Q1,2018Q1,same_quarter_last_week_features_to_same_quarter_last_week_fsfp,9,1,0.9411764705882353,0.2352941176470589,0.2352941176470589,0.9411764705882353,17,17,17,41,1
002251,201813,2018-03-26,13,2018Q1,1,2018Q1,201813,2018Q1,2,1,2015Q1-2017Q4,2018Q1,2018Q1,2018Q1,same_quarter_last_week_features_to_same_quarter_last_week_fsfp,9,2,1.9411764705882353,0.2352941176470589,0.2352941176470589,0.9411764705882353,17,17,17,82,1
002283,201813,2018-03-26,13,2018Q1,1,2018Q1,201813,2018Q1,2,1,2015Q1-2017Q4,2018Q1,2018Q1,2018Q1,same_quarter_last_week_features_to_same_quarter_last_week_fsfp,9,1,0.9411764705882353,0.2352941176470589,0.2352941176470589,0.9411764705882353,17,17,17,87,0
002766,201813,2018-03-26,13,2018Q1,1,2018Q1,201813,2018Q1,2,1,2015Q1-2017Q4,2018Q1,2018Q1,2018Q1,same_quarter_last_week_features_to_same_quarter_last_week_fsfp,9,0,0.058823529411764705,0.2352941176470589,0.2352941176470589,0.9411764705882353,17,17,17,140,1
600581,201813,2018-03-26,13,2018Q1,1,2018Q1,201813,2018Q1,2,1,2015Q1-2017Q4,2018Q1,2018Q1,2018Q1,same_quarter_last_week_features_to_same_quarter_last_week_fsfp,9,1,1.0588235294117647,0.2352941176470589,0.2352941176470589,0.9411764705882353,17,17,17,244,1
600645,201813,2018-03-26,13,2018Q1,1,2018Q1,201813,2018Q1,2,1,2015Q1-2017Q4,2018Q1,2018Q1,2018Q1,same_quarter_last_week_features_to_same_quarter_last_week_fsfp,9,0,0.058823529411764705,0.2352941176470589,0.2352941176470589,0.9411764705882353,17,17,17,248,0
600722,201813,2018-03-26,13,2018Q1,1,2018Q1,201813,2018Q1,2,1,2015Q1-2017Q4,2018Q1,2018Q1,2018Q1,same_quarter_last_week_features_to_same_quarter_last_week_fsfp,9,1,1.0588235294117647,0.2352941176470589,0.2352941176470589,0.9411764705882353,17,17,17,255,1
000603,201813,2018-03-26,13,2018Q1,1,2018Q1,201813,2018Q1,2,1,2015Q1-2017Q4,2018Q1,2018Q1,2018Q1,same_quarter_last_week_features_to_same_quarter_last_week_fsfp,10,0,0.0,0.0,0.0,1.0,17,17,17,15,0
000698,201813,2018-03-26,13,2018Q1,1,2018Q1,201813,2018Q1,2,1,2015Q1-2017Q4,2018Q1,2018Q1,2018Q1,same_quarter_last_week_features_to_same_quarter_last_week_fsfp,10,1,1.0,0.0,0.0,1.0,17,17,17,21,1
000719,201813,2018-03-26,13,2018Q1,1,2018Q1,201813,2018Q1,2,1,2015Q1-2017Q4,2018Q1,2018Q1,2018Q1,same_quarter_last_week_features_to_same_quarter_last_week_fsfp,10,2,2.0,0.0,0.0,1.0,17,17,17,22,0
000750,201813,2018-03-26,13,2018Q1,1,2018Q1,201813,2018Q1,2,1,2015Q1-2017Q4,2018Q1,2018Q1,2018Q1,same_quarter_last_week_features_to_same_quarter_last_week_fsfp,10,1,1.0,0.0,0.0,1.0,17,17,17,24,1
000790,201813,2018-03-26,13,2018Q1,1,2018Q1,201813,2018Q1,2,1,2015Q1-2017Q4,2018Q1,2018Q1,2018Q1,same_quarter_last_week_features_to_same_quarter_last_week_fsfp,10,0,0.0,0.0,0.0,1.0,17,17,17,28,0
000987,201813,2018-03-26,13,2018Q1,1,2018Q1,201813,2018Q1,2,1,2015Q1-2017Q4,2018Q1,2018Q1,2018Q1,same_quarter_last_week_features_to_same_quarter_last_week_fsfp,10,2,2.0,0.0,0.0,1.0,17,17,17,39,0
002237,201813,2018-03-26,13,2018Q1,1,2018Q1,201813,2018Q1,2,1,2015Q1-2017Q4,2018Q1,2018Q1,2018Q1,same_quarter_last_week_features_to_same_quarter_last_week_fsfp,10,0,0.0,0.0,0.0,1.0,17,17,17,59,2
002240,201813,2018-03-26,13,2018Q1,1,2018Q1,201813,2018Q1,2,1,2015Q1-2017Q4,2018Q1,2018Q1,2018Q1,same_quarter_last_week_features_to_same_quarter_last_week_fsfp,10,0,0.0,0.0,0.0,1.0,17,17,17,62,0
002295,201813,2018-03-26,13,2018Q1,1,2018Q1,201813,2018Q1,2,1,2015Q1-2017Q4,2018Q1,2018Q1,2018Q1,same_quarter_last_week_features_to_same_quarter_last_week_fsfp,10,0,0.0,0.0,0.0,1.0,17,17,17,70,0
002392,201813,2018-03-26,13,2018Q1,1,2018Q1,201813,2018Q1,2,1,2015Q1-2017Q4,2018Q1,2018Q1,2018Q1,same_quarter_last_week_features_to_same_quarter_last_week_fsfp,10,0,0.0,0.0,0.0,1.0,17,17,17,79,0
002400,201813,2018-03-26,13,2018Q1,1,2018Q1,201813,2018Q1,2,1,2015Q1-2017Q4,2018Q1,2018Q1,2018Q1,same_quarter_last_week_features_to_same_quarter_last_week_fsfp,10,1,1.0,0.0,0.0,1.0,17,17,17,80,0
002438,201813,2018-03-26,13,2018Q1,1,2018Q1,201813,2018Q1,2,1,2015Q1-2017Q4,2018Q1,2018Q1,2018Q1,same_quarter_last_week_features_to_same_quarter_last_week_fsfp,10,0,0.0,0.0,0.0,1.0,17,17,17,85,0
002572,201813,2018-03-26,13,2018Q1,1,2018Q1,201813,2018Q1,2,1,2015Q1-2017Q4,2018Q1,2018Q1,2018Q1,same_quarter_last_week_features_to_same_quarter_last_week_fsfp,10,2,2.0,0.0,0.0,1.0,17,17,17,92,0
002638,201813,2018-03-26,13,2018Q1,1,2018Q1,201813,2018Q1,2,1,2015Q1-2017Q4,2018Q1,2018Q1,2018Q1,same_quarter_last_week_features_to_same_quarter_last_week_fsfp,10,0,0.0,0.0,0.0,1.0,17,17,17,96,2
002761,201813,2018-03-26,13,2018Q1,1,2018Q1,201813,2018Q1,2,1,2015Q1-2017Q4,2018Q1,2018Q1,2018Q1,same_quarter_last_week_features_to_same_quarter_last_week_fsfp,10,0,0.0,0.0,0.0,1.0,17,17,17,109,0
002788,201813,2018-03-26,13,2018Q1,1,2018Q1,201813,2018Q1,2,1,2015Q1-2017Q4,2018Q1,2018Q1,2018Q1,same_quarter_last_week_features_to_same_quarter_last_week_fsfp,10,0,0.0,0.0,0.0,1.0,17,17,17,111,1
002817,201813,2018-03-26,13,2018Q1,1,2018Q1,201813,2018Q1,2,1,2015Q1-2017Q4,2018Q1,2018Q1,2018Q1,same_quarter_last_week_features_to_same_quarter_last_week_fsfp,10,0,0.0,0.0,0.0,1.0,17,17,17,113,0
300048,201813,2018-03-26,13,2018Q1,1,2018Q1,201813,2018Q1,2,1,2015Q1-2017Q4,2018Q1,2018Q1,2018Q1,same_quarter_last_week_features_to_same_quarter_last_week_fsfp,10,1,1.0,0.0,0.0,1.0,17,17,17,121,1
300068,201813,2018-03-26,13,2018Q1,1,2018Q1,201813,2018Q1,2,1,2015Q1-2017Q4,2018Q1,2018Q1,2018Q1,same_quarter_last_week_features_to_same_quarter_last_week_fsfp,10,0,0.0,0.0,0.0,1.0,17,17,17,124,1
300150,201813,2018-03-26,13,2018Q1,1,2018Q1,201813,2018Q1,2,1,2015Q1-2017Q4,2018Q1,2018Q1,2018Q1,same_quarter_last_week_features_to_same_quarter_last_week_fsfp,10,2,2.0,0.0,0.0,1.0,17,17,17,130,2
300244,201813,2018-03-26,13,2018Q1,1,2018Q1,201813,2018Q1,2,1,2015Q1-2017Q4,2018Q1,2018Q1,2018Q1,same_quarter_last_week_features_to_same_quarter_last_week_fsfp,10,2,2.0,0.0,0.0,1.0,17,17,17,140,1
300303,201813,2018-03-26,13,2018Q1,1,2018Q1,201813,2018Q1,2,1,2015Q1-2017Q4,2018Q1,2018Q1,2018Q1,same_quarter_last_week_features_to_same_quarter_last_week_fsfp,10,0,0.0,0.0,0.0,1.0,17,17,17,147,1
300334,201813,2018-03-26,13,2018Q1,1,2018Q1,201813,2018Q1,2,1,2015Q1-2017Q4,2018Q1,2018Q1,2018Q1,same_quarter_last_week_features_to_same_quarter_last_week_fsfp,10,1,1.0,0.0,0.0,1.0,17,17,17,151,1
300485,201813,2018-03-26,13,2018Q1,1,2018Q1,201813,2018Q1,2,1,2015Q1-2017Q4,2018Q1,2018Q1,2018Q1,same_quarter_last_week_features_to_same_quarter_last_week_fsfp,10,0,0.0,0.0,0.0,1.0,17,17,17,160,0
600015,201813,2018-03-26,13,2018Q1,1,2018Q1,201813,2018Q1,2,1,2015Q1-2017Q4,2018Q1,2018Q1,2018Q1,same_quarter_last_week_features_to_same_quarter_last_week_fsfp,10,1,1.0,0.0,0.0,1.0,17,17,17,167,1
600371,201813,2018-03-26,13,2018Q1,1,2018Q1,201813,2018Q1,2,1,2015Q1-2017Q4,2018Q1,2018Q1,2018Q1,same_quarter_last_week_features_to_same_quarter_last_week_fsfp,10,1,1.0,0.0,0.0,1.0,17,17,17,178,1
600649,201813,2018-03-26,13,2018Q1,1,2018Q1,201813,2018Q1,2,1,2015Q1-2017Q4,2018Q1,2018Q1,2018Q1,same_quarter_last_week_features_to_same_quarter_last_week_fsfp,10,1,1.0,0.0,0.0,1.0,17,17,17,191,1
600791,201813,2018-03-26,13,2018Q1,1,2018Q1,201813,2018Q1,2,1,2015Q1-2017Q4,2018Q1,2018Q1,2018Q1,same_quarter_last_week_features_to_same_quarter_last_week_fsfp,10,1,1.0,0.0,0.0,1.0,17,17,17,198,1
600801,201813,2018-03-26,13,2018Q1,1,2018Q1,201813,2018Q1,2,1,2015Q1-2017Q4,2018Q1,2018Q1,2018Q1,same_quarter_last_week_features_to_same_quarter_last_week_fsfp,10,0,0.0,0.0,0.0,1.0,17,17,17,199,0
600808,201813,2018-03-26,13,2018Q1,1,2018Q1,201813,2018Q1,2,1,2015Q1-2017Q4,2018Q1,2018Q1,2018Q1,same_quarter_last_week_features_to_same_quarter_last_week_fsfp,10,0,0.0,0.0,0.0,1.0,17,17,17,200,0
600809,201813,2018-03-26,13,2018Q1,1,2018Q1,201813,2018Q1,2,1,2015Q1-2017Q4,2018Q1,2018Q1,2018Q1,same_quarter_last_week_features_to_same_quarter_last_week_fsfp,10,0,0.0,0.0,0.0,1.0,17,17,17,201,0
600835,201813,2018-03-26,13,2018Q1,1,2018Q1,201813,2018Q1,2,1,2015Q1-2017Q4,2018Q1,2018Q1,2018Q1,same_quarter_last_week_features_to_same_quarter_last_week_fsfp,10,1,1.0,0.0,0.0,1.0,17,17,17,203,1
600863,201813,2018-03-26,13,2018Q1,1,2018Q1,201813,2018Q1,2,1,2015Q1-2017Q4,2018Q1,2018Q1,2018Q1,same_quarter_last_week_features_to_same_quarter_last_week_fsfp,10,0,0.0,0.0,0.0,1.0,17,17,17,204,0
600865,201813,2018-03-26,13,2018Q1,1,2018Q1,201813,2018Q1,2,1,2015Q1-2017Q4,2018Q1,2018Q1,2018Q1,same_quarter_last_week_features_to_same_quarter_last_week_fsfp,10,2,2.0,0.0,0.0,1.0,17,17,17,205,2
600879,201813,2018-03-26,13,2018Q1,1,2018Q1,201813,2018Q1,2,1,2015Q1-2017Q4,2018Q1,2018Q1,2018Q1,same_quarter_last_week_features_to_same_quarter_last_week_fsfp,10,0,0.0,0.0,0.0,1.0,17,17,17,206,0
601116,201813,2018-03-26,13,2018Q1,1,2018Q1,201813,2018Q1,2,1,2015Q1-2017Q4,2018Q1,2018Q1,2018Q1,same_quarter_last_week_features_to_same_quarter_last_week_fsfp,10,1,1.0,0.0,0.0,1.0,17,17,17,217,1
601139,201813,2018-03-26,13,2018Q1,1,2018Q1,201813,2018Q1,2,1,2015Q1-2017Q4,2018Q1,2018Q1,2018Q1,same_quarter_last_week_features_to_same_quarter_last_week_fsfp,10,0,0.0,0.0,0.0,1.0,17,17,17,218,0
601155,201813,2018-03-26,13,2018Q1,1,2018Q1,201813,2018Q1,2,1,2015Q1-2017Q4,2018Q1,2018Q1,2018Q1,same_quarter_last_week_features_to_same_quarter_last_week_fsfp,10,0,0.0,0.0,0.0,1.0,17,17,17,219,0
601179,201813,2018-03-26,13,2018Q1,1,2018Q1,201813,2018Q1,2,1,2015Q1-2017Q4,2018Q1,2018Q1,2018Q1,same_quarter_last_week_features_to_same_quarter_last_week_fsfp,10,0,0.0,0.0,0.0,1.0,17,17,17,221,0
601211,201813,2018-03-26,13,2018Q1,1,2018Q1,201813,2018Q1,2,1,2015Q1-2017Q4,2018Q1,2018Q1,2018Q1,same_quarter_last_week_features_to_same_quarter_last_week_fsfp,10,0,0.0,0.0,0.0,1.0,17,17,17,225,0
601799,201813,2018-03-26,13,2018Q1,1,2018Q1,201813,2018Q1,2,1,2015Q1-2017Q4,2018Q1,2018Q1,2018Q1,same_quarter_last_week_features_to_same_quarter_last_week_fsfp,10,0,0.0,0.0,0.0,1.0,17,17,17,235,0
601898,201813,2018-03-26,13,2018Q1,1,2018Q1,201813,2018Q1,2,1,2015Q1-2017Q4,2018Q1,2018Q1,2018Q1,same_quarter_last_week_features_to_same_quarter_last_week_fsfp,10,0,0.0,0.0,0.0,1.0,17,17,17,239,0
601992,201813,2018-03-26,13,2018Q1,1,2018Q1,201813,2018Q1,2,1,2015Q1-2017Q4,2018Q1,2018Q1,2018Q1,same_quarter_last_week_features_to_same_quarter_last_week_fsfp,10,0,0.0,0.0,0.0,1.0,17,17,17,243,0
603022,201813,2018-03-26,13,2018Q1,1,2018Q1,201813,2018Q1,2,1,2015Q1-2017Q4,2018Q1,2018Q1,2018Q1,same_quarter_last_week_features_to_same_quarter_last_week_fsfp,10,1,1.0,0.0,0.0,1.0,17,17,17,245,1
603160,201813,2018-03-26,13,2018Q1,1,2018Q1,201813,2018Q1,2,1,2015Q1-2017Q4,2018Q1,2018Q1,2018Q1,same_quarter_last_week_features_to_same_quarter_last_week_fsfp,10,0,0.0,0.0,0.0,1.0,17,17,17,249,0
603239,201813,2018-03-26,13,2018Q1,1,2018Q1,201813,2018Q1,2,1,2015Q1-2017Q4,2018Q1,2018Q1,2018Q1,same_quarter_last_week_features_to_same_quarter_last_week_fsfp,10,0,0.0,0.0,0.0,1.0,17,17,17,251,0
603333,201813,2018-03-26,13,2018Q1,1,2018Q1,201813,2018Q1,2,1,2015Q1-2017Q4,2018Q1,2018Q1,2018Q1,same_quarter_last_week_features_to_same_quarter_last_week_fsfp,10,0,0.0,0.0,0.0,1.0,17,17,17,252,0
603337,201813,2018-03-26,13,2018Q1,1,2018Q1,201813,2018Q1,2,1,2015Q1-2017Q4,2018Q1,2018Q1,2018Q1,same_quarter_last_week_features_to_same_quarter_last_week_fsfp,10,1,1.0,0.0,0.0,1.0,17,17,17,253,1
603338,201813,2018-03-26,13,2018Q1,1,2018Q1,201813,2018Q1,2,1,2015Q1-2017Q4,2018Q1,2018Q1,2018Q1,same_quarter_last_week_features_to_same_quarter_last_week_fsfp,10,0,0.0,0.0,0.0,1.0,17,17,17,254,0
603389,201813,2018-03-26,13,2018Q1,1,2018Q1,201813,2018Q1,2,1,2015Q1-2017Q4,2018Q1,2018Q1,2018Q1,same_quarter_last_week_features_to_same_quarter_last_week_fsfp,10,0,0.0,0.0,0.0,1.0,17,17,17,255,0
603588,201813,2018-03-26,13,2018Q1,1,2018Q1,201813,2018Q1,2,1,2015Q1-2017Q4,2018Q1,2018Q1,2018Q1,same_quarter_last_week_features_to_same_quarter_last_week_fsfp,10,0,0.0,0.0,0.0,1.0,17,17,17,257,0
603589,201813,2018-03-26,13,2018Q1,1,2018Q1,201813,2018Q1,2,1,2015Q1-2017Q4,2018Q1,2018Q1,2018Q1,same_quarter_last_week_features_to_same_quarter_last_week_fsfp,10,0,0.0,0.0,0.0,1.0,17,17,17,258,0
603636,201813,2018-03-26,13,2018Q1,1,2018Q1,201813,2018Q1,2,1,2015Q1-2017Q4,2018Q1,2018Q1,2018Q1,same_quarter_last_week_features_to_same_quarter_last_week_fsfp,10,0,0.0,0.0,0.0,1.0,17,17,17,260,0
603639,201813,2018-03-26,13,2018Q1,1,2018Q1,201813,2018Q1,2,1,2015Q1-2017Q4,2018Q1,2018Q1,2018Q1,same_quarter_last_week_features_to_same_quarter_last_week_fsfp,10,0,0.0,0.0,0.0,1.0,17,17,17,261,0
603665,201813,2018-03-26,13,2018Q1,1,2018Q1,201813,2018Q1,2,1,2015Q1-2017Q4,2018Q1,2018Q1,2018Q1,same_quarter_last_week_features_to_same_quarter_last_week_fsfp,10,0,0.0,0.0,0.0,1.0,17,17,17,262,0
603686,201813,2018-03-26,13,2018Q1,1,2018Q1,201813,2018Q1,2,1,2015Q1-2017Q4,2018Q1,2018Q1,2018Q1,same_quarter_last_week_features_to_same_quarter_last_week_fsfp,10,0,0.0,0.0,0.0,1.0,17,17,17,263,0
603806,201813,2018-03-26,13,2018Q1,1,2018Q1,201813,2018Q1,2,1,2015Q1-2017Q4,2018Q1,2018Q1,2018Q1,same_quarter_last_week_features_to_same_quarter_last_week_fsfp,10,0,0.0,0.0,0.0,1.0,17,17,17,265,0
603822,201801,2018-01-01,1,2018Q1,1,2018Q1,201801,2018Q1,2,1,2015Q1-2017Q4,2018Q1,2018Q1,2018Q1,same_quarter_last_week_features_to_same_quarter_last_week_fsfp,10,0,0.0,0.0,0.0,1.0,17,17,17,267,0
603828,201813,2018-03-26,13,2018Q1,1,2018Q1,201813,2018Q1,2,1,2015Q1-2017Q4,2018Q1,2018Q1,2018Q1,same_quarter_last_week_features_to_same_quarter_last_week_fsfp,10,0,0.0,0.0,0.0,1.0,17,17,17,268,0
603869,201813,2018-03-26,13,2018Q1,1,2018Q1,201813,2018Q1,2,1,2015Q1-2017Q4,2018Q1,2018Q1,2018Q1,same_quarter_last_week_features_to_same_quarter_last_week_fsfp,10,0,0.0,0.0,0.0,1.0,17,17,17,270,0
603903,201813,2018-03-26,13,2018Q1,1,2018Q1,201813,2018Q1,2,1,2015Q1-2017Q4,2018Q1,2018Q1,2018Q1,same_quarter_last_week_features_to_same_quarter_last_week_fsfp,10,1,1.0,0.0,0.0,1.0,17,17,17,276,1
603908,201813,2018-03-26,13,2018Q1,1,2018Q1,201813,2018Q1,2,1,2015Q1-2017Q4,2018Q1,2018Q1,2018Q1,same_quarter_last_week_features_to_same_quarter_last_week_fsfp,10,0,0.0,0.0,0.0,1.0,17,17,17,278,0
603955,201811,2018-03-12,11,2018Q1,1,2018Q1,201811,2018Q1,2,1,2015Q1-2017Q4,2018Q1,2018Q1,2018Q1,same_quarter_last_week_features_to_same_quarter_last_week_fsfp,10,0,0.0,0.0,0.0,1.0,17,17,17,279,0
603959,201813,2018-03-26,13,2018Q1,1,2018Q1,201813,2018Q1,2,1,2015Q1-2017Q4,2018Q1,2018Q1,2018Q1,same_quarter_last_week_features_to_same_quarter_last_week_fsfp,10,0,0.0,0.0,0.0,1.0,17,17,17,280,0
603998,201805,2018-01-29,5,2018Q1,1,2018Q1,201805,2018Q1,2,1,2015Q1-2017Q4,2018Q1,2018Q1,2018Q1,same_quarter_last_week_features_to_same_quarter_last_week_fsfp,10,0,0.0,0.0,0.0,1.0,17,17,17,281,0
000001,201813,2018-03-26,13,2018Q1,1,2018Q1,201813,2018Q1,2,1,2015Q1-2017Q4,2018Q1,2018Q1,2018Q1,same_quarter_last_week_features_to_same_quarter_last_week_fsfp,10,1,0.9411764705882353,0.23529411764705885,0.23529411764705885,0.9411764705882353,17,17,17,0,1
000422,201813,2018-03-26,13,2018Q1,1,2018Q1,201813,2018Q1,2,1,2015Q1-2017Q4,2018Q1,2018Q1,2018Q1,same_quarter_last_week_features_to_same_quarter_last_week_fsfp,10,1,0.9411764705882353,0.23529411764705885,0.23529411764705885,0.9411764705882353,17,17,17,7,2
000762,201813,2018-03-26,13,2018Q1,1,2018Q1,201813,2018Q1,2,1,2015Q1-2017Q4,2018Q1,2018Q1,2018Q1,same_quarter_last_week_features_to_same_quarter_last_week_fsfp,10,1,0.9411764705882353,0.23529411764705888,0.23529411764705888,0.9411764705882353,17,17,17,26,1
300242,201813,2018-03-26,13,2018Q1,1,2018Q1,201813,2018Q1,2,1,2015Q1-2017Q4,2018Q1,2018Q1,2018Q1,same_quarter_last_week_features_to_same_quarter_last_week_fsfp,10,0,0.058823529411764705,0.23529411764705888,0.23529411764705888,0.9411764705882353,17,17,17,139,0
002239,201813,2018-03-26,13,2018Q1,1,2018Q1,201813,2018Q1,2,1,2015Q1-2017Q4,2018Q1,2018Q1,2018Q1,same_quarter_last_week_features_to_same_quarter_last_week_fsfp,10,1,0.9411764705882353,0.2352941176470589,0.2352941176470589,0.9411764705882353,17,17,17,61,1
600380,201813,2018-03-26,13,2018Q1,1,2018Q1,201813,2018Q1,2,1,2015Q1-2017Q4,2018Q1,2018Q1,2018Q1,same_quarter_last_week_features_to_same_quarter_last_week_fsfp,10,1,0.9411764705882353,0.2352941176470589,0.2352941176470589,0.9411764705882353,17,17,17,179,1
600780,201813,2018-03-26,13,2018Q1,1,2018Q1,201813,2018Q1,2,1,2015Q1-2017Q4,2018Q1,2018Q1,2018Q1,same_quarter_last_week_features_to_same_quarter_last_week_fsfp,10,1,0.9411764705882353,0.2352941176470589,0.2352941176470589,0.9411764705882353,17,17,17,197,1
603223,201813,2018-03-26,13,2018Q1,1,2018Q1,201813,2018Q1,2,1,2015Q1-2017Q4,2018Q1,2018Q1,2018Q1,same_quarter_last_week_features_to_same_quarter_last_week_fsfp,10,1,0.9411764705882353,0.2352941176470589,0.2352941176470589,0.9411764705882353,17,17,17,250,1
603877,201813,2018-03-26,13,2018Q1,1,2018Q1,201813,2018Q1,2,1,2015Q1-2017Q4,2018Q1,2018Q1,2018Q1,same_quarter_last_week_features_to_same_quarter_last_week_fsfp,10,1,0.9411764705882353,0.2352941176470589,0.2352941176470589,0.9411764705882353,17,17,17,271,1
000639,201813,2018-03-26,13,2018Q1,1,2018Q1,201813,2018Q1,2,1,2015Q1-2017Q4,2018Q1,2018Q1,2018Q1,same_quarter_last_week_features_to_same_quarter_last_week_fsfp,10,1,1.0588235294117647,0.23529411764705893,0.23529411764705893,0.9411764705882353,17,17,17,18,1
002196,201813,2018-03-26,13,2018Q1,1,2018Q1,201813,2018Q1,2,1,2015Q1-2017Q4,2018Q1,2018Q1,2018Q1,same_quarter_last_week_features_to_same_quarter_last_week_fsfp,10,0,0.058823529411764705,0.23529411764705893,0.23529411764705893,0.9411764705882353,17,17,17,56,0
002835,201813,2018-03-26,13,2018Q1,1,2018Q1,201813,2018Q1,2,1,2015Q1-2017Q4,2018Q1,2018Q1,2018Q1,same_quarter_last_week_features_to_same_quarter_last_week_fsfp,10,0,0.058823529411764705,0.23529411764705893,0.23529411764705893,0.9411764705882353,17,17,17,115,1
000049,201813,2018-03-26,13,2018Q1,1,2018Q1,201813,2018Q1,2,1,2015Q1-2017Q4,2018Q1,2018Q1,2018Q1,same_quarter_last_week_features_to_same_quarter_last_week_fsfp,10,1,0.8823529411764706,0.32218973970892123,0.32218973970892123,0.8823529411764706,17,17,17,2,1
000065,201813,2018-03-26,13,2018Q1,1,2018Q1,201813,2018Q1,2,1,2015Q1-2017Q4,2018Q1,2018Q1,2018Q1,same_quarter_last_week_features_to_same_quarter_last_week_fsfp,10,1,0.8823529411764706,0.32218973970892123,0.32218973970892123,0.8823529411764706,17,17,17,4,1
000627,201813,2018-03-26,13,2018Q1,1,2018Q1,201813,2018Q1,2,1,2015Q1-2017Q4,2018Q1,2018Q1,2018Q1,same_quarter_last_week_features_to_same_quarter_last_week_fsfp,10,1,1.1176470588235294,0.32218973970892123,0.32218973970892123,0.8823529411764706,17,17,17,17,1
000831,201813,2018-03-26,13,2018Q1,1,2018Q1,201813,2018Q1,2,1,2015Q1-2017Q4,2018Q1,2018Q1,2018Q1,same_quarter_last_week_features_to_same_quarter_last_week_fsfp,10,1,0.8823529411764706,0.32218973970892123,0.32218973970892123,0.8823529411764706,17,17,17,31,1
002027,201813,2018-03-26,13,2018Q1,1,2018Q1,201813,2018Q1,2,1,2015Q1-2017Q4,2018Q1,2018Q1,2018Q1,same_quarter_last_week_features_to_same_quarter_last_week_fsfp,10,1,0.8823529411764706,0.32218973970892123,0.32218973970892123,0.8823529411764706,17,17,17,43,1
002095,201813,2018-03-26,13,2018Q1,1,2018Q1,201813,2018Q1,2,1,2015Q1-2017Q4,2018Q1,2018Q1,2018Q1,same_quarter_last_week_features_to_same_quarter_last_week_fsfp,10,1,0.8823529411764706,0.32218973970892123,0.32218973970892123,0.8823529411764706,17,17,17,49,1
002290,201813,2018-03-26,13,2018Q1,1,2018Q1,201813,2018Q1,2,1,2015Q1-2017Q4,2018Q1,2018Q1,2018Q1,same_quarter_last_week_features_to_same_quarter_last_week_fsfp,10,0,0.11764705882352941,0.32218973970892123,0.32218973970892123,0.8823529411764706,17,17,17,68,2
002673,201813,2018-03-26,13,2018Q1,1,2018Q1,201813,2018Q1,2,1,2015Q1-2017Q4,2018Q1,2018Q1,2018Q1,same_quarter_last_week_features_to_same_quarter_last_week_fsfp,10,1,0.8823529411764706,0.32218973970892123,0.32218973970892123,0.8823529411764706,17,17,17,100,1
002683,201813,2018-03-26,13,2018Q1,1,2018Q1,201813,2018Q1,2,1,2015Q1-2017Q4,2018Q1,2018Q1,2018Q1,same_quarter_last_week_features_to_same_quarter_last_week_fsfp,10,0,0.11764705882352941,0.32218973970892123,0.32218973970892123,0.8823529411764706,17,17,17,102,0
002733,201813,2018-03-26,13,2018Q1,1,2018Q1,201813,2018Q1,2,1,2015Q1-2017Q4,2018Q1,2018Q1,2018Q1,same_quarter_last_week_features_to_same_quarter_last_week_fsfp,10,1,0.8823529411764706,0.32218973970892123,0.32218973970892123,0.8823529411764706,17,17,17,106,1
002774,201813,2018-03-26,13,2018Q1,1,2018Q1,201813,2018Q1,2,1,2015Q1-2017Q4,2018Q1,2018Q1,2018Q1,same_quarter_last_week_features_to_same_quarter_last_week_fsfp,10,0,0.11764705882352941,0.32218973970892123,0.32218973970892123,0.8823529411764706,17,17,17,110,1
300027,201813,2018-03-26,13,2018Q1,1,2018Q1,201813,2018Q1,2,1,2015Q1-2017Q4,2018Q1,2018Q1,2018Q1,same_quarter_last_week_features_to_same_quarter_last_week_fsfp,10,0,0.11764705882352941,0.32218973970892123,0.32218973970892123,0.8823529411764706,17,17,17,118,1
300252,201813,2018-03-26,13,2018Q1,1,2018Q1,201813,2018Q1,2,1,2015Q1-2017Q4,2018Q1,2018Q1,2018Q1,same_quarter_last_week_features_to_same_quarter_last_week_fsfp,10,1,0.8823529411764706,0.32218973970892123,0.32218973970892123,0.8823529411764706,17,17,17,141,1
300404,201813,2018-03-26,13,2018Q1,1,2018Q1,201813,2018Q1,2,1,2015Q1-2017Q4,2018Q1,2018Q1,2018Q1,same_quarter_last_week_features_to_same_quarter_last_week_fsfp,10,1,0.8823529411764706,0.32218973970892123,0.32218973970892123,0.8823529411764706,17,17,17,154,1
300415,201813,2018-03-26,13,2018Q1,1,2018Q1,201813,2018Q1,2,1,2015Q1-2017Q4,2018Q1,2018Q1,2018Q1,same_quarter_last_week_features_to_same_quarter_last_week_fsfp,10,1,0.8823529411764706,0.32218973970892123,0.32218973970892123,0.8823529411764706,17,17,17,156,1
300512,201813,2018-03-26,13,2018Q1,1,2018Q1,201813,2018Q1,2,1,2015Q1-2017Q4,2018Q1,2018Q1,2018Q1,same_quarter_last_week_features_to_same_quarter_last_week_fsfp,10,0,0.11764705882352941,0.32218973970892123,0.32218973970892123,0.8823529411764706,17,17,17,162,0
600021,201813,2018-03-26,13,2018Q1,1,2018Q1,201813,2018Q1,2,1,2015Q1-2017Q4,2018Q1,2018Q1,2018Q1,same_quarter_last_week_features_to_same_quarter_last_week_fsfp,10,1,0.8823529411764706,0.32218973970892123,0.32218973970892123,0.8823529411764706,17,17,17,168,1
600166,201813,2018-03-26,13,2018Q1,1,2018Q1,201813,2018Q1,2,1,2015Q1-2017Q4,2018Q1,2018Q1,2018Q1,same_quarter_last_week_features_to_same_quarter_last_week_fsfp,10,1,0.8823529411764706,0.32218973970892123,0.32218973970892123,0.8823529411764706,17,17,17,172,1
600323,201813,2018-03-26,13,2018Q1,1,2018Q1,201813,2018Q1,2,1,2015Q1-2017Q4,2018Q1,2018Q1,2018Q1,same_quarter_last_week_features_to_same_quarter_last_week_fsfp,10,1,0.8823529411764706,0.32218973970892123,0.32218973970892123,0.8823529411764706,17,17,17,175,1
600369,201813,2018-03-26,13,2018Q1,1,2018Q1,201813,2018Q1,2,1,2015Q1-2017Q4,2018Q1,2018Q1,2018Q1,same_quarter_last_week_features_to_same_quarter_last_week_fsfp,10,1,0.8823529411764706,0.32218973970892123,0.32218973970892123,0.8823529411764706,17,17,17,177,1
600390,201813,2018-03-26,13,2018Q1,1,2018Q1,201813,2018Q1,2,1,2015Q1-2017Q4,2018Q1,2018Q1,2018Q1,same_quarter_last_week_features_to_same_quarter_last_week_fsfp,10,1,0.8823529411764706,0.32218973970892123,0.32218973970892123,0.8823529411764706,17,17,17,180,1
600479,201813,2018-03-26,13,2018Q1,1,2018Q1,201813,2018Q1,2,1,2015Q1-2017Q4,2018Q1,2018Q1,2018Q1,same_quarter_last_week_features_to_same_quarter_last_week_fsfp,10,1,0.8823529411764706,0.32218973970892123,0.32218973970892123,0.8823529411764706,17,17,17,184,1
600570,201813,2018-03-26,13,2018Q1,1,2018Q1,201813,2018Q1,2,1,2015Q1-2017Q4,2018Q1,2018Q1,2018Q1,same_quarter_last_week_features_to_same_quarter_last_week_fsfp,10,1,1.1176470588235294,0.32218973970892123,0.32218973970892123,0.8823529411764706,17,17,17,187,1
601018,201813,2018-03-26,13,2018Q1,1,2018Q1,201813,2018Q1,2,1,2015Q1-2017Q4,2018Q1,2018Q1,2018Q1,same_quarter_last_week_features_to_same_quarter_last_week_fsfp,10,1,0.8823529411764706,0.32218973970892123,0.32218973970892123,0.8823529411764706,17,17,17,215,1
601899,201813,2018-03-26,13,2018Q1,1,2018Q1,201813,2018Q1,2,1,2015Q1-2017Q4,2018Q1,2018Q1,2018Q1,same_quarter_last_week_features_to_same_quarter_last_week_fsfp,10,1,0.8823529411764706,0.32218973970892123,0.32218973970892123,0.8823529411764706,17,17,17,240,1
603456,201813,2018-03-26,13,2018Q1,1,2018Q1,201813,2018Q1,2,1,2015Q1-2017Q4,2018Q1,2018Q1,2018Q1,same_quarter_last_week_features_to_same_quarter_last_week_fsfp,10,1,0.8823529411764706,0.32218973970892123,0.32218973970892123,0.8823529411764706,17,17,17,256,1
603901,201813,2018-03-26,13,2018Q1,1,2018Q1,201813,2018Q1,2,1,2015Q1-2017Q4,2018Q1,2018Q1,2018Q1,same_quarter_last_week_features_to_same_quarter_last_week_fsfp,10,1,0.8823529411764706,0.32218973970892123,0.32218973970892123,0.8823529411764706,17,17,17,275,1
603906,201813,2018-03-26,13,2018Q1,1,2018Q1,201813,2018Q1,2,1,2015Q1-2017Q4,2018Q1,2018Q1,2018Q1,same_quarter_last_week_features_to_same_quarter_last_week_fsfp,10,1,0.8823529411764706,0.32218973970892123,0.32218973970892123,0.8823529411764706,17,17,17,277,1
002632,201813,2018-03-26,13,2018Q1,1,2018Q1,201813,2018Q1,2,1,2015Q1-2017Q4,2018Q1,2018Q1,2018Q1,same_quarter_last_week_features_to_same_quarter_last_week_fsfp,10,1,0.8235294117647058,0.3812200410828151,0.3812200410828151,0.8235294117647058,17,17,17,95,1
002696,201813,2018-03-26,13,2018Q1,1,2018Q1,201813,2018Q1,2,1,2015Q1-2017Q4,2018Q1,2018Q1,2018Q1,same_quarter_last_week_features_to_same_quarter_last_week_fsfp,10,1,0.8235294117647058,0.3812200410828151,0.3812200410828151,0.8235294117647058,17,17,17,103,1
300144,201813,2018-03-26,13,2018Q1,1,2018Q1,201813,2018Q1,2,1,2015Q1-2017Q4,2018Q1,2018Q1,2018Q1,same_quarter_last_week_features_to_same_quarter_last_week_fsfp,10,0,0.17647058823529413,0.3812200410828151,0.3812200410828151,0.8235294117647058,17,17,17,129,1
300177,201813,2018-03-26,13,2018Q1,1,2018Q1,201813,2018Q1,2,1,2015Q1-2017Q4,2018Q1,2018Q1,2018Q1,same_quarter_last_week_features_to_same_quarter_last_week_fsfp,10,1,0.8235294117647058,0.3812200410828151,0.3812200410828151,0.8235294117647058,17,17,17,134,1
300401,201813,2018-03-26,13,2018Q1,1,2018Q1,201813,2018Q1,2,1,2015Q1-2017Q4,2018Q1,2018Q1,2018Q1,same_quarter_last_week_features_to_same_quarter_last_week_fsfp,10,1,0.8235294117647058,0.3812200410828151,0.3812200410828151,0.8235294117647058,17,17,17,153,1
600688,201813,2018-03-26,13,2018Q1,1,2018Q1,201813,2018Q1,2,1,2015Q1-2017Q4,2018Q1,2018Q1,2018Q1,same_quarter_last_week_features_to_same_quarter_last_week_fsfp,10,1,0.8235294117647058,0.3812200410828151,0.3812200410828151,0.8235294117647058,17,17,17,193,1
600826,201813,2018-03-26,13,2018Q1,1,2018Q1,201813,2018Q1,2,1,2015Q1-2017Q4,2018Q1,2018Q1,2018Q1,same_quarter_last_week_features_to_same_quarter_last_week_fsfp,10,1,1.1764705882352942,0.3812200410828151,0.3812200410828151,0.8235294117647058,17,17,17,202,1
601003,201813,2018-03-26,13,2018Q1,1,2018Q1,201813,2018Q1,2,1,2015Q1-2017Q4,2018Q1,2018Q1,2018Q1,same_quarter_last_week_features_to_same_quarter_last_week_fsfp,10,1,1.1764705882352942,0.3812200410828151,0.3812200410828151,0.8235294117647058,17,17,17,214,1
603012,201813,2018-03-26,13,2018Q1,1,2018Q1,201813,2018Q1,2,1,2015Q1-2017Q4,2018Q1,2018Q1,2018Q1,same_quarter_last_week_features_to_same_quarter_last_week_fsfp,10,1,0.8235294117647058,0.3812200410828151,0.3812200410828151,0.8235294117647058,17,17,17,244,1
603888,201813,2018-03-26,13,2018Q1,1,2018Q1,201813,2018Q1,2,1,2015Q1-2017Q4,2018Q1,2018Q1,2018Q1,same_quarter_last_week_features_to_same_quarter_last_week_fsfp,10,0,0.17647058823529413,0.3812200410828151,0.3812200410828151,0.8235294117647058,17,17,17,273,0
000510,201813,2018-03-26,13,2018Q1,1,2018Q1,201813,2018Q1,2,1,2015Q1-2017Q4,2018Q1,2018Q1,2018Q1,same_quarter_last_week_features_to_same_quarter_last_week_fsfp,10,1,0.8235294117647058,0.38122004108281515,0.38122004108281515,0.8235294117647058,17,17,17,10,1
000655,201813,2018-03-26,13,2018Q1,1,2018Q1,201813,2018Q1,2,1,2015Q1-2017Q4,2018Q1,2018Q1,2018Q1,same_quarter_last_week_features_to_same_quarter_last_week_fsfp,10,1,1.1764705882352942,0.38122004108281515,0.38122004108281515,0.8235294117647058,17,17,17,19,1
002145,201813,2018-03-26,13,2018Q1,1,2018Q1,201813,2018Q1,2,1,2015Q1-2017Q4,2018Q1,2018Q1,2018Q1,same_quarter_last_week_features_to_same_quarter_last_week_fsfp,10,0,0.17647058823529413,0.38122004108281515,0.38122004108281515,0.8235294117647058,17,17,17,51,1
603098,201813,2018-03-26,13,2018Q1,1,2018Q1,201813,2018Q1,2,1,2015Q1-2017Q4,2018Q1,2018Q1,2018Q1,same_quarter_last_week_features_to_same_quarter_last_week_fsfp,10,2,1.8235294117647058,0.38122004108281515,0.38122004108281515,0.8235294117647058,17,17,17,247,2
000878,201813,2018-03-26,13,2018Q1,1,2018Q1,201813,2018Q1,2,1,2015Q1-2017Q4,2018Q1,2018Q1,2018Q1,same_quarter_last_week_features_to_same_quarter_last_week_fsfp,10,0,0.17647058823529413,0.3812200410828152,0.3812200410828152,0.8235294117647058,17,17,17,34,0
000036,201813,2018-03-26,13,2018Q1,1,2018Q1,201813,2018Q1,2,1,2015Q1-2017Q4,2018Q1,2018Q1,2018Q1,same_quarter_last_week_features_to_same_quarter_last_week_fsfp,10,0,0.17647058823529413,0.38122004108281526,0.38122004108281526,0.8235294117647058,17,17,17,1,1
300433,201813,2018-03-26,13,2018Q1,1,2018Q1,201813,2018Q1,2,1,2015Q1-2017Q4,2018Q1,2018Q1,2018Q1,same_quarter_last_week_features_to_same_quarter_last_week_fsfp,10,1,0.8235294117647058,0.38122004108281526,0.38122004108281526,0.8235294117647058,17,17,17,157,1
600663,201813,2018-03-26,13,2018Q1,1,2018Q1,201813,2018Q1,2,1,2015Q1-2017Q4,2018Q1,2018Q1,2018Q1,same_quarter_last_week_features_to_same_quarter_last_week_fsfp,10,1,0.8235294117647058,0.38122004108281526,0.38122004108281526,0.8235294117647058,17,17,17,192,1
600708,201813,2018-03-26,13,2018Q1,1,2018Q1,201813,2018Q1,2,1,2015Q1-2017Q4,2018Q1,2018Q1,2018Q1,same_quarter_last_week_features_to_same_quarter_last_week_fsfp,10,1,0.8235294117647058,0.38122004108281526,0.38122004108281526,0.8235294117647058,17,17,17,195,1
601628,201813,2018-03-26,13,2018Q1,1,2018Q1,201813,2018Q1,2,1,2015Q1-2017Q4,2018Q1,2018Q1,2018Q1,same_quarter_last_week_features_to_same_quarter_last_week_fsfp,10,1,0.8235294117647058,0.38122004108281526,0.38122004108281526,0.8235294117647058,17,17,17,230,1
000609,201813,2018-03-26,13,2018Q1,1,2018Q1,201813,2018Q1,2,1,2015Q1-2017Q4,2018Q1,2018Q1,2018Q1,same_quarter_last_week_features_to_same_quarter_last_week_fsfp,10,1,0.8235294117647058,0.3812200410828153,0.3812200410828153,0.8235294117647058,17,17,17,16,2
002317,201813,2018-03-26,13,2018Q1,1,2018Q1,201813,2018Q1,2,1,2015Q1-2017Q4,2018Q1,2018Q1,2018Q1,same_quarter_last_week_features_to_same_quarter_last_week_fsfp,10,1,0.8235294117647058,0.3812200410828153,0.3812200410828153,0.8235294117647058,17,17,17,72,0
002363,201813,2018-03-26,13,2018Q1,1,2018Q1,201813,2018Q1,2,1,2015Q1-2017Q4,2018Q1,2018Q1,2018Q1,same_quarter_last_week_features_to_same_quarter_last_week_fsfp,10,0,0.17647058823529413,0.3812200410828153,0.3812200410828153,0.8235294117647058,17,17,17,76,0
002384,201804,2018-01-22,4,2018Q1,1,2018Q1,201804,2018Q1,2,1,2015Q1-2017Q4,2018Q1,2018Q1,2018Q1,same_quarter_last_week_features_to_same_quarter_last_week_fsfp,10,0,0.17647058823529413,0.3812200410828153,0.3812200410828153,0.8235294117647058,17,17,17,78,0
600900,201813,2018-03-26,13,2018Q1,1,2018Q1,201813,2018Q1,2,1,2015Q1-2017Q4,2018Q1,2018Q1,2018Q1,same_quarter_last_week_features_to_same_quarter_last_week_fsfp,10,0,0.17647058823529413,0.3812200410828153,0.3812200410828153,0.8235294117647058,17,17,17,207,0
601158,201813,2018-03-26,13,2018Q1,1,2018Q1,201813,2018Q1,2,1,2015Q1-2017Q4,2018Q1,2018Q1,2018Q1,same_quarter_last_week_features_to_same_quarter_last_week_fsfp,10,0,0.17647058823529413,0.3812200410828153,0.3812200410828153,0.8235294117647058,17,17,17,220,0
601991,201813,2018-03-26,13,2018Q1,1,2018Q1,201813,2018Q1,2,1,2015Q1-2017Q4,2018Q1,2018Q1,2018Q1,same_quarter_last_week_features_to_same_quarter_last_week_fsfp,10,0,0.17647058823529413,0.3812200410828153,0.3812200410828153,0.8235294117647058,17,17,17,242,0
603158,201813,2018-03-26,13,2018Q1,1,2018Q1,201813,2018Q1,2,1,2015Q1-2017Q4,2018Q1,2018Q1,2018Q1,same_quarter_last_week_features_to_same_quarter_last_week_fsfp,10,0,0.17647058823529413,0.3812200410828153,0.3812200410828153,0.8235294117647058,17,17,17,248,0
603601,201813,2018-03-26,13,2018Q1,1,2018Q1,201813,2018Q1,2,1,2015Q1-2017Q4,2018Q1,2018Q1,2018Q1,same_quarter_last_week_features_to_same_quarter_last_week_fsfp,10,0,0.17647058823529413,0.3812200410828153,0.3812200410828153,0.8235294117647058,17,17,17,259,0
603738,201813,2018-03-26,13,2018Q1,1,2018Q1,201813,2018Q1,2,1,2015Q1-2017Q4,2018Q1,2018Q1,2018Q1,same_quarter_last_week_features_to_same_quarter_last_week_fsfp,10,0,0.17647058823529413,0.3812200410828153,0.3812200410828153,0.8235294117647058,17,17,17,264,0
002127,201813,2018-03-26,13,2018Q1,1,2018Q1,201813,2018Q1,2,1,2015Q1-2017Q4,2018Q1,2018Q1,2018Q1,same_quarter_last_week_features_to_same_quarter_last_week_fsfp,10,1,0.9411764705882353,0.4159451654038514,0.4159451654038514,0.8235294117647058,17,17,17,50,1
000401,201813,2018-03-26,13,2018Q1,1,2018Q1,201813,2018Q1,2,1,2015Q1-2017Q4,2018Q1,2018Q1,2018Q1,same_quarter_last_week_features_to_same_quarter_last_week_fsfp,10,1,0.7647058823529411,0.4241825029957634,0.4241825029957634,0.7647058823529411,17,17,17,6,1
000953,201813,2018-03-26,13,2018Q1,1,2018Q1,201813,2018Q1,2,1,2015Q1-2017Q4,2018Q1,2018Q1,2018Q1,same_quarter_last_week_features_to_same_quarter_last_week_fsfp,10,0,0.23529411764705882,0.4241825029957634,0.4241825029957634,0.7647058823529411,17,17,17,36,0
002037,201813,2018-03-26,13,2018Q1,1,2018Q1,201813,2018Q1,2,1,2015Q1-2017Q4,2018Q1,2018Q1,2018Q1,same_quarter_last_week_features_to_same_quarter_last_week_fsfp,10,0,0.23529411764705882,0.4241825029957634,0.4241825029957634,0.7647058823529411,17,17,17,45,1
002157,201813,2018-03-26,13,2018Q1,1,2018Q1,201813,2018Q1,2,1,2015Q1-2017Q4,2018Q1,2018Q1,2018Q1,same_quarter_last_week_features_to_same_quarter_last_week_fsfp,10,0,0.23529411764705882,0.4241825029957634,0.4241825029957634,0.7647058823529411,17,17,17,52,1
002233,201813,2018-03-26,13,2018Q1,1,2018Q1,201813,2018Q1,2,1,2015Q1-2017Q4,2018Q1,2018Q1,2018Q1,same_quarter_last_week_features_to_same_quarter_last_week_fsfp,10,1,0.7647058823529411,0.4241825029957634,0.4241825029957634,0.7647058823529411,17,17,17,58,1
002352,201813,2018-03-26,13,2018Q1,1,2018Q1,201813,2018Q1,2,1,2015Q1-2017Q4,2018Q1,2018Q1,2018Q1,same_quarter_last_week_features_to_same_quarter_last_week_fsfp,10,1,0.7647058823529411,0.4241825029957634,0.4241825029957634,0.7647058823529411,17,17,17,74,1
300031,201813,2018-03-26,13,2018Q1,1,2018Q1,201813,2018Q1,2,1,2015Q1-2017Q4,2018Q1,2018Q1,2018Q1,same_quarter_last_week_features_to_same_quarter_last_week_fsfp,10,1,0.7647058823529411,0.4241825029957634,0.4241825029957634,0.7647058823529411,17,17,17,119,1
300036,201813,2018-03-26,13,2018Q1,1,2018Q1,201813,2018Q1,2,1,2015Q1-2017Q4,2018Q1,2018Q1,2018Q1,same_quarter_last_week_features_to_same_quarter_last_week_fsfp,10,1,0.7647058823529411,0.4241825029957634,0.4241825029957634,0.7647058823529411,17,17,17,120,1
300066,201813,2018-03-26,13,2018Q1,1,2018Q1,201813,2018Q1,2,1,2015Q1-2017Q4,2018Q1,2018Q1,2018Q1,same_quarter_last_week_features_to_same_quarter_last_week_fsfp,10,0,0.23529411764705882,0.4241825029957634,0.4241825029957634,0.7647058823529411,17,17,17,123,2
300110,201813,2018-03-26,13,2018Q1,1,2018Q1,201813,2018Q1,2,1,2015Q1-2017Q4,2018Q1,2018Q1,2018Q1,same_quarter_last_week_features_to_same_quarter_last_week_fsfp,10,1,0.7647058823529411,0.4241825029957634,0.4241825029957634,0.7647058823529411,17,17,17,126,1
300204,201813,2018-03-26,13,2018Q1,1,2018Q1,201813,2018Q1,2,1,2015Q1-2017Q4,2018Q1,2018Q1,2018Q1,same_quarter_last_week_features_to_same_quarter_last_week_fsfp,10,1,1.2352941176470589,0.4241825029957634,0.4241825029957634,0.7647058823529411,17,17,17,137,1
600079,201813,2018-03-26,13,2018Q1,1,2018Q1,201813,2018Q1,2,1,2015Q1-2017Q4,2018Q1,2018Q1,2018Q1,same_quarter_last_week_features_to_same_quarter_last_week_fsfp,10,1,0.7647058823529411,0.4241825029957634,0.4241825029957634,0.7647058823529411,17,17,17,169,1
600085,201813,2018-03-26,13,2018Q1,1,2018Q1,201813,2018Q1,2,1,2015Q1-2017Q4,2018Q1,2018Q1,2018Q1,same_quarter_last_week_features_to_same_quarter_last_week_fsfp,10,1,0.7647058823529411,0.4241825029957634,0.4241825029957634,0.7647058823529411,17,17,17,170,1
600332,201813,2018-03-26,13,2018Q1,1,2018Q1,201813,2018Q1,2,1,2015Q1-2017Q4,2018Q1,2018Q1,2018Q1,same_quarter_last_week_features_to_same_quarter_last_week_fsfp,10,1,0.7647058823529411,0.4241825029957634,0.4241825029957634,0.7647058823529411,17,17,17,176,1
600428,201813,2018-03-26,13,2018Q1,1,2018Q1,201813,2018Q1,2,1,2015Q1-2017Q4,2018Q1,2018Q1,2018Q1,same_quarter_last_week_features_to_same_quarter_last_week_fsfp,10,1,0.7647058823529411,0.4241825029957634,0.4241825029957634,0.7647058823529411,17,17,17,183,1
600909,201813,2018-03-26,13,2018Q1,1,2018Q1,201813,2018Q1,2,1,2015Q1-2017Q4,2018Q1,2018Q1,2018Q1,same_quarter_last_week_features_to_same_quarter_last_week_fsfp,10,1,0.7647058823529411,0.4241825029957634,0.4241825029957634,0.7647058823529411,17,17,17,208,1
601228,201813,2018-03-26,13,2018Q1,1,2018Q1,201813,2018Q1,2,1,2015Q1-2017Q4,2018Q1,2018Q1,2018Q1,same_quarter_last_week_features_to_same_quarter_last_week_fsfp,10,1,0.7647058823529411,0.4241825029957634,0.4241825029957634,0.7647058823529411,17,17,17,227,1
601818,201813,2018-03-26,13,2018Q1,1,2018Q1,201813,2018Q1,2,1,2015Q1-2017Q4,2018Q1,2018Q1,2018Q1,same_quarter_last_week_features_to_same_quarter_last_week_fsfp,10,1,0.7647058823529411,0.4241825029957634,0.4241825029957634,0.7647058823529411,17,17,17,236,1
603818,201813,2018-03-26,13,2018Q1,1,2018Q1,201813,2018Q1,2,1,2015Q1-2017Q4,2018Q1,2018Q1,2018Q1,same_quarter_last_week_features_to_same_quarter_last_week_fsfp,10,1,0.7647058823529411,0.4241825029957634,0.4241825029957634,0.7647058823529411,17,17,17,266,1
000572,201813,2018-03-26,13,2018Q1,1,2018Q1,201813,2018Q1,2,1,2015Q1-2017Q4,2018Q1,2018Q1,2018Q1,same_quarter_last_week_features_to_same_quarter_last_week_fsfp,10,1,0.7058823529411765,0.4556450995538136,0.4556450995538136,0.7058823529411765,17,17,17,14,1
000777,201813,2018-03-26,13,2018Q1,1,2018Q1,201813,2018Q1,2,1,2015Q1-2017Q4,2018Q1,2018Q1,2018Q1,same_quarter_last_week_features_to_same_quarter_last_week_fsfp,10,1,0.7058823529411765,0.4556450995538136,0.4556450995538136,0.7058823529411765,17,17,17,27,1
002038,201813,2018-03-26,13,2018Q1,1,2018Q1,201813,2018Q1,2,1,2015Q1-2017Q4,2018Q1,2018Q1,2018Q1,same_quarter_last_week_features_to_same_quarter_last_week_fsfp,10,1,0.7058823529411765,0.4556450995538136,0.4556450995538136,0.7058823529411765,17,17,17,46,1
002164,201813,2018-03-26,13,2018Q1,1,2018Q1,201813,2018Q1,2,1,2015Q1-2017Q4,2018Q1,2018Q1,2018Q1,same_quarter_last_week_features_to_same_quarter_last_week_fsfp,10,1,0.7058823529411765,0.4556450995538136,0.4556450995538136,0.7058823529411765,17,17,17,53,1
600637,201813,2018-03-26,13,2018Q1,1,2018Q1,201813,2018Q1,2,1,2015Q1-2017Q4,2018Q1,2018Q1,2018Q1,same_quarter_last_week_features_to_same_quarter_last_week_fsfp,10,1,0.7058823529411765,0.4556450995538136,0.4556450995538136,0.7058823529411765,17,17,17,190,1
600773,201813,2018-03-26,13,2018Q1,1,2018Q1,201813,2018Q1,2,1,2015Q1-2017Q4,2018Q1,2018Q1,2018Q1,same_quarter_last_week_features_to_same_quarter_last_week_fsfp,10,1,0.7058823529411765,0.4556450995538136,0.4556450995538136,0.7058823529411765,17,17,17,196,1
600999,201813,2018-03-26,13,2018Q1,1,2018Q1,201813,2018Q1,2,1,2015Q1-2017Q4,2018Q1,2018Q1,2018Q1,same_quarter_last_week_features_to_same_quarter_last_week_fsfp,10,1,0.7058823529411765,0.4556450995538136,0.4556450995538136,0.7058823529411765,17,17,17,213,1
601688,201813,2018-03-26,13,2018Q1,1,2018Q1,201813,2018Q1,2,1,2015Q1-2017Q4,2018Q1,2018Q1,2018Q1,same_quarter_last_week_features_to_same_quarter_last_week_fsfp,10,1,0.7058823529411765,0.4556450995538136,0.4556450995538136,0.7058823529411765,17,17,17,233,1
601881,201813,2018-03-26,13,2018Q1,1,2018Q1,201813,2018Q1,2,1,2015Q1-2017Q4,2018Q1,2018Q1,2018Q1,same_quarter_last_week_features_to_same_quarter_last_week_fsfp,10,1,0.7058823529411765,0.4556450995538136,0.4556450995538136,0.7058823529411765,17,17,17,238,1
601933,201813,2018-03-26,13,2018Q1,1,2018Q1,201813,2018Q1,2,1,2015Q1-2017Q4,2018Q1,2018Q1,2018Q1,same_quarter_last_week_features_to_same_quarter_last_week_fsfp,10,1,0.7058823529411765,0.4556450995538136,0.4556450995538136,0.7058823529411765,17,17,17,241,1
603085,201813,2018-03-26,13,2018Q1,1,2018Q1,201813,2018Q1,2,1,2015Q1-2017Q4,2018Q1,2018Q1,2018Q1,same_quarter_last_week_features_to_same_quarter_last_week_fsfp,10,1,0.7058823529411765,0.4556450995538136,0.4556450995538136,0.7058823529411765,17,17,17,246,1
000545,201813,2018-03-26,13,2018Q1,1,2018Q1,201813,2018Q1,2,1,2015Q1-2017Q4,2018Q1,2018Q1,2018Q1,same_quarter_last_week_features_to_same_quarter_last_week_fsfp,10,1,0.7058823529411765,0.45564509955381366,0.45564509955381366,0.7058823529411765,17,17,17,12,0
002522,201813,2018-03-26,13,2018Q1,1,2018Q1,201813,2018Q1,2,1,2015Q1-2017Q4,2018Q1,2018Q1,2018Q1,same_quarter_last_week_features_to_same_quarter_last_week_fsfp,10,1,0.7058823529411765,0.45564509955381366,0.45564509955381366,0.7058823529411765,17,17,17,88,1
002630,201813,2018-03-26,13,2018Q1,1,2018Q1,201813,2018Q1,2,1,2015Q1-2017Q4,2018Q1,2018Q1,2018Q1,same_quarter_last_week_features_to_same_quarter_last_week_fsfp,10,1,0.7058823529411765,0.45564509955381366,0.45564509955381366,0.7058823529411765,17,17,17,94,2
002353,201813,2018-03-26,13,2018Q1,1,2018Q1,201813,2018Q1,2,1,2015Q1-2017Q4,2018Q1,2018Q1,2018Q1,same_quarter_last_week_features_to_same_quarter_last_week_fsfp,10,1,0.7058823529411765,0.4556450995538137,0.4556450995538137,0.7058823529411765,17,17,17,75,0
000876,201813,2018-03-26,13,2018Q1,1,2018Q1,201813,2018Q1,2,1,2015Q1-2017Q4,2018Q1,2018Q1,2018Q1,same_quarter_last_week_features_to_same_quarter_last_week_fsfp,10,0,0.29411764705882354,0.4556450995538138,0.4556450995538138,0.7058823529411765,17,17,17,33,0
300519,201813,2018-03-26,13,2018Q1,1,2018Q1,201813,2018Q1,2,1,2015Q1-2017Q4,2018Q1,2018Q1,2018Q1,same_quarter_last_week_features_to_same_quarter_last_week_fsfp,10,0,0.29411764705882354,0.4556450995538138,0.4556450995538138,0.7058823529411765,17,17,17,163,0
603866,201813,2018-03-26,13,2018Q1,1,2018Q1,201813,2018Q1,2,1,2015Q1-2017Q4,2018Q1,2018Q1,2018Q1,same_quarter_last_week_features_to_same_quarter_last_week_fsfp,10,0,0.29411764705882354,0.4556450995538138,0.4556450995538138,0.7058823529411765,17,17,17,269,1
300259,201813,2018-03-26,13,2018Q1,1,2018Q1,201813,2018Q1,2,1,2015Q1-2017Q4,2018Q1,2018Q1,2018Q1,same_quarter_last_week_features_to_same_quarter_last_week_fsfp,10,0,0.29411764705882354,0.4556450995538139,0.4556450995538139,0.7058823529411765,17,17,17,143,0
002296,201813,2018-03-26,13,2018Q1,1,2018Q1,201813,2018Q1,2,1,2015Q1-2017Q4,2018Q1,2018Q1,2018Q1,same_quarter_last_week_features_to_same_quarter_last_week_fsfp,10,1,1.1176470588235294,0.4705882352941177,0.4705882352941177,0.7647058823529411,17,17,17,71,0
300463,201813,2018-03-26,13,2018Q1,1,2018Q1,201813,2018Q1,2,1,2015Q1-2017Q4,2018Q1,2018Q1,2018Q1,same_quarter_last_week_features_to_same_quarter_last_week_fsfp,10,2,1.8823529411764706,0.4705882352941177,0.4705882352941177,0.9411764705882353,17,17,17,159,2
000541,201813,2018-03-26,13,2018Q1,1,2018Q1,201813,2018Q1,2,1,2015Q1-2017Q4,2018Q1,2018Q1,2018Q1,same_quarter_last_week_features_to_same_quarter_last_week_fsfp,10,1,1.1176470588235294,0.47058823529411775,0.47058823529411775,0.7647058823529411,17,17,17,11,2
601199,201813,2018-03-26,13,2018Q1,1,2018Q1,201813,2018Q1,2,1,2015Q1-2017Q4,2018Q1,2018Q1,2018Q1,same_quarter_last_week_features_to_same_quarter_last_week_fsfp,10,1,1.1176470588235294,0.4705882352941178,0.4705882352941178,0.7647058823529411,17,17,17,224,1
600527,201813,2018-03-26,13,2018Q1,1,2018Q1,201813,2018Q1,2,1,2015Q1-2017Q4,2018Q1,2018Q1,2018Q1,same_quarter_last_week_features_to_same_quarter_last_week_fsfp,10,0,0.11764705882352941,0.47058823529411786,0.47058823529411786,0.9411764705882353,17,17,17,185,0
002190,201813,2018-03-26,13,2018Q1,1,2018Q1,201813,2018Q1,2,1,2015Q1-2017Q4,2018Q1,2018Q1,2018Q1,same_quarter_last_week_features_to_same_quarter_last_week_fsfp,10,1,0.6470588235294118,0.47788461203740945,0.47788461203740945,0.6470588235294118,17,17,17,55,1
002238,201813,2018-03-26,13,2018Q1,1,2018Q1,201813,2018Q1,2,1,2015Q1-2017Q4,2018Q1,2018Q1,2018Q1,same_quarter_last_week_features_to_same_quarter_last_week_fsfp,10,0,0.35294117647058826,0.47788461203740945,0.47788461203740945,0.6470588235294118,17,17,17,60,1
601668,201813,2018-03-26,13,2018Q1,1,2018Q1,201813,2018Q1,2,1,2015Q1-2017Q4,2018Q1,2018Q1,2018Q1,same_quarter_last_week_features_to_same_quarter_last_week_fsfp,10,0,0.35294117647058826,0.47788461203740945,0.47788461203740945,0.6470588235294118,17,17,17,232,1
000736,201813,2018-03-26,13,2018Q1,1,2018Q1,201813,2018Q1,2,1,2015Q1-2017Q4,2018Q1,2018Q1,2018Q1,same_quarter_last_week_features_to_same_quarter_last_week_fsfp,10,0,0.35294117647058826,0.4778846120374095,0.4778846120374095,0.6470588235294118,17,17,17,23,0
002292,201813,2018-03-26,13,2018Q1,1,2018Q1,201813,2018Q1,2,1,2015Q1-2017Q4,2018Q1,2018Q1,2018Q1,same_quarter_last_week_features_to_same_quarter_last_week_fsfp,10,0,0.35294117647058826,0.4778846120374095,0.4778846120374095,0.6470588235294118,17,17,17,69,1
002570,201813,2018-03-26,13,2018Q1,1,2018Q1,201813,2018Q1,2,1,2015Q1-2017Q4,2018Q1,2018Q1,2018Q1,same_quarter_last_week_features_to_same_quarter_last_week_fsfp,10,1,1.3529411764705883,0.4778846120374095,0.4778846120374095,0.6470588235294118,17,17,17,91,1
002700,201813,2018-03-26,13,2018Q1,1,2018Q1,201813,2018Q1,2,1,2015Q1-2017Q4,2018Q1,2018Q1,2018Q1,same_quarter_last_week_features_to_same_quarter_last_week_fsfp,10,0,0.35294117647058826,0.4778846120374095,0.4778846120374095,0.6470588235294118,17,17,17,104,0
300053,201813,2018-03-26,13,2018Q1,1,2018Q1,201813,2018Q1,2,1,2015Q1-2017Q4,2018Q1,2018Q1,2018Q1,same_quarter_last_week_features_to_same_quarter_last_week_fsfp,10,0,0.35294117647058826,0.4778846120374095,0.4778846120374095,0.6470588235294118,17,17,17,122,0
300597,201813,2018-03-26,13,2018Q1,1,2018Q1,201813,2018Q1,2,1,2015Q1-2017Q4,2018Q1,2018Q1,2018Q1,same_quarter_last_week_features_to_same_quarter_last_week_fsfp,10,1,0.6470588235294118,0.4778846120374095,0.4778846120374095,0.6470588235294118,17,17,17,166,0
600698,201813,2018-03-26,13,2018Q1,1,2018Q1,201813,2018Q1,2,1,2015Q1-2017Q4,2018Q1,2018Q1,2018Q1,same_quarter_last_week_features_to_same_quarter_last_week_fsfp,10,1,1.3529411764705883,0.4778846120374095,0.4778846120374095,0.6470588235294118,17,17,17,194,1
600967,201813,2018-03-26,13,2018Q1,1,2018Q1,201813,2018Q1,2,1,2015Q1-2017Q4,2018Q1,2018Q1,2018Q1,same_quarter_last_week_features_to_same_quarter_last_week_fsfp,10,1,0.6470588235294118,0.4778846120374095,0.4778846120374095,0.6470588235294118,17,17,17,209,1
002440,201813,2018-03-26,13,2018Q1,1,2018Q1,201813,2018Q1,2,1,2015Q1-2017Q4,2018Q1,2018Q1,2018Q1,same_quarter_last_week_features_to_same_quarter_last_week_fsfp,10,1,0.6470588235294118,0.47788461203740956,0.47788461203740956,0.6470588235294118,17,17,17,86,0
002663,201813,2018-03-26,13,2018Q1,1,2018Q1,201813,2018Q1,2,1,2015Q1-2017Q4,2018Q1,2018Q1,2018Q1,same_quarter_last_week_features_to_same_quarter_last_week_fsfp,10,1,0.6470588235294118,0.47788461203740956,0.47788461203740956,0.6470588235294118,17,17,17,99,2
600600,201813,2018-03-26,13,2018Q1,1,2018Q1,201813,2018Q1,2,1,2015Q1-2017Q4,2018Q1,2018Q1,2018Q1,same_quarter_last_week_features_to_same_quarter_last_week_fsfp,10,1,0.6470588235294118,0.47788461203740956,0.47788461203740956,0.6470588235294118,17,17,17,189,1
601186,201813,2018-03-26,13,2018Q1,1,2018Q1,201813,2018Q1,2,1,2015Q1-2017Q4,2018Q1,2018Q1,2018Q1,same_quarter_last_week_features_to_same_quarter_last_week_fsfp,10,1,0.6470588235294118,0.47788461203740956,0.47788461203740956,0.6470588235294118,17,17,17,222,1
000697,201813,2018-03-26,13,2018Q1,1,2018Q1,201813,2018Q1,2,1,2015Q1-2017Q4,2018Q1,2018Q1,2018Q1,same_quarter_last_week_features_to_same_quarter_last_week_fsfp,10,1,1.0,0.48507125007266594,0.48507125007266594,0.7647058823529411,17,17,17,20,2
000552,201813,2018-03-26,13,2018Q1,1,2018Q1,201813,2018Q1,2,1,2015Q1-2017Q4,2018Q1,2018Q1,2018Q1,same_quarter_last_week_features_to_same_quarter_last_week_fsfp,10,1,0.5882352941176471,0.49215295678475035,0.49215295678475035,0.5882352941176471,17,17,17,13,0
002007,201813,2018-03-26,13,2018Q1,1,2018Q1,201813,2018Q1,2,1,2015Q1-2017Q4,2018Q1,2018Q1,2018Q1,same_quarter_last_week_features_to_same_quarter_last_week_fsfp,10,1,0.5882352941176471,0.49215295678475035,0.49215295678475035,0.5882352941176471,17,17,17,40,0
002034,201809,2018-02-26,9,2018Q1,1,2018Q1,201809,2018Q1,2,1,2015Q1-2017Q4,2018Q1,2018Q1,2018Q1,same_quarter_last_week_features_to_same_quarter_last_week_fsfp,10,0,0.4117647058823529,0.49215295678475035,0.49215295678475035,0.5882352941176471,17,17,17,44,0
002382,201813,2018-03-26,13,2018Q1,1,2018Q1,201813,2018Q1,2,1,2015Q1-2017Q4,2018Q1,2018Q1,2018Q1,same_quarter_last_week_features_to_same_quarter_last_week_fsfp,10,1,0.5882352941176471,0.49215295678475035,0.49215295678475035,0.5882352941176471,17,17,17,77,0
300172,201813,2018-03-26,13,2018Q1,1,2018Q1,201813,2018Q1,2,1,2015Q1-2017Q4,2018Q1,2018Q1,2018Q1,same_quarter_last_week_features_to_same_quarter_last_week_fsfp,10,1,0.5882352941176471,0.49215295678475035,0.49215295678475035,0.5882352941176471,17,17,17,133,2
300254,201813,2018-03-26,13,2018Q1,1,2018Q1,201813,2018Q1,2,1,2015Q1-2017Q4,2018Q1,2018Q1,2018Q1,same_quarter_last_week_features_to_same_quarter_last_week_fsfp,10,1,1.411764705882353,0.49215295678475035,0.49215295678475035,0.5882352941176471,17,17,17,142,1
600535,201813,2018-03-26,13,2018Q1,1,2018Q1,201813,2018Q1,2,1,2015Q1-2017Q4,2018Q1,2018Q1,2018Q1,same_quarter_last_week_features_to_same_quarter_last_week_fsfp,10,1,0.5882352941176471,0.49215295678475035,0.49215295678475035,0.5882352941176471,17,17,17,186,1
603898,201813,2018-03-26,13,2018Q1,1,2018Q1,201813,2018Q1,2,1,2015Q1-2017Q4,2018Q1,2018Q1,2018Q1,same_quarter_last_week_features_to_same_quarter_last_week_fsfp,10,1,0.5882352941176471,0.49215295678475035,0.49215295678475035,0.5882352941176471,17,17,17,274,1
300215,201813,2018-03-26,13,2018Q1,1,2018Q1,201813,2018Q1,2,1,2015Q1-2017Q4,2018Q1,2018Q1,2018Q1,same_quarter_last_week_features_to_same_quarter_last_week_fsfp,10,1,0.5882352941176471,0.4921529567847504,0.4921529567847504,0.5882352941176471,17,17,17,138,1
002427,201813,2018-03-26,13,2018Q1,1,2018Q1,201813,2018Q1,2,1,2015Q1-2017Q4,2018Q1,2018Q1,2018Q1,same_quarter_last_week_features_to_same_quarter_last_week_fsfp,10,0,0.47058823529411764,0.49913419848462176,0.49913419848462176,0.5294117647058824,17,17,17,83,0
002431,201813,2018-03-26,13,2018Q1,1,2018Q1,201813,2018Q1,2,1,2015Q1-2017Q4,2018Q1,2018Q1,2018Q1,same_quarter_last_week_features_to_same_quarter_last_week_fsfp,10,1,0.5294117647058824,0.49913419848462176,0.49913419848462176,0.5294117647058824,17,17,17,84,0
002643,201813,2018-03-26,13,2018Q1,1,2018Q1,201813,2018Q1,2,1,2015Q1-2017Q4,2018Q1,2018Q1,2018Q1,same_quarter_last_week_features_to_same_quarter_last_week_fsfp,10,1,0.5294117647058824,0.49913419848462176,0.49913419848462176,0.5294117647058824,17,17,17,97,1
002792,201813,2018-03-26,13,2018Q1,1,2018Q1,201813,2018Q1,2,1,2015Q1-2017Q4,2018Q1,2018Q1,2018Q1,same_quarter_last_week_features_to_same_quarter_last_week_fsfp,10,0,0.47058823529411764,0.49913419848462176,0.49913419848462176,0.5294117647058824,17,17,17,112,1
002846,201813,2018-03-26,13,2018Q1,1,2018Q1,201813,2018Q1,2,1,2015Q1-2017Q4,2018Q1,2018Q1,2018Q1,same_quarter_last_week_features_to_same_quarter_last_week_fsfp,10,0,0.47058823529411764,0.49913419848462176,0.49913419848462176,0.5294117647058824,17,17,17,116,1
600998,201813,2018-03-26,13,2018Q1,1,2018Q1,201813,2018Q1,2,1,2015Q1-2017Q4,2018Q1,2018Q1,2018Q1,same_quarter_last_week_features_to_same_quarter_last_week_fsfp,10,1,0.5294117647058824,0.49913419848462176,0.49913419848462176,0.5294117647058824,17,17,17,212,1
601222,201813,2018-03-26,13,2018Q1,1,2018Q1,201813,2018Q1,2,1,2015Q1-2017Q4,2018Q1,2018Q1,2018Q1,same_quarter_last_week_features_to_same_quarter_last_week_fsfp,10,1,0.5294117647058824,0.49913419848462176,0.49913419848462176,0.5294117647058824,17,17,17,226,1
601601,201813,2018-03-26,13,2018Q1,1,2018Q1,201813,2018Q1,2,1,2015Q1-2017Q4,2018Q1,2018Q1,2018Q1,same_quarter_last_week_features_to_same_quarter_last_week_fsfp,10,1,0.5294117647058824,0.49913419848462176,0.49913419848462176,0.5294117647058824,17,17,17,229,1
603886,201813,2018-03-26,13,2018Q1,1,2018Q1,201813,2018Q1,2,1,2015Q1-2017Q4,2018Q1,2018Q1,2018Q1,same_quarter_last_week_features_to_same_quarter_last_week_fsfp,10,1,0.5294117647058824,0.49913419848462176,0.49913419848462176,0.5294117647058824,17,17,17,272,1
000506,201809,2018-02-26,9,2018Q1,1,2018Q1,201809,2018Q1,2,1,2015Q1-2017Q4,2018Q1,2018Q1,2018Q1,same_quarter_last_week_features_to_same_quarter_last_week_fsfp,10,1,1.4705882352941178,0.4991341984846218,0.4991341984846218,0.5294117647058824,17,17,17,9,2
000761,201813,2018-03-26,13,2018Q1,1,2018Q1,201813,2018Q1,2,1,2015Q1-2017Q4,2018Q1,2018Q1,2018Q1,same_quarter_last_week_features_to_same_quarter_last_week_fsfp,10,0,0.47058823529411764,0.4991341984846218,0.4991341984846218,0.5294117647058824,17,17,17,25,1
002589,201813,2018-03-26,13,2018Q1,1,2018Q1,201813,2018Q1,2,1,2015Q1-2017Q4,2018Q1,2018Q1,2018Q1,same_quarter_last_week_features_to_same_quarter_last_week_fsfp,10,0,0.47058823529411764,0.4991341984846218,0.4991341984846218,0.5294117647058824,17,17,17,93,1
002677,201813,2018-03-26,13,2018Q1,1,2018Q1,201813,2018Q1,2,1,2015Q1-2017Q4,2018Q1,2018Q1,2018Q1,same_quarter_last_week_features_to_same_quarter_last_week_fsfp,10,0,0.47058823529411764,0.4991341984846218,0.4991341984846218,0.5294117647058824,17,17,17,101,1
300133,201813,2018-03-26,13,2018Q1,1,2018Q1,201813,2018Q1,2,1,2015Q1-2017Q4,2018Q1,2018Q1,2018Q1,same_quarter_last_week_features_to_same_quarter_last_week_fsfp,10,1,1.4705882352941178,0.4991341984846218,0.4991341984846218,0.5294117647058824,17,17,17,127,1
600109,201813,2018-03-26,13,2018Q1,1,2018Q1,201813,2018Q1,2,1,2015Q1-2017Q4,2018Q1,2018Q1,2018Q1,same_quarter_last_week_features_to_same_quarter_last_week_fsfp,10,0,0.47058823529411764,0.4991341984846218,0.4991341984846218,0.5294117647058824,17,17,17,171,1
600196,201813,2018-03-26,13,2018Q1,1,2018Q1,201813,2018Q1,2,1,2015Q1-2017Q4,2018Q1,2018Q1,2018Q1,same_quarter_last_week_features_to_same_quarter_last_week_fsfp,10,0,0.47058823529411764,0.4991341984846218,0.4991341984846218,0.5294117647058824,17,17,17,173,1
600295,201813,2018-03-26,13,2018Q1,1,2018Q1,201813,2018Q1,2,1,2015Q1-2017Q4,2018Q1,2018Q1,2018Q1,same_quarter_last_week_features_to_same_quarter_last_week_fsfp,10,0,0.47058823529411764,0.4991341984846218,0.4991341984846218,0.5294117647058824,17,17,17,174,1
600397,201813,2018-03-26,13,2018Q1,1,2018Q1,201813,2018Q1,2,1,2015Q1-2017Q4,2018Q1,2018Q1,2018Q1,same_quarter_last_week_features_to_same_quarter_last_week_fsfp,10,0,0.47058823529411764,0.4991341984846218,0.4991341984846218,0.5294117647058824,17,17,17,181,1
600398,201813,2018-03-26,13,2018Q1,1,2018Q1,201813,2018Q1,2,1,2015Q1-2017Q4,2018Q1,2018Q1,2018Q1,same_quarter_last_week_features_to_same_quarter_last_week_fsfp,10,0,0.47058823529411764,0.4991341984846218,0.4991341984846218,0.5294117647058824,17,17,17,182,1
600598,201813,2018-03-26,13,2018Q1,1,2018Q1,201813,2018Q1,2,1,2015Q1-2017Q4,2018Q1,2018Q1,2018Q1,same_quarter_last_week_features_to_same_quarter_last_week_fsfp,10,0,0.47058823529411764,0.4991341984846218,0.4991341984846218,0.5294117647058824,17,17,17,188,1
600977,201813,2018-03-26,13,2018Q1,1,2018Q1,201813,2018Q1,2,1,2015Q1-2017Q4,2018Q1,2018Q1,2018Q1,same_quarter_last_week_features_to_same_quarter_last_week_fsfp,10,0,0.47058823529411764,0.4991341984846218,0.4991341984846218,0.5294117647058824,17,17,17,210,1
600985,201813,2018-03-26,13,2018Q1,1,2018Q1,201813,2018Q1,2,1,2015Q1-2017Q4,2018Q1,2018Q1,2018Q1,same_quarter_last_week_features_to_same_quarter_last_week_fsfp,10,0,0.47058823529411764,0.4991341984846218,0.4991341984846218,0.5294117647058824,17,17,17,211,1
601198,201813,2018-03-26,13,2018Q1,1,2018Q1,201813,2018Q1,2,1,2015Q1-2017Q4,2018Q1,2018Q1,2018Q1,same_quarter_last_week_features_to_same_quarter_last_week_fsfp,10,0,0.47058823529411764,0.4991341984846218,0.4991341984846218,0.5294117647058824,17,17,17,223,1
601318,201813,2018-03-26,13,2018Q1,1,2018Q1,201813,2018Q1,2,1,2015Q1-2017Q4,2018Q1,2018Q1,2018Q1,same_quarter_last_week_features_to_same_quarter_last_week_fsfp,10,0,0.47058823529411764,0.4991341984846218,0.4991341984846218,0.5294117647058824,17,17,17,228,1
601633,201813,2018-03-26,13,2018Q1,1,2018Q1,201813,2018Q1,2,1,2015Q1-2017Q4,2018Q1,2018Q1,2018Q1,same_quarter_last_week_features_to_same_quarter_last_week_fsfp,10,0,0.47058823529411764,0.4991341984846218,0.4991341984846218,0.5294117647058824,17,17,17,231,1
601788,201813,2018-03-26,13,2018Q1,1,2018Q1,201813,2018Q1,2,1,2015Q1-2017Q4,2018Q1,2018Q1,2018Q1,same_quarter_last_week_features_to_same_quarter_last_week_fsfp,10,0,0.47058823529411764,0.4991341984846218,0.4991341984846218,0.5294117647058824,17,17,17,234,1
601877,201813,2018-03-26,13,2018Q1,1,2018Q1,201813,2018Q1,2,1,2015Q1-2017Q4,2018Q1,2018Q1,2018Q1,same_quarter_last_week_features_to_same_quarter_last_week_fsfp,10,0,0.47058823529411764,0.4991341984846218,0.4991341984846218,0.5294117647058824,17,17,17,237,1
000983,201813,2018-03-26,13,2018Q1,1,2018Q1,201813,2018Q1,2,1,2015Q1-2017Q4,2018Q1,2018Q1,2018Q1,same_quarter_last_week_features_to_same_quarter_last_week_fsfp,10,1,0.8235294117647058,0.5128116404165498,0.5128116404165498,0.7058823529411765,17,17,17,38,1
002264,201813,2018-03-26,13,2018Q1,1,2018Q1,201813,2018Q1,2,1,2015Q1-2017Q4,2018Q1,2018Q1,2018Q1,same_quarter_last_week_features_to_same_quarter_last_week_fsfp,10,1,1.1764705882352942,0.5128116404165499,0.5128116404165499,0.7058823529411765,17,17,17,65,1
002713,201813,2018-03-26,13,2018Q1,1,2018Q1,201813,2018Q1,2,1,2015Q1-2017Q4,2018Q1,2018Q1,2018Q1,same_quarter_last_week_features_to_same_quarter_last_week_fsfp,10,2,1.8235294117647058,0.5128116404165499,0.5128116404165499,0.8823529411764706,17,17,17,105,0
000078,201813,2018-03-26,13,2018Q1,1,2018Q1,201813,2018Q1,2,1,2015Q1-2017Q4,2018Q1,2018Q1,2018Q1,same_quarter_last_week_features_to_same_quarter_last_week_fsfp,10,1,0.9411764705882353,0.5391265523477459,0.5391265523477459,0.7058823529411765,17,17,17,5,2
000819,201813,2018-03-26,13,2018Q1,1,2018Q1,201813,2018Q1,2,1,2015Q1-2017Q4,2018Q1,2018Q1,2018Q1,same_quarter_last_week_features_to_same_quarter_last_week_fsfp,10,1,1.0588235294117647,0.5391265523477459,0.5391265523477459,0.7058823529411765,17,17,17,29,2
601088,201813,2018-03-26,13,2018Q1,1,2018Q1,201813,2018Q1,2,1,2015Q1-2017Q4,2018Q1,2018Q1,2018Q1,same_quarter_last_week_features_to_same_quarter_last_week_fsfp,10,1,0.9411764705882353,0.5391265523477459,0.5391265523477459,0.7058823529411765,17,17,17,216,1
002566,201813,2018-03-26,13,2018Q1,1,2018Q1,201813,2018Q1,2,1,2015Q1-2017Q4,2018Q1,2018Q1,2018Q1,same_quarter_last_week_features_to_same_quarter_last_week_fsfp,10,1,0.7647058823529411,0.5455069703232767,0.5455069703232767,0.6470588235294118,17,17,17,90,2
300268,201813,2018-03-26,13,2018Q1,1,2018Q1,201813,2018Q1,2,1,2015Q1-2017Q4,2018Q1,2018Q1,2018Q1,same_quarter_last_week_features_to_same_quarter_last_week_fsfp,10,0,0.23529411764705882,0.5455069703232767,0.5455069703232767,0.8235294117647058,17,17,17,145,0
000935,201813,2018-03-26,13,2018Q1,1,2018Q1,201813,2018Q1,2,1,2015Q1-2017Q4,2018Q1,2018Q1,2018Q1,same_quarter_last_week_features_to_same_quarter_last_week_fsfp,10,0,0.29411764705882354,0.5703152773430975,0.5703152773430975,0.7647058823529411,17,17,17,35,2
002016,201813,2018-03-26,13,2018Q1,1,2018Q1,201813,2018Q1,2,1,2015Q1-2017Q4,2018Q1,2018Q1,2018Q1,same_quarter_last_week_features_to_same_quarter_last_week_fsfp,10,1,0.7058823529411765,0.5703152773430975,0.5703152773430975,0.5882352941176471,17,17,17,41,1
002081,201813,2018-03-26,13,2018Q1,1,2018Q1,201813,2018Q1,2,1,2015Q1-2017Q4,2018Q1,2018Q1,2018Q1,same_quarter_last_week_features_to_same_quarter_last_week_fsfp,10,2,1.7058823529411764,0.5703152773430975,0.5703152773430975,0.7647058823529411,17,17,17,48,1
002275,201813,2018-03-26,13,2018Q1,1,2018Q1,201813,2018Q1,2,1,2015Q1-2017Q4,2018Q1,2018Q1,2018Q1,same_quarter_last_week_features_to_same_quarter_last_week_fsfp,10,1,0.7058823529411765,0.5703152773430975,0.5703152773430975,0.5882352941176471,17,17,17,67,2
000839,201813,2018-03-26,13,2018Q1,1,2018Q1,201813,2018Q1,2,1,2015Q1-2017Q4,2018Q1,2018Q1,2018Q1,same_quarter_last_week_features_to_same_quarter_last_week_fsfp,10,1,1.2941176470588236,0.5703152773430976,0.5703152773430976,0.5882352941176471,17,17,17,32,2
300322,201813,2018-03-26,13,2018Q1,1,2018Q1,201813,2018Q1,2,1,2015Q1-2017Q4,2018Q1,2018Q1,2018Q1,same_quarter_last_week_features_to_same_quarter_last_week_fsfp,10,2,1.7058823529411764,0.5703152773430976,0.5703152773430976,0.7647058823529411,17,17,17,150,1
300407,201813,2018-03-26,13,2018Q1,1,2018Q1,201813,2018Q1,2,1,2015Q1-2017Q4,2018Q1,2018Q1,2018Q1,same_quarter_last_week_features_to_same_quarter_last_week_fsfp,10,1,1.2941176470588236,0.5703152773430976,0.5703152773430976,0.5882352941176471,17,17,17,155,1
002659,201813,2018-03-26,13,2018Q1,1,2018Q1,201813,2018Q1,2,1,2015Q1-2017Q4,2018Q1,2018Q1,2018Q1,same_quarter_last_week_features_to_same_quarter_last_week_fsfp,10,1,0.8823529411764706,0.5823232315653921,0.5823232315653921,0.6470588235294118,17,17,17,98,0
000428,201813,2018-03-26,13,2018Q1,1,2018Q1,201813,2018Q1,2,1,2015Q1-2017Q4,2018Q1,2018Q1,2018Q1,same_quarter_last_week_features_to_same_quarter_last_week_fsfp,10,1,1.3529411764705883,0.5882352941176471,0.5882352941176471,0.5294117647058824,17,17,17,8,1
002188,201813,2018-03-26,13,2018Q1,1,2018Q1,201813,2018Q1,2,1,2015Q1-2017Q4,2018Q1,2018Q1,2018Q1,same_quarter_last_week_features_to_same_quarter_last_week_fsfp,10,1,0.6470588235294118,0.5882352941176471,0.5882352941176471,0.5294117647058824,17,17,17,54,0
002533,201813,2018-03-26,13,2018Q1,1,2018Q1,201813,2018Q1,2,1,2015Q1-2017Q4,2018Q1,2018Q1,2018Q1,same_quarter_last_week_features_to_same_quarter_last_week_fsfp,10,2,1.6470588235294117,0.5882352941176471,0.5882352941176471,0.7058823529411765,17,17,17,89,2
300010,201813,2018-03-26,13,2018Q1,1,2018Q1,201813,2018Q1,2,1,2015Q1-2017Q4,2018Q1,2018Q1,2018Q1,same_quarter_last_week_features_to_same_quarter_last_week_fsfp,10,0,0.4117647058823529,0.5998846486579745,0.5998846486579745,0.6470588235294118,17,17,17,117,0
300181,201813,2018-03-26,13,2018Q1,1,2018Q1,201813,2018Q1,2,1,2015Q1-2017Q4,2018Q1,2018Q1,2018Q1,same_quarter_last_week_features_to_same_quarter_last_week_fsfp,10,1,1.411764705882353,0.5998846486579748,0.5998846486579748,0.47058823529411764,17,17,17,135,1
002476,201813,2018-03-26,13,2018Q1,1,2018Q1,201813,2018Q1,2,1,2015Q1-2017Q4,2018Q1,2018Q1,2018Q1,same_quarter_last_week_features_to_same_quarter_last_week_fsfp,10,0,0.47058823529411764,0.6056253024109999,0.6056253024109999,0.5882352941176471,17,17,17,87,2
300191,201813,2018-03-26,13,2018Q1,1,2018Q1,201813,2018Q1,2,1,2015Q1-2017Q4,2018Q1,2018Q1,2018Q1,same_quarter_last_week_features_to_same_quarter_last_week_fsfp,10,1,1.4705882352941178,0.6056253024109999,0.6056253024109999,0.5294117647058824,17,17,17,136,1
000963,201813,2018-03-26,13,2018Q1,1,2018Q1,201813,2018Q1,2,1,2015Q1-2017Q4,2018Q1,2018Q1,2018Q1,same_quarter_last_week_features_to_same_quarter_last_week_fsfp,10,0,0.47058823529411764,0.605625302411,0.605625302411,0.5882352941176471,17,17,17,37,0
002229,201813,2018-03-26,13,2018Q1,1,2018Q1,201813,2018Q1,2,1,2015Q1-2017Q4,2018Q1,2018Q1,2018Q1,same_quarter_last_week_features_to_same_quarter_last_week_fsfp,10,1,0.7647058823529411,0.6443794794178425,0.6443794794178425,0.5294117647058824,17,17,17,57,1
300141,201813,2018-03-26,13,2018Q1,1,2018Q1,201813,2018Q1,2,1,2015Q1-2017Q4,2018Q1,2018Q1,2018Q1,same_quarter_last_week_features_to_same_quarter_last_week_fsfp,10,1,0.7647058823529411,0.6443794794178425,0.6443794794178425,0.5294117647058824,17,17,17,128,1
002044,201813,2018-03-26,13,2018Q1,1,2018Q1,201813,2018Q1,2,1,2015Q1-2017Q4,2018Q1,2018Q1,2018Q1,same_quarter_last_week_features_to_same_quarter_last_week_fsfp,10,1,0.8823529411764706,0.6758308995927094,0.6758308995927094,0.5294117647058824,17,17,17,47,1
000820,201813,2018-03-26,13,2018Q1,1,2018Q1,201813,2018Q1,2,1,2015Q1-2017Q4,2018Q1,2018Q1,2018Q1,same_quarter_last_week_features_to_same_quarter_last_week_fsfp,10,1,0.6470588235294118,0.6809315825170721,0.6809315825170721,0.47058823529411764,17,17,17,30,0
300318,201813,2018-03-26,13,2018Q1,1,2018Q1,201813,2018Q1,2,1,2015Q1-2017Q4,2018Q1,2018Q1,2018Q1,same_quarter_last_week_features_to_same_quarter_last_week_fsfp,10,1,1.3529411764705883,0.6809315825170721,0.6809315825170721,0.47058823529411764,17,17,17,149,0
002755,201813,2018-03-26,13,2018Q1,1,2018Q1,201813,2018Q1,2,1,2015Q1-2017Q4,2018Q1,2018Q1,2018Q1,same_quarter_last_week_features_to_same_quarter_last_week_fsfp,10,0,0.4117647058823529,0.6910200073218076,0.6910200073218076,0.7058823529411765,17,17,17,107,1
002021,201813,2018-03-26,13,2018Q1,1,2018Q1,201813,2018Q1,2,1,2015Q1-2017Q4,2018Q1,2018Q1,2018Q1,same_quarter_last_week_features_to_same_quarter_last_week_fsfp,10,1,1.411764705882353,0.6910200073218077,0.6910200073218077,0.5294117647058824,17,17,17,42,2
002416,201813,2018-03-26,13,2018Q1,1,2018Q1,201813,2018Q1,2,1,2015Q1-2017Q4,2018Q1,2018Q1,2018Q1,same_quarter_last_week_features_to_same_quarter_last_week_fsfp,10,1,0.5294117647058824,0.6960093862470136,0.6960093862470136,0.5882352941176471,17,17,17,81,0
300278,201813,2018-03-26,13,2018Q1,1,2018Q1,201813,2018Q1,2,1,2015Q1-2017Q4,2018Q1,2018Q1,2018Q1,same_quarter_last_week_features_to_same_quarter_last_week_fsfp,10,1,1.4705882352941178,0.6960093862470136,0.6960093862470136,0.5882352941176471,17,17,17,146,0
300493,201813,2018-03-26,13,2018Q1,1,2018Q1,201813,2018Q1,2,1,2015Q1-2017Q4,2018Q1,2018Q1,2018Q1,same_quarter_last_week_features_to_same_quarter_last_week_fsfp,10,1,0.9411764705882353,0.7252251768198796,0.7252251768198796,0.47058823529411764,17,17,17,161,2
300267,201813,2018-03-26,13,2018Q1,1,2018Q1,201813,2018Q1,2,1,2015Q1-2017Q4,2018Q1,2018Q1,2018Q1,same_quarter_last_week_features_to_same_quarter_last_week_fsfp,10,1,1.0588235294117647,0.7252251768198797,0.7252251768198797,0.47058823529411764,17,17,17,144,2
300313,201813,2018-03-26,13,2018Q1,1,2018Q1,201813,2018Q1,2,1,2015Q1-2017Q4,2018Q1,2018Q1,2018Q1,same_quarter_last_week_features_to_same_quarter_last_week_fsfp,10,1,0.7647058823529411,0.7299808027053445,0.7299808027053445,0.4117647058823529,17,17,17,148,0
300532,201813,2018-03-26,13,2018Q1,1,2018Q1,201813,2018Q1,2,1,2015Q1-2017Q4,2018Q1,2018Q1,2018Q1,same_quarter_last_week_features_to_same_quarter_last_week_fsfp,10,1,0.6470588235294118,0.7624400821656306,0.7624400821656306,0.5294117647058824,17,17,17,164,0
002248,201813,2018-03-26,13,2018Q1,1,2018Q1,201813,2018Q1,2,1,2015Q1-2017Q4,2018Q1,2018Q1,2018Q1,same_quarter_last_week_features_to_same_quarter_last_week_fsfp,10,1,1.0,0.7669649888473704,0.7669649888473704,0.4117647058823529,17,17,17,63,1
002420,201813,2018-03-26,13,2018Q1,1,2018Q1,201813,2018Q1,2,1,2015Q1-2017Q4,2018Q1,2018Q1,2018Q1,same_quarter_last_week_features_to_same_quarter_last_week_fsfp,10,0,0.4117647058823529,0.7714633558002353,0.7714633558002353,0.7647058823529411,17,17,17,82,0
002826,201813,2018-03-26,13,2018Q1,1,2018Q1,201813,2018Q1,2,1,2015Q1-2017Q4,2018Q1,2018Q1,2018Q1,same_quarter_last_week_features_to_same_quarter_last_week_fsfp,10,0,0.4117647058823529,0.7714633558002354,0.7714633558002354,0.7647058823529411,17,17,17,114,1
000055,201813,2018-03-26,13,2018Q1,1,2018Q1,201813,2018Q1,2,1,2015Q1-2017Q4,2018Q1,2018Q1,2018Q1,same_quarter_last_week_features_to_same_quarter_last_week_fsfp,10,1,1.4705882352941178,0.7759356446042893,0.7759356446042893,0.6470588235294118,17,17,17,3,1
300085,201813,2018-03-26,13,2018Q1,1,2018Q1,201813,2018Q1,2,1,2015Q1-2017Q4,2018Q1,2018Q1,2018Q1,same_quarter_last_week_features_to_same_quarter_last_week_fsfp,10,2,1.5294117647058822,0.7759356446042893,0.7759356446042893,0.7058823529411765,17,17,17,125,1
300164,201813,2018-03-26,13,2018Q1,1,2018Q1,201813,2018Q1,2,1,2015Q1-2017Q4,2018Q1,2018Q1,2018Q1,same_quarter_last_week_features_to_same_quarter_last_week_fsfp,10,1,1.4705882352941178,0.7759356446042893,0.7759356446042893,0.6470588235294118,17,17,17,132,1
002760,201813,2018-03-26,13,2018Q1,1,2018Q1,201813,2018Q1,2,1,2015Q1-2017Q4,2018Q1,2018Q1,2018Q1,same_quarter_last_week_features_to_same_quarter_last_week_fsfp,10,1,1.1764705882352942,0.7848037684780196,0.7848037684780196,0.4117647058823529,17,17,17,108,2
002261,201813,2018-03-26,13,2018Q1,1,2018Q1,201813,2018Q1,2,1,2015Q1-2017Q4,2018Q1,2018Q1,2018Q1,same_quarter_last_week_features_to_same_quarter_last_week_fsfp,10,1,0.7647058823529411,0.8065476000471817,0.8065476000471817,0.47058823529411764,17,17,17,64,0
002269,201813,2018-03-26,13,2018Q1,1,2018Q1,201813,2018Q1,2,1,2015Q1-2017Q4,2018Q1,2018Q1,2018Q1,same_quarter_last_week_features_to_same_quarter_last_week_fsfp,10,1,1.0,0.8401680504168059,0.8401680504168059,0.35294117647058826,17,17,17,66,1
002327,201813,2018-03-26,13,2018Q1,1,2018Q1,201813,2018Q1,2,1,2015Q1-2017Q4,2018Q1,2018Q1,2018Q1,same_quarter_last_week_features_to_same_quarter_last_week_fsfp,10,0,0.47058823529411764,0.8483650059915268,0.8483650059915268,0.7647058823529411,17,17,17,73,0
300584,201813,2018-03-26,13,2018Q1,1,2018Q1,201813,2018Q1,2,1,2015Q1-2017Q4,2018Q1,2018Q1,2018Q1,same_quarter_last_week_features_to_same_quarter_last_week_fsfp,10,1,0.9411764705882353,0.8724939396583133,0.8724939396583133,0.4117647058823529,17,17,17,165,2
300163,201813,2018-03-26,13,2018Q1,1,2018Q1,201813,2018Q1,2,1,2015Q1-2017Q4,2018Q1,2018Q1,2018Q1,same_quarter_last_week_features_to_same_quarter_last_week_fsfp,10,1,0.7058823529411765,0.8921029934178296,0.8921029934178296,0.5882352941176471,17,17,17,131,2
300359,201813,2018-03-26,13,2018Q1,1,2018Q1,201813,2018Q1,2,1,2015Q1-2017Q4,2018Q1,2018Q1,2018Q1,same_quarter_last_week_features_to_same_quarter_last_week_fsfp,10,1,1.3529411764705883,0.903664205631601,0.903664205631601,0.6470588235294118,17,17,17,152,2
300439,201813,2018-03-26,13,2018Q1,1,2018Q1,201813,2018Q1,2,1,2015Q1-2017Q4,2018Q1,2018Q1,2018Q1,same_quarter_last_week_features_to_same_quarter_last_week_fsfp,10,1,1.0,0.9074852129730301,0.9074852129730301,0.4117647058823529,17,17,17,158,2
